INFO: Using device cuda
INFO: DataParallel(
  (module): IPN_V2(
    (input3d): InConv3d(
      (in_conv): Sequential(
        (0): Conv3d(2, 64, kernel_size=(3, 3, 3), stride=(1, 1, 1), padding=(1, 1, 1))
        (1): ReLU(inplace=True)
      )
    )
    (PLM1): PLM(
      (plm): Sequential(
        (0): MaxPool3d(kernel_size=[8, 1, 1], stride=[8, 1, 1], padding=0, dilation=1, ceil_mode=False)
        (1): Conv3d(64, 64, kernel_size=(3, 3, 3), stride=(1, 1, 1), padding=(1, 1, 1))
        (2): ReLU(inplace=True)
        (3): Conv3d(64, 64, kernel_size=(3, 3, 3), stride=(1, 1, 1), padding=(1, 1, 1))
        (4): ReLU(inplace=True)
      )
    )
    (PLM2): PLM(
      (plm): Sequential(
        (0): MaxPool3d(kernel_size=[5, 1, 1], stride=[5, 1, 1], padding=0, dilation=1, ceil_mode=False)
        (1): Conv3d(64, 64, kernel_size=(3, 3, 3), stride=(1, 1, 1), padding=(1, 1, 1))
        (2): ReLU(inplace=True)
        (3): Conv3d(64, 64, kernel_size=(3, 3, 3), stride=(1, 1, 1), padding=(1, 1, 1))
        (4): ReLU(inplace=True)
      )
    )
    (PLM3): PLM(
      (plm): Sequential(
        (0): MaxPool3d(kernel_size=[4, 1, 1], stride=[4, 1, 1], padding=0, dilation=1, ceil_mode=False)
        (1): Conv3d(64, 64, kernel_size=(3, 3, 3), stride=(1, 1, 1), padding=(1, 1, 1))
        (2): ReLU(inplace=True)
        (3): Conv3d(64, 64, kernel_size=(3, 3, 3), stride=(1, 1, 1), padding=(1, 1, 1))
        (4): ReLU(inplace=True)
      )
    )
    (input2d): skip(
      (double2dconv): DoubleConv(
        (double_conv): Sequential(
          (0): Conv2d(128, 64, kernel_size=(3, 3), stride=(1, 1), padding=(1, 1))
          (1): ReLU(inplace=True)
          (2): Conv2d(64, 64, kernel_size=(3, 3), stride=(1, 1), padding=(1, 1))
          (3): ReLU(inplace=True)
        )
      )
      (skip_conv): Conv3d(64, 64, kernel_size=(160, 1, 1), stride=(160, 1, 1))
    )
    (pp): UNet_3Plus(
      (conv1): DoubleConv(
        (double_conv): Sequential(
          (0): Conv2d(64, 64, kernel_size=(3, 3), stride=(1, 1), padding=(1, 1))
          (1): ReLU(inplace=True)
          (2): Conv2d(64, 64, kernel_size=(3, 3), stride=(1, 1), padding=(1, 1))
          (3): ReLU(inplace=True)
        )
      )
      (maxpool1): MaxPool2d(kernel_size=2, stride=2, padding=0, dilation=1, ceil_mode=False)
      (conv2): DoubleConv(
        (double_conv): Sequential(
          (0): Conv2d(64, 64, kernel_size=(3, 3), stride=(1, 1), padding=(1, 1))
          (1): ReLU(inplace=True)
          (2): Conv2d(64, 64, kernel_size=(3, 3), stride=(1, 1), padding=(1, 1))
          (3): ReLU(inplace=True)
        )
      )
      (maxpool2): MaxPool2d(kernel_size=2, stride=2, padding=0, dilation=1, ceil_mode=False)
      (conv3): DoubleConv(
        (double_conv): Sequential(
          (0): Conv2d(64, 64, kernel_size=(3, 3), stride=(1, 1), padding=(1, 1))
          (1): ReLU(inplace=True)
          (2): Conv2d(64, 64, kernel_size=(3, 3), stride=(1, 1), padding=(1, 1))
          (3): ReLU(inplace=True)
        )
      )
      (h1_PT_hd3): MaxPool2d(kernel_size=4, stride=4, padding=0, dilation=1, ceil_mode=True)
      (h1_PT_hd3_conv): Conv2d(64, 64, kernel_size=(3, 3), stride=(1, 1), padding=(1, 1))
      (h1_PT_hd3_relu): ReLU(inplace=True)
      (h2_PT_hd3): MaxPool2d(kernel_size=2, stride=2, padding=0, dilation=1, ceil_mode=True)
      (h2_PT_hd3_conv): Conv2d(64, 64, kernel_size=(3, 3), stride=(1, 1), padding=(1, 1))
      (h2_PT_hd3_relu): ReLU(inplace=True)
      (h3_Cat_hd3_conv): Conv2d(64, 64, kernel_size=(3, 3), stride=(1, 1), padding=(1, 1))
      (h3_Cat_hd3_relu): ReLU(inplace=True)
      (conv3d_1): Conv2d(192, 192, kernel_size=(3, 3), stride=(1, 1), padding=(1, 1))
      (relu3d_1): ReLU(inplace=True)
      (h1_PT_hd2): MaxPool2d(kernel_size=2, stride=2, padding=0, dilation=1, ceil_mode=True)
      (h1_PT_hd2_conv): Conv2d(64, 64, kernel_size=(3, 3), stride=(1, 1), padding=(1, 1))
      (h1_PT_hd2_relu): ReLU(inplace=True)
      (h2_Cat_hd2_conv): Conv2d(64, 64, kernel_size=(3, 3), stride=(1, 1), padding=(1, 1))
      (h2_Cat_hd2_relu): ReLU(inplace=True)
      (hd3_UT_hd2): Upsample(scale_factor=2.0, mode=bilinear)
      (hd3_UT_hd2_conv): Conv2d(192, 64, kernel_size=(3, 3), stride=(1, 1), padding=(1, 1))
      (hd3_UT_hd2_relu): ReLU(inplace=True)
      (conv2d_1): Conv2d(192, 192, kernel_size=(3, 3), stride=(1, 1), padding=(1, 1))
      (relu2d_1): ReLU(inplace=True)
      (h1_Cat_hd1_conv): Conv2d(64, 64, kernel_size=(3, 3), stride=(1, 1), padding=(1, 1))
      (h1_Cat_hd1_relu): ReLU(inplace=True)
      (hd2_UT_hd1): Upsample(scale_factor=2.0, mode=bilinear)
      (hd2_UT_hd1_conv): Conv2d(192, 64, kernel_size=(3, 3), stride=(1, 1), padding=(1, 1))
      (hd2_UT_hd1_relu): ReLU(inplace=True)
      (hd3_UT_hd1): Upsample(scale_factor=4.0, mode=bilinear)
      (hd3_UT_hd1_conv): Conv2d(192, 64, kernel_size=(3, 3), stride=(1, 1), padding=(1, 1))
      (hd3_UT_hd1_relu): ReLU(inplace=True)
      (conv1d_1): Conv2d(192, 64, kernel_size=(3, 3), stride=(1, 1), padding=(1, 1))
      (relu1d_1): ReLU(inplace=True)
      (outconv1): Conv2d(64, 2, kernel_size=(3, 3), stride=(1, 1), padding=(1, 1))
    )
  )
)
/home/yh3529/.conda/envs/torch-1.11/lib/python3.9/site-packages/torch/nn/functional.py:780: UserWarning: Note that order of the arguments: ceil_mode and return_indices will changeto match the args list in nn.MaxPool2d in a future release.
  warnings.warn("Note that order of the arguments: ceil_mode and return_indices will change"
INFO: 0 0.6979973912239075
INFO: Checkpoint 0 saved !
INFO: I: 13234, U: 158487
INFO: I: 19576, U: 158580
INFO: I: 14937, U: 158549
INFO: I: 11071, U: 158485
INFO: I: 10202, U: 158502
INFO: I: 14111, U: 158578
INFO: I: 9591, U: 158470
INFO: I: 14058, U: 158509
INFO: I: 14440, U: 158547
INFO: I: 14688, U: 158579
INFO: I: 14972, U: 158526
INFO: I: 14888, U: 158538
INFO: I: 14828, U: 158513
INFO: I: 13590, U: 158491
INFO: I: 15921, U: 158568
INFO: I: 16450, U: 158550
INFO: I: 15146, U: 158534
INFO: I: 14183, U: 158501
INFO: I: 12641, U: 158512
INFO: I: 15886, U: 158510
INFO: Step:0, Valid_Dice:0.16434956418618155
INFO: 10 0.6418129205703735
INFO: 20 0.5076481699943542
INFO: 30 0.3418227434158325
INFO: 40 0.31471607089042664
INFO: 50 0.32412973046302795
INFO: 60 0.3402651250362396
INFO: 70 0.27333226799964905
INFO: 80 0.3926194906234741
INFO: 90 0.38980454206466675
INFO: 100 0.3187435269355774
INFO: 110 0.1891385316848755
INFO: 120 0.27255526185035706
INFO: 130 0.21945229172706604
INFO: 140 0.33135056495666504
INFO: 150 0.3712715804576874
INFO: 160 0.2650519609451294
INFO: 170 0.3588854968547821
INFO: 180 0.21680541336536407
INFO: 190 0.3227018415927887
INFO: 200 0.307820200920105
INFO: 210 0.20736709237098694
INFO: 220 0.35703542828559875
INFO: 230 0.3298885226249695
INFO: 240 0.29013046622276306
INFO: 250 0.31485506892204285
INFO: 260 0.29998070001602173
INFO: 270 0.19572333991527557
INFO: 280 0.30816230177879333
INFO: 290 0.2999803125858307
INFO: 300 0.24043720960617065
INFO: 310 0.2632419466972351
INFO: 320 0.3007121682167053
INFO: 330 0.21817883849143982
INFO: 340 0.2541307508945465
INFO: 350 0.2646857500076294
INFO: 360 0.17458847165107727
INFO: 370 0.20712082087993622
INFO: 380 0.15296156704425812
INFO: 390 0.15267610549926758
INFO: 400 0.10293468087911606
INFO: 410 0.14912192523479462
INFO: 420 0.15768207609653473
INFO: 430 0.11827192455530167
INFO: 440 0.11541590839624405
INFO: 450 0.1268058866262436
INFO: 460 0.09066933393478394
INFO: 470 0.10716679692268372
INFO: 480 0.09514755755662918
INFO: 490 0.06643621623516083
INFO: 500 0.12405581027269363
INFO: Checkpoint 500 saved !
INFO: I: 8934, U: 15805
INFO: I: 10903, U: 20947
INFO: I: 10047, U: 17304
INFO: I: 5118, U: 12061
INFO: I: 6652, U: 11565
INFO: I: 8846, U: 15850
INFO: I: 4495, U: 10080
INFO: I: 10342, U: 15700
INFO: I: 10450, U: 17215
INFO: I: 9242, U: 16094
INFO: I: 10441, U: 17389
INFO: I: 9501, U: 16095
INFO: I: 8119, U: 15829
INFO: I: 9856, U: 15646
INFO: I: 12582, U: 18297
INFO: I: 11653, U: 18443
INFO: I: 11721, U: 17464
INFO: I: 8099, U: 14979
INFO: I: 10024, U: 15040
INFO: I: 10532, U: 17765
INFO: Step:500, Valid_Dice:0.7331308512133268
INFO: 510 0.10594041645526886
INFO: 520 0.08990773558616638
INFO: 530 0.08976692706346512
INFO: 540 0.08407992124557495
INFO: 550 0.06144716963171959
INFO: 560 0.08541537821292877
INFO: 570 0.12406735867261887
INFO: 580 0.07177486270666122
INFO: 590 0.11908586323261261
INFO: 600 0.10352598875761032
INFO: 610 0.0908268615603447
INFO: 620 0.09078222513198853
INFO: 630 0.1007499247789383
INFO: 640 0.09044861048460007
INFO: 650 0.09562837332487106
INFO: 660 0.12707872688770294
INFO: 670 0.08708155900239944
INFO: 680 0.0800929069519043
INFO: 690 0.07813221961259842
INFO: 700 0.0845782682299614
INFO: 710 0.08847582340240479
INFO: 720 0.06648144125938416
INFO: 730 0.06232200935482979
INFO: 740 0.1100568100810051
INFO: 750 0.08848445117473602
INFO: 760 0.08603938668966293
INFO: 770 0.07010139524936676
INFO: 780 0.1119936853647232
INFO: 790 0.07743233442306519
INFO: 800 0.07892843335866928
INFO: 810 0.05738767236471176
INFO: 820 0.08454453945159912
INFO: 830 0.070949487388134
INFO: 840 0.07854949682950974
INFO: 850 0.09911924600601196
INFO: 860 0.05123263597488403
INFO: 870 0.05876537039875984
INFO: 880 0.09283461421728134
INFO: 890 0.09654426574707031
INFO: 900 0.08881687372922897
INFO: 910 0.08296630531549454
INFO: 920 0.09128785878419876
INFO: 930 0.05505410209298134
INFO: 940 0.0691768154501915
INFO: 950 0.08807012438774109
INFO: 960 0.07639863342046738
INFO: 970 0.08434990048408508
INFO: 980 0.06606826186180115
INFO: 990 0.08933311700820923
INFO: 1000 0.1168772429227829
INFO: Checkpoint 1000 saved !
INFO: I: 10871, U: 16289
INFO: I: 15386, U: 21528
INFO: I: 12133, U: 17427
INFO: I: 8651, U: 13016
INFO: I: 8327, U: 11889
INFO: I: 11771, U: 16393
INFO: I: 7225, U: 10609
INFO: I: 12408, U: 16158
INFO: I: 12356, U: 17365
INFO: I: 12143, U: 16749
INFO: I: 12482, U: 17319
INFO: I: 12278, U: 16559
INFO: I: 11533, U: 16401
INFO: I: 11518, U: 15917
INFO: I: 13807, U: 18084
INFO: I: 14006, U: 18807
INFO: I: 13385, U: 17423
INFO: I: 10266, U: 15214
INFO: I: 10903, U: 14789
INFO: I: 13347, U: 17905
INFO: Step:1000, Valid_Dice:0.8358062708860414
INFO: 1010 0.0563388429582119
INFO: 1020 0.0578334666788578
INFO: 1030 0.05866668000817299
INFO: 1040 0.08057445287704468
INFO: 1050 0.06915157288312912
INFO: 1060 0.060181163251399994
INFO: 1070 0.08673480153083801
INFO: 1080 0.06273405998945236
INFO: 1090 0.07232015579938889
INFO: 1100 0.038650646805763245
INFO: 1110 0.08878160268068314
INFO: 1120 0.049126818776130676
INFO: 1130 0.04678604379296303
INFO: 1140 0.1150127425789833
INFO: 1150 0.07401294261217117
INFO: 1160 0.05698109790682793
INFO: 1170 0.06474795937538147
INFO: 1180 0.0633917972445488
INFO: 1190 0.05013078451156616
INFO: 1200 0.06299713253974915
INFO: 1210 0.0636158362030983
INFO: 1220 0.050839316099882126
INFO: 1230 0.07139906287193298
INFO: 1240 0.05680372193455696
INFO: 1250 0.06794463843107224
INFO: 1260 0.08132382482290268
INFO: 1270 0.04665061831474304
INFO: 1280 0.06312587857246399
INFO: 1290 0.0781862661242485
INFO: 1300 0.08045855909585953
INFO: 1310 0.09339780360460281
INFO: 1320 0.12192147225141525
INFO: 1330 0.05438230559229851
INFO: 1340 0.0669858455657959
INFO: 1350 0.10301259905099869
INFO: 1360 0.09402163326740265
INFO: 1370 0.10012244433164597
INFO: 1380 0.0664689689874649
INFO: 1390 0.07856250554323196
INFO: 1400 0.07935182005167007
INFO: 1410 0.10842553526163101
INFO: 1420 0.04592404142022133
INFO: 1430 0.05503927543759346
INFO: 1440 0.06854832917451859
INFO: 1450 0.0786895677447319
INFO: 1460 0.10116548836231232
INFO: 1470 0.053313981741666794
INFO: 1480 0.060346540063619614
INFO: 1490 0.05749819427728653
INFO: 1500 0.0600629523396492
INFO: Checkpoint 1500 saved !
INFO: I: 11541, U: 16432
INFO: I: 16126, U: 21943
INFO: I: 13092, U: 18284
INFO: I: 8827, U: 12665
INFO: I: 8961, U: 12364
INFO: I: 12395, U: 16838
INFO: I: 7367, U: 10537
INFO: I: 13076, U: 16965
INFO: I: 13249, U: 18208
INFO: I: 12944, U: 17148
INFO: I: 13377, U: 18033
INFO: I: 13199, U: 16974
INFO: I: 12432, U: 16840
INFO: I: 12343, U: 16539
INFO: I: 14479, U: 18502
INFO: I: 14800, U: 19217
INFO: I: 13982, U: 18301
INFO: I: 11353, U: 15487
INFO: I: 11153, U: 14642
INFO: I: 14391, U: 18908
INFO: Step:1500, Valid_Dice:0.8516557431414494
INFO: 1510 0.04082655534148216
INFO: 1520 0.09254294633865356
INFO: 1530 0.05967160686850548
INFO: 1540 0.0632844939827919
INFO: 1550 0.07699631154537201
INFO: 1560 0.06250931322574615
INFO: 1570 0.0634840726852417
INFO: 1580 0.072350412607193
INFO: 1590 0.0630413219332695
INFO: 1600 0.05705616623163223
INFO: 1610 0.08307495713233948
INFO: 1620 0.07116100192070007
INFO: 1630 0.052699487656354904
INFO: 1640 0.06764177232980728
INFO: 1650 0.06353404372930527
INFO: 1660 0.06590458750724792
INFO: 1670 0.051579009741544724
INFO: 1680 0.11073213070631027
INFO: 1690 0.056484565138816833
INFO: 1700 0.048510197550058365
INFO: 1710 0.05811458081007004
INFO: 1720 0.06024590879678726
INFO: 1730 0.06803195178508759
INFO: 1740 0.0725662037730217
INFO: 1750 0.0649276003241539
INFO: 1760 0.07945055514574051
INFO: 1770 0.08278300613164902
INFO: 1780 0.06001752242445946
INFO: 1790 0.07135842740535736
INFO: 1800 0.04626945033669472
INFO: 1810 0.053087640553712845
INFO: 1820 0.05603605881333351
INFO: 1830 0.047462888062000275
INFO: 1840 0.0586610846221447
INFO: 1850 0.06804726272821426
INFO: 1860 0.06273078918457031
INFO: 1870 0.0641017034649849
INFO: 1880 0.06253807246685028
INFO: 1890 0.07033436000347137
INFO: 1900 0.1158222183585167
INFO: 1910 0.05675584822893143
INFO: 1920 0.05907994508743286
INFO: 1930 0.040996916592121124
INFO: 1940 0.08165138959884644
INFO: 1950 0.08867143839597702
INFO: 1960 0.04920033738017082
INFO: 1970 0.08739429712295532
INFO: 1980 0.05363481491804123
INFO: 1990 0.09484269469976425
INFO: 2000 0.05472561717033386
INFO: Checkpoint 2000 saved !
INFO: I: 11694, U: 16905
INFO: I: 16754, U: 22502
INFO: I: 13155, U: 18262
INFO: I: 9643, U: 13619
INFO: I: 9131, U: 12707
INFO: I: 12638, U: 17030
INFO: I: 8111, U: 11320
INFO: I: 13126, U: 16914
INFO: I: 13366, U: 18026
INFO: I: 13279, U: 17451
INFO: I: 13560, U: 18136
INFO: I: 13488, U: 17316
INFO: I: 12869, U: 17124
INFO: I: 12452, U: 16773
INFO: I: 14720, U: 18948
INFO: I: 14978, U: 19245
INFO: I: 14058, U: 18291
INFO: I: 11739, U: 15684
INFO: I: 11549, U: 15391
INFO: I: 14570, U: 18750
INFO: Step:2000, Valid_Dice:0.8549623852102574
INFO: 2010 0.05757100135087967
INFO: 2020 0.047314807772636414
INFO: 2030 0.06117108836770058
INFO: 2040 0.08504606038331985
INFO: 2050 0.0344928540289402
INFO: 2060 0.05806174501776695
INFO: 2070 0.06404618918895721
INFO: 2080 0.06505750864744186
INFO: 2090 0.07186026871204376
INFO: 2100 0.07727115601301193
INFO: 2110 0.07220038026571274
INFO: 2120 0.06659134477376938
INFO: 2130 0.05723719298839569
INFO: 2140 0.06769225746393204
INFO: 2150 0.05213955044746399
INFO: 2160 0.0577404648065567
INFO: 2170 0.06737031042575836
INFO: 2180 0.07555603981018066
INFO: 2190 0.09171637147665024
INFO: 2200 0.062162574380636215
INFO: 2210 0.05369838327169418
INFO: 2220 0.06231759116053581
INFO: 2230 0.06831185519695282
INFO: 2240 0.05514289438724518
INFO: 2250 0.09104444831609726
INFO: 2260 0.0454237125813961
INFO: 2270 0.05917918682098389
INFO: 2280 0.051411066204309464
INFO: 2290 0.05954238772392273
INFO: 2300 0.08429472893476486
INFO: 2310 0.07876651734113693
INFO: 2320 0.08236543834209442
INFO: 2330 0.05349523946642876
INFO: 2340 0.060176603496074677
INFO: 2350 0.06537100672721863
INFO: 2360 0.07072923332452774
INFO: 2370 0.0664275586605072
INFO: 2380 0.05603129789233208
INFO: 2390 0.06599517166614532
INFO: 2400 0.0640820786356926
INFO: 2410 0.06549470126628876
INFO: 2420 0.04606778174638748
INFO: 2430 0.06456242501735687
INFO: 2440 0.06213195621967316
INFO: 2450 0.06917408108711243
INFO: 2460 0.06514902412891388
INFO: 2470 0.05104110762476921
INFO: 2480 0.06100874021649361
INFO: 2490 0.05689205974340439
INFO: 2500 0.05704284831881523
INFO: Checkpoint 2500 saved !
INFO: I: 10697, U: 15036
INFO: I: 15762, U: 20742
INFO: I: 12416, U: 16797
INFO: I: 8350, U: 12054
INFO: I: 8414, U: 11284
INFO: I: 11591, U: 15470
INFO: I: 7071, U: 10205
INFO: I: 12415, U: 15426
INFO: I: 12475, U: 16096
INFO: I: 12212, U: 15877
INFO: I: 12671, U: 16382
INFO: I: 12410, U: 15853
INFO: I: 11685, U: 15762
INFO: I: 11730, U: 15120
INFO: I: 13888, U: 17427
INFO: I: 13845, U: 17596
INFO: I: 13293, U: 16494
INFO: I: 10762, U: 14896
INFO: I: 10680, U: 13924
INFO: I: 13629, U: 17258
INFO: Step:2500, Valid_Dice:0.862652755811322
INFO: 2510 0.0423678457736969
INFO: 2520 0.07177430391311646
INFO: 2530 0.08057397603988647
INFO: 2540 0.08093567937612534
INFO: 2550 0.043210193514823914
INFO: 2560 0.06947808712720871
INFO: 2570 0.0638861209154129
INFO: 2580 0.04893168807029724
INFO: 2590 0.060080427676439285
INFO: 2600 0.05757475644350052
INFO: 2610 0.06847631186246872
INFO: 2620 0.06086524575948715
INFO: 2630 0.0499269925057888
INFO: 2640 0.05040401592850685
INFO: 2650 0.04910974204540253
INFO: 2660 0.07575129717588425
INFO: 2670 0.033078666776418686
INFO: 2680 0.045224402099847794
INFO: 2690 0.07830191403627396
INFO: 2700 0.04598446562886238
INFO: 2710 0.0684964656829834
INFO: 2720 0.05180574953556061
INFO: 2730 0.053933411836624146
INFO: 2740 0.08501606434583664
INFO: 2750 0.042425330728292465
INFO: 2760 0.044826094061136246
INFO: 2770 0.10790004581212997
INFO: 2780 0.05344608053565025
INFO: 2790 0.03164241835474968
INFO: 2800 0.0612156055867672
INFO: 2810 0.045670874416828156
INFO: 2820 0.050513677299022675
INFO: 2830 0.06174743175506592
INFO: 2840 0.06588821113109589
INFO: 2850 0.06642058491706848
INFO: 2860 0.058578331023454666
INFO: 2870 0.05063793808221817
INFO: 2880 0.04660652577877045
INFO: 2890 0.057022564113140106
INFO: 2900 0.04651593789458275
INFO: 2910 0.058171484619379044
INFO: 2920 0.057777661830186844
INFO: 2930 0.0579192154109478
INFO: 2940 0.05250653252005577
INFO: 2950 0.04709779843688011
INFO: 2960 0.05181480199098587
INFO: 2970 0.04365727677941322
INFO: 2980 0.058840882033109665
INFO: 2990 0.06256867945194244
INFO: 3000 0.04151414707303047
INFO: Checkpoint 3000 saved !
INFO: I: 11387, U: 15797
INFO: I: 17088, U: 21531
INFO: I: 13038, U: 17779
INFO: I: 9395, U: 12767
INFO: I: 8888, U: 11787
INFO: I: 12447, U: 16234
INFO: I: 7967, U: 10791
INFO: I: 12988, U: 16195
INFO: I: 13069, U: 16842
INFO: I: 13060, U: 16550
INFO: I: 13341, U: 17306
INFO: I: 13243, U: 16551
INFO: I: 12720, U: 16499
INFO: I: 12256, U: 15922
INFO: I: 14523, U: 18173
INFO: I: 14811, U: 18465
INFO: I: 13795, U: 17325
INFO: I: 11698, U: 15462
INFO: I: 11206, U: 14400
INFO: I: 14434, U: 18263
INFO: Step:3000, Valid_Dice:0.8712440334590715
INFO: 3010 0.048152901232242584
INFO: 3020 0.07533552497625351
INFO: 3030 0.047184064984321594
INFO: 3040 0.04282478988170624
INFO: 3050 0.03573530167341232
INFO: 3060 0.059822406619787216
INFO: 3070 0.06376206874847412
INFO: 3080 0.06673748046159744
INFO: 3090 0.06752312928438187
INFO: 3100 0.055120158940553665
INFO: 3110 0.0569070428609848
INFO: 3120 0.062498584389686584
INFO: 3130 0.09661103785037994
INFO: 3140 0.04655717313289642
INFO: 3150 0.05469028279185295
INFO: 3160 0.05577026307582855
INFO: 3170 0.05462680011987686
INFO: 3180 0.06146668270230293
INFO: 3190 0.0478338748216629
INFO: 3200 0.04644569754600525
INFO: 3210 0.048915691673755646
INFO: 3220 0.051841188222169876
INFO: 3230 0.05599839985370636
INFO: 3240 0.06432037055492401
INFO: 3250 0.0686718299984932
INFO: 3260 0.05109434202313423
INFO: 3270 0.057352375239133835
INFO: 3280 0.08772195130586624
INFO: 3290 0.061271775513887405
INFO: 3300 0.05190057307481766
INFO: 3310 0.06603192538022995
INFO: 3320 0.03759835287928581
INFO: 3330 0.052718665450811386
INFO: 3340 0.05967634171247482
INFO: 3350 0.04798942804336548
INFO: 3360 0.029422949999570847
INFO: 3370 0.05297103151679039
INFO: 3380 0.05410197004675865
INFO: 3390 0.04790419712662697
INFO: 3400 0.05592196807265282
INFO: 3410 0.03644763305783272
INFO: 3420 0.04464732110500336
INFO: 3430 0.05579496920108795
INFO: 3440 0.06786598265171051
INFO: 3450 0.047365348786115646
INFO: 3460 0.05722394585609436
INFO: 3470 0.044036950916051865
INFO: 3480 0.04497666284441948
INFO: 3490 0.05759518966078758
INFO: 3500 0.0528021976351738
INFO: Checkpoint 3500 saved !
INFO: I: 11517, U: 16312
INFO: I: 17361, U: 21852
INFO: I: 13206, U: 17871
INFO: I: 9505, U: 13068
INFO: I: 9054, U: 12186
INFO: I: 12579, U: 16511
INFO: I: 8005, U: 10939
INFO: I: 13151, U: 16474
INFO: I: 13219, U: 17220
INFO: I: 13273, U: 16922
INFO: I: 13529, U: 17620
INFO: I: 13440, U: 16753
INFO: I: 12890, U: 16718
INFO: I: 12416, U: 16160
INFO: I: 14751, U: 18373
INFO: I: 14983, U: 18555
INFO: I: 13945, U: 17560
INFO: I: 11757, U: 15455
INFO: I: 11571, U: 15122
INFO: I: 14463, U: 18232
INFO: Step:3500, Valid_Dice:0.869353991764795
INFO: 3510 0.090257927775383
INFO: 3520 0.041974425315856934
INFO: 3530 0.035921260714530945
INFO: 3540 0.04274329915642738
INFO: 3550 0.05561436712741852
INFO: 3560 0.04520082846283913
INFO: 3570 0.04379431903362274
INFO: 3580 0.055625103414058685
INFO: 3590 0.06148745119571686
INFO: 3600 0.07377524673938751
INFO: 3610 0.03845865651965141
INFO: 3620 0.05550174415111542
INFO: 3630 0.03874095901846886
INFO: 3640 0.08402976393699646
INFO: 3650 0.054773878306150436
INFO: 3660 0.03772375360131264
INFO: 3670 0.03568814694881439
INFO: 3680 0.0789656862616539
INFO: 3690 0.07044485956430435
INFO: 3700 0.0771038681268692
INFO: 3710 0.09375717490911484
INFO: 3720 0.051920536905527115
INFO: 3730 0.05904927849769592
INFO: 3740 0.048117730766534805
INFO: 3750 0.07650022208690643
INFO: 3760 0.042373549193143845
INFO: 3770 0.04408394917845726
INFO: 3780 0.053411975502967834
INFO: 3790 0.05101313814520836
INFO: 3800 0.07748228311538696
INFO: 3810 0.04807954281568527
INFO: 3820 0.04886540398001671
INFO: 3830 0.04279724135994911
INFO: 3840 0.045815158635377884
INFO: 3850 0.06815066188573837
INFO: 3860 0.05425385758280754
INFO: 3870 0.05955985561013222
INFO: 3880 0.05483056604862213
INFO: 3890 0.04265490546822548
INFO: 3900 0.04799867421388626
INFO: 3910 0.03775589168071747
INFO: 3920 0.09410535544157028
INFO: 3930 0.045341912657022476
INFO: 3940 0.06970656663179398
INFO: 3950 0.04505740478634834
INFO: 3960 0.05593278631567955
INFO: 3970 0.07664772868156433
INFO: 3980 0.06292515248060226
INFO: 3990 0.04303402453660965
INFO: 4000 0.09358176589012146
INFO: Checkpoint 4000 saved !
INFO: I: 10989, U: 15234
INFO: I: 16931, U: 20985
INFO: I: 12574, U: 16752
INFO: I: 9216, U: 12532
INFO: I: 8731, U: 11472
INFO: I: 12141, U: 15630
INFO: I: 7691, U: 10610
INFO: I: 12787, U: 15546
INFO: I: 12773, U: 16148
INFO: I: 12658, U: 15992
INFO: I: 12803, U: 16260
INFO: I: 12708, U: 15871
INFO: I: 12509, U: 16019
INFO: I: 11788, U: 15018
INFO: I: 13622, U: 17000
INFO: I: 14159, U: 17478
INFO: I: 13405, U: 16474
INFO: I: 10931, U: 14813
INFO: I: 10882, U: 13908
INFO: I: 13943, U: 17197
INFO: Step:4000, Valid_Dice:0.8758279715938018
INFO: 4010 0.052557285875082016
INFO: 4020 0.06441517919301987
INFO: 4030 0.08695074170827866
INFO: 4040 0.0411079116165638
INFO: 4050 0.0675620436668396
INFO: 4060 0.030442627146840096
INFO: 4070 0.07693235576152802
INFO: 4080 0.05754296854138374
INFO: 4090 0.04871707782149315
INFO: 4100 0.05652519688010216
INFO: 4110 0.05778314173221588
INFO: 4120 0.05522911250591278
INFO: 4130 0.05623563379049301
INFO: 4140 0.07038192451000214
INFO: 4150 0.06780345737934113
INFO: 4160 0.04527983069419861
INFO: 4170 0.06205512210726738
INFO: 4180 0.05124698579311371
INFO: 4190 0.07141612470149994
INFO: 4200 0.04739288613200188
INFO: 4210 0.07274604588747025
INFO: 4220 0.04698748514056206
INFO: 4230 0.0688411071896553
INFO: 4240 0.08375763893127441
INFO: 4250 0.05089779570698738
INFO: 4260 0.03912346065044403
INFO: 4270 0.04615240916609764
INFO: 4280 0.05679011344909668
INFO: 4290 0.0659651979804039
INFO: 4300 0.07690710574388504
INFO: 4310 0.09384963661432266
INFO: 4320 0.03964149206876755
INFO: 4330 0.04391169548034668
INFO: 4340 0.057557422667741776
INFO: 4350 0.06148605793714523
INFO: 4360 0.0502435564994812
INFO: 4370 0.04373406991362572
INFO: 4380 0.05159200355410576
INFO: 4390 0.06851498037576675
INFO: 4400 0.04595485329627991
INFO: 4410 0.04841112717986107
INFO: 4420 0.0953245609998703
INFO: 4430 0.046480778604745865
INFO: 4440 0.04832444339990616
INFO: 4450 0.08431291580200195
INFO: 4460 0.0794120579957962
INFO: 4470 0.06588716059923172
INFO: 4480 0.0424245223402977
INFO: 4490 0.06622843444347382
INFO: 4500 0.04025297239422798
INFO: Checkpoint 4500 saved !
INFO: I: 11434, U: 15814
INFO: I: 17103, U: 21218
INFO: I: 13053, U: 17432
INFO: I: 9470, U: 12578
INFO: I: 8882, U: 11644
INFO: I: 12379, U: 15961
INFO: I: 7679, U: 10626
INFO: I: 12980, U: 16040
INFO: I: 13174, U: 16720
INFO: I: 12867, U: 16251
INFO: I: 13379, U: 16959
INFO: I: 13130, U: 16260
INFO: I: 12793, U: 16284
INFO: I: 12291, U: 15876
INFO: I: 14422, U: 17731
INFO: I: 14741, U: 17978
INFO: I: 13824, U: 17071
INFO: I: 11649, U: 15248
INFO: I: 11154, U: 14303
INFO: I: 14461, U: 17870
INFO: Step:4500, Valid_Dice:0.8771650721956824
INFO: 4510 0.04974418506026268
INFO: 4520 0.06027865782380104
INFO: 4530 0.08356131613254547
INFO: 4540 0.05362795293331146
INFO: 4550 0.04855329170823097
INFO: 4560 0.04181583970785141
INFO: 4570 0.08878837525844574
INFO: 4580 0.035190925002098083
INFO: 4590 0.06176726520061493
INFO: 4600 0.04342630133032799
INFO: 4610 0.052093248814344406
INFO: 4620 0.06159861385822296
INFO: 4630 0.03326805308461189
INFO: 4640 0.04419311508536339
INFO: 4650 0.07801438122987747
INFO: 4660 0.0453706830739975
INFO: 4670 0.04659101366996765
INFO: 4680 0.041768383234739304
INFO: 4690 0.07317683100700378
INFO: 4700 0.05378604680299759
INFO: 4710 0.046405237168073654
INFO: 4720 0.052299804985523224
INFO: 4730 0.07246944308280945
INFO: 4740 0.05751422792673111
INFO: 4750 0.044044092297554016
INFO: 4760 0.07286232709884644
INFO: 4770 0.05679827183485031
INFO: 4780 0.038824547082185745
INFO: 4790 0.03118176944553852
INFO: 4800 0.06836503744125366
INFO: 4810 0.05502189323306084
INFO: 4820 0.06377950310707092
INFO: 4830 0.044611651450395584
INFO: 4840 0.0452386811375618
INFO: 4850 0.03951247036457062
INFO: 4860 0.04237789660692215
INFO: 4870 0.06695766001939774
INFO: 4880 0.0670902207493782
INFO: 4890 0.049858372658491135
INFO: 4900 0.04630191624164581
INFO: 4910 0.07643318176269531
INFO: 4920 0.05219510942697525
INFO: 4930 0.05126958712935448
INFO: 4940 0.03647449240088463
INFO: 4950 0.07239217311143875
INFO: 4960 0.07493321597576141
INFO: 4970 0.05167930945754051
INFO: 4980 0.04274744540452957
INFO: 4990 0.06321591138839722
INFO: 5000 0.07802420854568481
INFO: Checkpoint 5000 saved !
INFO: I: 11396, U: 15456
INFO: I: 16673, U: 21407
INFO: I: 12976, U: 17277
INFO: I: 9550, U: 12664
INFO: I: 8950, U: 11810
INFO: I: 12377, U: 15947
INFO: I: 7758, U: 10724
INFO: I: 13076, U: 16107
INFO: I: 13091, U: 16629
INFO: I: 13011, U: 16313
INFO: I: 13284, U: 16892
INFO: I: 13199, U: 16339
INFO: I: 12846, U: 16326
INFO: I: 12234, U: 15646
INFO: I: 14265, U: 17529
INFO: I: 14702, U: 17935
INFO: I: 13793, U: 16981
INFO: I: 11445, U: 15143
INFO: I: 11354, U: 14447
INFO: I: 14360, U: 17607
INFO: Step:5000, Valid_Dice:0.8774470858732414
INFO: 5010 0.05806945636868477
INFO: 5020 0.03780573233962059
INFO: 5030 0.051871489733457565
INFO: 5040 0.06808192282915115
INFO: 5050 0.04231315478682518
INFO: 5060 0.0495220385491848
INFO: 5070 0.04079775884747505
INFO: 5080 0.08731351047754288
INFO: 5090 0.043666865676641464
INFO: 5100 0.05884576588869095
INFO: 5110 0.043093569576740265
INFO: 5120 0.057841960340738297
INFO: 5130 0.06315478682518005
INFO: 5140 0.03588259220123291
INFO: 5150 0.05515681579709053
INFO: 5160 0.06581642478704453
INFO: 5170 0.05304894968867302
INFO: 5180 0.04251076281070709
INFO: 5190 0.027241308242082596
INFO: 5200 0.0761658176779747
INFO: 5210 0.06411822140216827
INFO: 5220 0.043469324707984924
INFO: 5230 0.0743427649140358
INFO: 5240 0.04761688411235809
INFO: 5250 0.0576058030128479
INFO: 5260 0.1020546704530716
INFO: 5270 0.06595982611179352
INFO: 5280 0.06526707857847214
INFO: 5290 0.058091215789318085
INFO: 5300 0.05077926814556122
INFO: 5310 0.08294044435024261
INFO: 5320 0.06906946748495102
INFO: 5330 0.046590711921453476
INFO: 5340 0.044343654066324234
INFO: 5350 0.04191659018397331
INFO: 5360 0.05542664974927902
INFO: 5370 0.04888623207807541
INFO: 5380 0.05636618658900261
INFO: 5390 0.03743819519877434
INFO: 5400 0.05914658308029175
INFO: 5410 0.071234792470932
INFO: 5420 0.05027396231889725
INFO: 5430 0.0605338029563427
INFO: 5440 0.06767407059669495
INFO: 5450 0.04624709114432335
INFO: 5460 0.04281814023852348
INFO: 5470 0.06864184141159058
INFO: 5480 0.06627419590950012
INFO: 5490 0.0669768676161766
INFO: 5500 0.0510910302400589
INFO: Checkpoint 5500 saved !
INFO: I: 11021, U: 15497
INFO: I: 17338, U: 21060
INFO: I: 12678, U: 16925
INFO: I: 9493, U: 12594
INFO: I: 8676, U: 11446
INFO: I: 12155, U: 15579
INFO: I: 7736, U: 10553
INFO: I: 12773, U: 15548
INFO: I: 12862, U: 16225
INFO: I: 12744, U: 16067
INFO: I: 13000, U: 16441
INFO: I: 12887, U: 16010
INFO: I: 12668, U: 16037
INFO: I: 11911, U: 15178
INFO: I: 13953, U: 17279
INFO: I: 14333, U: 17610
INFO: I: 13421, U: 16462
INFO: I: 11195, U: 15025
INFO: I: 11253, U: 14315
INFO: I: 14040, U: 17329
INFO: Step:5500, Valid_Dice:0.8780940309186516
INFO: 5510 0.038736965507268906
INFO: 5520 0.049851756542921066
INFO: 5530 0.04359417408704758
INFO: 5540 0.04644966498017311
INFO: 5550 0.06870652735233307
INFO: 5560 0.04928062856197357
INFO: 5570 0.05368669331073761
INFO: 5580 0.08076193928718567
INFO: 5590 0.04153600335121155
INFO: 5600 0.06245101988315582
INFO: 5610 0.046540647745132446
INFO: 5620 0.03217576444149017
INFO: 5630 0.054576221853494644
INFO: 5640 0.04177899286150932
INFO: 5650 0.052003681659698486
INFO: 5660 0.06032584235072136
INFO: 5670 0.03998349606990814
INFO: 5680 0.08050258457660675
INFO: 5690 0.050749778747558594
INFO: 5700 0.04688798263669014
INFO: 5710 0.053251270204782486
INFO: 5720 0.06297826021909714
INFO: 5730 0.06042249873280525
INFO: 5740 0.04054798558354378
INFO: 5750 0.0472709946334362
INFO: 5760 0.046328477561473846
INFO: 5770 0.03305785357952118
INFO: 5780 0.04396537318825722
INFO: 5790 0.0526813343167305
INFO: 5800 0.04176764935255051
INFO: 5810 0.05285895988345146
INFO: 5820 0.052549250423908234
INFO: 5830 0.050378333777189255
INFO: 5840 0.0559726320207119
INFO: 5850 0.056428294628858566
INFO: 5860 0.09347943961620331
INFO: 5870 0.04105152189731598
INFO: 5880 0.08073204010725021
INFO: 5890 0.051131825894117355
INFO: 5900 0.04904141277074814
INFO: 5910 0.0523524172604084
INFO: 5920 0.04188016429543495
INFO: 5930 0.04242410510778427
INFO: 5940 0.05224905535578728
INFO: 5950 0.06127440184354782
INFO: 5960 0.043777935206890106
INFO: 5970 0.03504576534032822
INFO: 5980 0.05409202724695206
INFO: 5990 0.05056384950876236
INFO: 6000 0.038248155266046524
INFO: Checkpoint 6000 saved !
INFO: I: 11585, U: 15874
INFO: I: 15884, U: 21534
INFO: I: 13082, U: 17389
INFO: I: 9902, U: 13138
INFO: I: 9003, U: 11804
INFO: I: 12320, U: 16118
INFO: I: 8306, U: 11112
INFO: I: 13166, U: 16035
INFO: I: 13138, U: 16621
INFO: I: 13234, U: 16585
INFO: I: 13430, U: 17032
INFO: I: 13295, U: 16328
INFO: I: 12651, U: 16574
INFO: I: 12244, U: 15689
INFO: I: 14332, U: 17536
INFO: I: 14872, U: 18106
INFO: I: 13812, U: 17012
INFO: I: 11665, U: 15224
INFO: I: 11385, U: 14576
INFO: I: 14453, U: 17817
INFO: Step:6000, Valid_Dice:0.8765262544783345
INFO: 6010 0.056162621825933456
INFO: 6020 0.04410622641444206
INFO: 6030 0.07233735173940659
INFO: 6040 0.04899705946445465
INFO: 6050 0.0567687563598156
INFO: 6060 0.049705225974321365
INFO: 6070 0.0677066370844841
INFO: 6080 0.04562993347644806
INFO: 6090 0.044367168098688126
INFO: 6100 0.05731559544801712
INFO: 6110 0.10502788424491882
INFO: 6120 0.0488746277987957
INFO: 6130 0.05299034342169762
INFO: 6140 0.04796309769153595
INFO: 6150 0.04791773110628128
INFO: 6160 0.056212395429611206
INFO: 6170 0.04512232914566994
INFO: 6180 0.0587882325053215
INFO: 6190 0.05885211005806923
INFO: 6200 0.03852079436182976
INFO: 6210 0.07077287137508392
INFO: 6220 0.0524393729865551
INFO: 6230 0.04478190466761589
INFO: 6240 0.056666236370801926
INFO: 6250 0.05539596080780029
INFO: 6260 0.06826905161142349
INFO: 6270 0.0713658332824707
INFO: 6280 0.04944184795022011
INFO: 6290 0.04313689470291138
INFO: 6300 0.04199206456542015
INFO: 6310 0.0440559946000576
INFO: 6320 0.03534352406859398
INFO: 6330 0.07609083503484726
INFO: 6340 0.06106439232826233
INFO: 6350 0.039810363203287125
INFO: 6360 0.03805696591734886
INFO: 6370 0.04071826487779617
INFO: 6380 0.05003894120454788
INFO: 6390 0.056213971227407455
INFO: 6400 0.04812565818428993
INFO: 6410 0.05110785365104675
INFO: 6420 0.04314819350838661
INFO: 6430 0.04236924275755882
INFO: 6440 0.04554495960474014
INFO: 6450 0.06722602248191833
INFO: 6460 0.0709322839975357
INFO: 6470 0.054189831018447876
INFO: 6480 0.050312589854002
INFO: 6490 0.06531805545091629
INFO: 6500 0.06435751914978027
INFO: Checkpoint 6500 saved !
INFO: I: 11365, U: 15737
INFO: I: 17049, U: 21397
INFO: I: 13114, U: 17396
INFO: I: 9857, U: 13071
INFO: I: 8874, U: 11689
INFO: I: 12512, U: 15928
INFO: I: 7790, U: 10651
INFO: I: 13028, U: 15821
INFO: I: 13126, U: 16536
INFO: I: 13178, U: 16462
INFO: I: 13415, U: 16944
INFO: I: 13300, U: 16400
INFO: I: 13015, U: 16441
INFO: I: 12230, U: 15627
INFO: I: 14563, U: 17772
INFO: I: 14872, U: 18041
INFO: I: 13744, U: 16972
INFO: I: 11836, U: 15363
INFO: I: 11354, U: 14434
INFO: I: 14571, U: 17909
INFO: Step:6500, Valid_Dice:0.879948418234278
INFO: 6510 0.061680443584918976
INFO: 6520 0.058402251452207565
INFO: 6530 0.043182361871004105
INFO: 6540 0.06959071010351181
INFO: 6550 0.04743502661585808
INFO: 6560 0.04368846118450165
INFO: 6570 0.03523823991417885
INFO: 6580 0.056309912353754044
INFO: 6590 0.06761986017227173
INFO: 6600 0.07316478341817856
INFO: 6610 0.05003916472196579
INFO: 6620 0.05168723687529564
INFO: 6630 0.0460166335105896
INFO: 6640 0.0722075030207634
INFO: 6650 0.04156024754047394
INFO: 6660 0.04954296350479126
INFO: 6670 0.08196105808019638
INFO: 6680 0.04364919289946556
INFO: 6690 0.04116002470254898
INFO: 6700 0.057660069316625595
INFO: 6710 0.05173245072364807
INFO: 6720 0.04093027487397194
INFO: 6730 0.05325347185134888
INFO: 6740 0.06459668278694153
INFO: 6750 0.044276002794504166
INFO: 6760 0.07058361172676086
INFO: 6770 0.06424451619386673
INFO: 6780 0.048948533833026886
INFO: 6790 0.05752519518136978
INFO: 6800 0.04857684299349785
INFO: 6810 0.037742409855127335
INFO: 6820 0.04840054735541344
INFO: 6830 0.05720432847738266
INFO: 6840 0.0510767325758934
INFO: 6850 0.05390096455812454
INFO: 6860 0.05058874934911728
INFO: 6870 0.05845030024647713
INFO: 6880 0.04454415291547775
INFO: 6890 0.0547245591878891
INFO: 6900 0.05269575119018555
INFO: 6910 0.05003036931157112
INFO: 6920 0.04607566446065903
INFO: 6930 0.05079022794961929
INFO: 6940 0.04957988113164902
INFO: 6950 0.08346707373857498
INFO: 6960 0.07675644755363464
INFO: 6970 0.05620204284787178
INFO: 6980 0.07486078143119812
INFO: 6990 0.055484119802713394
INFO: 7000 0.047980234026908875
INFO: Checkpoint 7000 saved !
INFO: I: 10945, U: 15086
INFO: I: 16724, U: 20888
INFO: I: 12305, U: 16523
INFO: I: 9826, U: 12991
INFO: I: 8591, U: 11303
INFO: I: 11995, U: 15404
INFO: I: 7816, U: 10626
INFO: I: 12534, U: 15229
INFO: I: 12651, U: 15836
INFO: I: 12685, U: 15832
INFO: I: 12815, U: 16066
INFO: I: 12680, U: 15823
INFO: I: 12569, U: 15974
INFO: I: 11566, U: 14770
INFO: I: 13695, U: 17028
INFO: I: 14191, U: 17471
INFO: I: 13287, U: 16290
INFO: I: 10882, U: 14833
INFO: I: 11054, U: 14086
INFO: I: 13969, U: 17097
INFO: Step:7000, Valid_Dice:0.8780250232205737
INFO: 7010 0.043515533208847046
INFO: 7020 0.044652678072452545
INFO: 7030 0.04993812367320061
INFO: 7040 0.032117877155542374
INFO: 7050 0.05892843008041382
INFO: 7060 0.048073071986436844
INFO: 7070 0.04896211996674538
INFO: 7080 0.04968293756246567
INFO: 7090 0.0587967149913311
INFO: 7100 0.06552166491746902
INFO: 7110 0.04972389340400696
INFO: 7120 0.05837210640311241
INFO: 7130 0.03559460863471031
INFO: 7140 0.04904468357563019
INFO: 7150 0.07971850782632828
INFO: 7160 0.05876481905579567
INFO: 7170 0.05134033039212227
INFO: 7180 0.052883416414260864
INFO: 7190 0.043772194534540176
INFO: 7200 0.05531862750649452
INFO: 7210 0.0428294874727726
INFO: 7220 0.06338215619325638
INFO: 7230 0.05512714758515358
INFO: 7240 0.059281229972839355
INFO: 7250 0.06274651736021042
INFO: 7260 0.045483484864234924
INFO: 7270 0.042797669768333435
INFO: 7280 0.05144697427749634
INFO: 7290 0.045466937124729156
INFO: 7300 0.05814608186483383
INFO: 7310 0.0524325929582119
INFO: 7320 0.052080847322940826
INFO: 7330 0.049122001975774765
INFO: 7340 0.04560214653611183
INFO: 7350 0.05377846583724022
INFO: 7360 0.06523924320936203
INFO: 7370 0.06843533366918564
INFO: 7380 0.04986231029033661
INFO: 7390 0.046268854290246964
INFO: 7400 0.040140923112630844
INFO: 7410 0.04267273098230362
INFO: 7420 0.047429539263248444
INFO: 7430 0.05152041092514992
INFO: 7440 0.05096320062875748
INFO: 7450 0.0393238328397274
INFO: 7460 0.03123268485069275
INFO: 7470 0.0376870334148407
INFO: 7480 0.03636399656534195
INFO: 7490 0.07283677905797958
INFO: 7500 0.05722060054540634
INFO: Checkpoint 7500 saved !
INFO: I: 11380, U: 15534
INFO: I: 16644, U: 21407
INFO: I: 12842, U: 17120
INFO: I: 9755, U: 13120
INFO: I: 8949, U: 11792
INFO: I: 12121, U: 15686
INFO: I: 8000, U: 10978
INFO: I: 13083, U: 15867
INFO: I: 12943, U: 16164
INFO: I: 13123, U: 16391
INFO: I: 13157, U: 16568
INFO: I: 13207, U: 16281
INFO: I: 12623, U: 16397
INFO: I: 12012, U: 15434
INFO: I: 14241, U: 17437
INFO: I: 14750, U: 17893
INFO: I: 13593, U: 16730
INFO: I: 11474, U: 15136
INFO: I: 11584, U: 14852
INFO: I: 14238, U: 17427
INFO: Step:7500, Valid_Dice:0.8777273743784775
INFO: 7510 0.06353239715099335
INFO: 7520 0.04971762001514435
INFO: 7530 0.043414559215307236
INFO: 7540 0.03723547235131264
INFO: 7550 0.09286332130432129
INFO: 7560 0.02731420285999775
INFO: 7570 0.06264716386795044
INFO: 7580 0.05921529605984688
INFO: 7590 0.07220876216888428
INFO: 7600 0.04592213034629822
INFO: 7610 0.04350047558546066
INFO: 7620 0.05345035344362259
INFO: 7630 0.05356578528881073
INFO: 7640 0.051550451666116714
INFO: 7650 0.07454002648591995
INFO: 7660 0.04298899695277214
INFO: 7670 0.04040738567709923
INFO: 7680 0.0409366711974144
INFO: 7690 0.0522720143198967
INFO: 7700 0.039510078728199005
INFO: 7710 0.04598839208483696
INFO: 7720 0.033301737159490585
INFO: 7730 0.04028676077723503
INFO: 7740 0.03346431255340576
INFO: 7750 0.049629632383584976
INFO: 7760 0.03458134084939957
INFO: 7770 0.047763749957084656
INFO: 7780 0.056788843125104904
INFO: 7790 0.06854763627052307
INFO: 7800 0.04317197576165199
INFO: 7810 0.05031244084239006
INFO: 7820 0.0727100744843483
INFO: 7830 0.04502944275736809
INFO: 7840 0.06705716252326965
INFO: 7850 0.04162204638123512
INFO: 7860 0.05497913807630539
INFO: 7870 0.04719667509198189
INFO: 7880 0.033474914729595184
INFO: 7890 0.04988301172852516
INFO: 7900 0.03951212018728256
INFO: 7910 0.03812137991189957
INFO: 7920 0.03547042980790138
INFO: 7930 0.07973317801952362
INFO: 7940 0.042242277413606644
INFO: 7950 0.0895826444029808
INFO: 7960 0.06450873613357544
INFO: 7970 0.04661983624100685
INFO: 7980 0.06160952150821686
INFO: 7990 0.03890164941549301
INFO: 8000 0.07147274166345596
INFO: Checkpoint 8000 saved !
INFO: I: 11324, U: 14987
INFO: I: 16731, U: 21284
INFO: I: 13055, U: 17199
INFO: I: 9751, U: 12859
INFO: I: 8845, U: 11589
INFO: I: 12581, U: 16065
INFO: I: 8066, U: 10838
INFO: I: 13094, U: 15835
INFO: I: 13051, U: 16450
INFO: I: 13220, U: 16538
INFO: I: 13428, U: 16896
INFO: I: 13119, U: 16077
INFO: I: 12900, U: 16435
INFO: I: 12132, U: 15370
INFO: I: 14351, U: 17439
INFO: I: 14665, U: 17756
INFO: I: 13713, U: 16774
INFO: I: 11692, U: 15165
INFO: I: 11366, U: 14419
INFO: I: 14437, U: 17713
INFO: Step:8000, Valid_Dice:0.8823076017075497
INFO: 8010 0.04480360820889473
INFO: 8020 0.0663428008556366
INFO: 8030 0.04083864390850067
INFO: 8040 0.05741242691874504
INFO: 8050 0.04820765554904938
INFO: 8060 0.03700193017721176
INFO: 8070 0.04641411826014519
INFO: 8080 0.04489285871386528
INFO: 8090 0.03681894391775131
INFO: 8100 0.05711821839213371
INFO: 8110 0.04955214262008667
INFO: 8120 0.04467315599322319
INFO: 8130 0.05537059158086777
INFO: 8140 0.050475865602493286
INFO: 8150 0.04637017846107483
INFO: 8160 0.06730660051107407
INFO: 8170 0.06164159998297691
INFO: 8180 0.03402112424373627
INFO: 8190 0.050138793885707855
INFO: 8200 0.062091633677482605
INFO: 8210 0.04001983627676964
INFO: 8220 0.07596691697835922
INFO: 8230 0.04954792931675911
INFO: 8240 0.039869725704193115
INFO: 8250 0.056971460580825806
INFO: 8260 0.04940495267510414
INFO: 8270 0.061081744730472565
INFO: 8280 0.04763207957148552
INFO: 8290 0.05539700388908386
INFO: 8300 0.048653434962034225
INFO: 8310 0.04881224408745766
INFO: 8320 0.03547957167029381
INFO: 8330 0.05300391837954521
INFO: 8340 0.04486071318387985
INFO: 8350 0.024307359009981155
INFO: 8360 0.050549279898405075
INFO: 8370 0.04443252086639404
INFO: 8380 0.0464303232729435
INFO: 8390 0.04400869458913803
INFO: 8400 0.04728350788354874
INFO: 8410 0.04283703491091728
INFO: 8420 0.06562253087759018
INFO: 8430 0.05314216390252113
INFO: 8440 0.047094400972127914
INFO: 8450 0.03393366187810898
INFO: 8460 0.0743328183889389
INFO: 8470 0.07112109661102295
INFO: 8480 0.06549221277236938
INFO: 8490 0.029578613117337227
INFO: 8500 0.050873614847660065
INFO: Checkpoint 8500 saved !
INFO: I: 11328, U: 15195
INFO: I: 17135, U: 21084
INFO: I: 12976, U: 17186
INFO: I: 9703, U: 12876
INFO: I: 8813, U: 11609
INFO: I: 12590, U: 16190
INFO: I: 7836, U: 10757
INFO: I: 13019, U: 15862
INFO: I: 13026, U: 16583
INFO: I: 13103, U: 16487
INFO: I: 13337, U: 16779
INFO: I: 12950, U: 15991
INFO: I: 12994, U: 16460
INFO: I: 12083, U: 15398
INFO: I: 14328, U: 17464
INFO: I: 14553, U: 17801
INFO: I: 13762, U: 16950
INFO: I: 11617, U: 15155
INFO: I: 11331, U: 14550
INFO: I: 14402, U: 17766
INFO: Step:8500, Valid_Dice:0.8798561698311514
INFO: 8510 0.03936488926410675
INFO: 8520 0.057724952697753906
INFO: 8530 0.05573486164212227
INFO: 8540 0.045068107545375824
INFO: 8550 0.05105827748775482
INFO: 8560 0.036637548357248306
INFO: 8570 0.0536273792386055
INFO: 8580 0.06064685061573982
INFO: 8590 0.039428699761629105
INFO: 8600 0.04851880669593811
INFO: 8610 0.04074091091752052
INFO: 8620 0.036617353558540344
INFO: 8630 0.04053491726517677
INFO: 8640 0.056612614542245865
INFO: 8650 0.047154493629932404
INFO: 8660 0.05737870931625366
INFO: 8670 0.0345366932451725
INFO: 8680 0.05235352739691734
INFO: 8690 0.05539603903889656
INFO: 8700 0.05618440732359886
INFO: 8710 0.09499621391296387
INFO: 8720 0.0451878122985363
INFO: 8730 0.047525305300951004
INFO: 8740 0.057051386684179306
INFO: 8750 0.044962309300899506
INFO: 8760 0.054350171238183975
INFO: 8770 0.04378878325223923
INFO: 8780 0.025499194860458374
INFO: 8790 0.044116344302892685
INFO: 8800 0.04852776974439621
INFO: 8810 0.0532783567905426
INFO: 8820 0.05436237156391144
INFO: 8830 0.05004674941301346
INFO: 8840 0.03864263743162155
INFO: 8850 0.04663434624671936
INFO: 8860 0.03355091065168381
INFO: 8870 0.05199002847075462
INFO: 8880 0.04903121292591095
INFO: 8890 0.047508347779512405
INFO: 8900 0.05635225772857666
INFO: 8910 0.05580966919660568
INFO: 8920 0.0457889698445797
INFO: 8930 0.05009743571281433
INFO: 8940 0.048743728548288345
INFO: 8950 0.04764414578676224
INFO: 8960 0.04684031382203102
INFO: 8970 0.04607497155666351
INFO: 8980 0.038958288729190826
INFO: 8990 0.04359201714396477
INFO: 9000 0.04247694090008736
INFO: Checkpoint 9000 saved !
INFO: I: 11777, U: 16138
INFO: I: 17455, U: 21844
INFO: I: 13289, U: 17786
INFO: I: 10174, U: 13695
INFO: I: 9172, U: 12319
INFO: I: 12866, U: 16700
INFO: I: 8519, U: 11557
INFO: I: 13370, U: 16553
INFO: I: 13311, U: 17158
INFO: I: 13522, U: 17083
INFO: I: 13631, U: 17388
INFO: I: 13529, U: 16621
INFO: I: 13463, U: 17064
INFO: I: 12375, U: 15960
INFO: I: 14643, U: 17874
INFO: I: 15119, U: 18375
INFO: I: 13978, U: 17466
INFO: I: 11971, U: 15492
INFO: I: 11751, U: 15246
INFO: I: 14664, U: 18158
INFO: Step:9000, Valid_Dice:0.8761833001026356
INFO: 9010 0.040850281715393066
INFO: 9020 0.041060853749513626
INFO: 9030 0.07681773602962494
INFO: 9040 0.04344600811600685
INFO: 9050 0.04263791814446449
INFO: 9060 0.058316197246313095
INFO: 9070 0.04336255416274071
INFO: 9080 0.03251107037067413
INFO: 9090 0.04778004437685013
INFO: 9100 0.062166858464479446
INFO: 9110 0.04671688377857208
INFO: 9120 0.05182044580578804
INFO: 9130 0.03790407255291939
INFO: 9140 0.041118089109659195
INFO: 9150 0.04492688179016113
INFO: 9160 0.03338274359703064
INFO: 9170 0.06046542525291443
INFO: 9180 0.04705851897597313
INFO: 9190 0.04095998406410217
INFO: 9200 0.046480558812618256
INFO: 9210 0.05091160163283348
INFO: 9220 0.05382852256298065
INFO: 9230 0.052146270871162415
INFO: 9240 0.08154259622097015
INFO: 9250 0.038808271288871765
INFO: 9260 0.06979164481163025
INFO: 9270 0.057341065257787704
INFO: 9280 0.04749661684036255
INFO: 9290 0.06388917565345764
INFO: 9300 0.08648356795310974
INFO: 9310 0.048671822994947433
INFO: 9320 0.03725041449069977
INFO: 9330 0.0645224004983902
INFO: 9340 0.05121675878763199
INFO: 9350 0.06694791465997696
INFO: 9360 0.040893182158470154
INFO: 9370 0.05132383853197098
INFO: 9380 0.038587067276239395
INFO: 9390 0.04388425871729851
INFO: 9400 0.04527236521244049
INFO: 9410 0.03429475799202919
INFO: 9420 0.04667598754167557
INFO: 9430 0.05640576034784317
INFO: 9440 0.04737266153097153
INFO: 9450 0.07356617599725723
INFO: 9460 0.06344150751829147
INFO: 9470 0.048503976315259933
INFO: 9480 0.048758093267679214
INFO: 9490 0.04579327255487442
INFO: 9500 0.051357630640268326
INFO: Checkpoint 9500 saved !
INFO: I: 11537, U: 15718
INFO: I: 17497, U: 21602
INFO: I: 13216, U: 17523
INFO: I: 10124, U: 13332
INFO: I: 9054, U: 11936
INFO: I: 12799, U: 16413
INFO: I: 8187, U: 11128
INFO: I: 13221, U: 16033
INFO: I: 13268, U: 16692
INFO: I: 13430, U: 16731
INFO: I: 13552, U: 17134
INFO: I: 13435, U: 16441
INFO: I: 13269, U: 16651
INFO: I: 12346, U: 15828
INFO: I: 14661, U: 17897
INFO: I: 15009, U: 18154
INFO: I: 13973, U: 17227
INFO: I: 11899, U: 15378
INFO: I: 11514, U: 14618
INFO: I: 14708, U: 18072
INFO: Step:9500, Valid_Dice:0.8815072359750455
INFO: 9510 0.05805560201406479
INFO: 9520 0.048757705837488174
INFO: 9530 0.05312686786055565
INFO: 9540 0.031084461137652397
INFO: 9550 0.048725467175245285
INFO: 9560 0.06559272110462189
INFO: 9570 0.06759019941091537
INFO: 9580 0.04962361603975296
INFO: 9590 0.05889957398176193
INFO: 9600 0.04963076487183571
INFO: 9610 0.0572492815554142
INFO: 9620 0.04519238322973251
INFO: 9630 0.04180137813091278
INFO: 9640 0.039412517100572586
INFO: 9650 0.03997443988919258
INFO: 9660 0.052524205297231674
INFO: 9670 0.11878766119480133
INFO: 9680 0.07648608088493347
INFO: 9690 0.05224566534161568
INFO: 9700 0.04088187962770462
INFO: 9710 0.039642445743083954
INFO: 9720 0.060923926532268524
INFO: 9730 0.03555150702595711
INFO: 9740 0.051193591207265854
INFO: 9750 0.03043931908905506
INFO: 9760 0.04994352534413338
INFO: 9770 0.03820614144206047
INFO: 9780 0.0446726456284523
INFO: 9790 0.04220525547862053
INFO: 9800 0.050741322338581085
INFO: 9810 0.06048039719462395
INFO: 9820 0.0399935357272625
INFO: 9830 0.05085834488272667
INFO: 9840 0.03900529444217682
INFO: 9850 0.05121859163045883
INFO: 9860 0.034496940672397614
INFO: 9870 0.0404275581240654
INFO: 9880 0.05781187117099762
INFO: 9890 0.05311528220772743
INFO: 9900 0.04142313078045845
INFO: 9910 0.05036585405468941
INFO: 9920 0.043510228395462036
INFO: 9930 0.03963417932391167
INFO: 9940 0.04592812433838844
INFO: 9950 0.05069691315293312
INFO: 9960 0.03782268613576889
INFO: 9970 0.03955621272325516
INFO: 9980 0.06120907515287399
INFO: 9990 0.055232275277376175
INFO: 10000 0.04635091498494148
INFO: Checkpoint 10000 saved !
INFO: I: 10909, U: 14567
INFO: I: 16074, U: 20552
INFO: I: 12484, U: 16545
INFO: I: 9262, U: 12290
INFO: I: 8682, U: 11299
INFO: I: 11930, U: 15396
INFO: I: 7733, U: 10654
INFO: I: 12746, U: 15344
INFO: I: 12642, U: 15658
INFO: I: 12708, U: 15874
INFO: I: 12742, U: 16020
INFO: I: 12577, U: 15753
INFO: I: 12399, U: 15875
INFO: I: 11788, U: 14958
INFO: I: 13715, U: 16923
INFO: I: 14081, U: 17273
INFO: I: 13274, U: 16247
INFO: I: 10928, U: 14803
INFO: I: 11199, U: 14161
INFO: I: 13764, U: 16870
INFO: Step:10000, Valid_Dice:0.8791854606808205
INFO: 10010 0.06155829504132271
INFO: 10020 0.042837925255298615
INFO: 10030 0.043628059327602386
INFO: 10040 0.06655196845531464
INFO: 10050 0.07900763303041458
INFO: 10060 0.056035492569208145
INFO: 10070 0.04751944541931152
INFO: 10080 0.0391823947429657
INFO: 10090 0.03938007727265358
INFO: 10100 0.04764407500624657
INFO: 10110 0.03839806467294693
INFO: 10120 0.05884930491447449
INFO: 10130 0.056550830602645874
INFO: 10140 0.060013771057128906
INFO: 10150 0.053630281239748
INFO: 10160 0.044829998165369034
INFO: 10170 0.05210847035050392
INFO: 10180 0.04405149444937706
INFO: 10190 0.04528024420142174
INFO: 10200 0.04512137547135353
INFO: 10210 0.055683184415102005
INFO: 10220 0.044138647615909576
INFO: 10230 0.03005298413336277
INFO: 10240 0.057489171624183655
INFO: 10250 0.05177893117070198
INFO: 10260 0.03556910902261734
INFO: 10270 0.057102955877780914
INFO: 10280 0.031841158866882324
INFO: 10290 0.06867820769548416
INFO: 10300 0.03949016332626343
INFO: 10310 0.05989864468574524
INFO: 10320 0.02956286631524563
INFO: 10330 0.04646524786949158
INFO: 10340 0.03293324634432793
INFO: 10350 0.05415661633014679
INFO: 10360 0.057750605046749115
INFO: 10370 0.045897338539361954
INFO: 10380 0.042081233114004135
INFO: 10390 0.04175614193081856
INFO: 10400 0.05040803179144859
INFO: 10410 0.033738963305950165
INFO: 10420 0.048166852444410324
INFO: 10430 0.06257690489292145
INFO: 10440 0.03540873900055885
INFO: 10450 0.04516717046499252
INFO: 10460 0.048833366483449936
INFO: 10470 0.04280394688248634
INFO: 10480 0.04980170726776123
INFO: 10490 0.0453253872692585
INFO: 10500 0.043344154953956604
INFO: Checkpoint 10500 saved !
INFO: I: 11358, U: 15307
INFO: I: 17313, U: 21185
INFO: I: 12918, U: 17092
INFO: I: 9842, U: 12999
INFO: I: 8861, U: 11501
INFO: I: 12567, U: 15935
INFO: I: 8099, U: 10808
INFO: I: 13033, U: 15730
INFO: I: 13119, U: 16233
INFO: I: 13281, U: 16378
INFO: I: 13257, U: 16567
INFO: I: 13112, U: 16054
INFO: I: 12952, U: 16236
INFO: I: 12096, U: 15357
INFO: I: 14399, U: 17381
INFO: I: 14763, U: 17787
INFO: I: 13764, U: 16826
INFO: I: 11478, U: 15034
INFO: I: 11334, U: 14366
INFO: I: 14495, U: 17715
INFO: Step:10500, Valid_Dice:0.8848292426352146
INFO: 10510 0.04625152051448822
INFO: 10520 0.04185916855931282
INFO: 10530 0.07157835364341736
INFO: 10540 0.05322664976119995
INFO: 10550 0.0491342768073082
INFO: 10560 0.05051486939191818
INFO: 10570 0.050752751529216766
INFO: 10580 0.054645929485559464
INFO: 10590 0.039055366069078445
INFO: 10600 0.04354075342416763
INFO: 10610 0.05504618585109711
INFO: 10620 0.034864336252212524
INFO: 10630 0.04288310557603836
INFO: 10640 0.05497923120856285
INFO: 10650 0.05285661667585373
INFO: 10660 0.054981764405965805
INFO: 10670 0.03443613275885582
INFO: 10680 0.06070413812994957
INFO: 10690 0.04986118897795677
INFO: 10700 0.04927705600857735
INFO: 10710 0.034424301236867905
INFO: 10720 0.07136407494544983
INFO: 10730 0.03669188916683197
INFO: 10740 0.05514158308506012
INFO: 10750 0.04452910274267197
INFO: 10760 0.04751942306756973
INFO: 10770 0.03363834694027901
INFO: 10780 0.058142274618148804
INFO: 10790 0.03427601605653763
INFO: 10800 0.04161137714982033
INFO: 10810 0.06541241705417633
INFO: 10820 0.05077165737748146
INFO: 10830 0.0501788891851902
INFO: 10840 0.03531218320131302
INFO: 10850 0.04207726567983627
INFO: 10860 0.04471582919359207
INFO: 10870 0.0728006586432457
INFO: 10880 0.03619495779275894
INFO: 10890 0.073465496301651
INFO: 10900 0.0586521290242672
INFO: 10910 0.05439536273479462
INFO: 10920 0.05662677064538002
INFO: 10930 0.03939212113618851
INFO: 10940 0.04951180890202522
INFO: 10950 0.03406963869929314
INFO: 10960 0.03205462545156479
INFO: 10970 0.05023815482854843
INFO: 10980 0.059303492307662964
INFO: 10990 0.05106551945209503
INFO: 11000 0.03746179863810539
INFO: Checkpoint 11000 saved !
INFO: I: 11186, U: 14841
INFO: I: 16693, U: 21121
INFO: I: 12821, U: 16984
INFO: I: 9588, U: 12562
INFO: I: 8799, U: 11479
INFO: I: 12424, U: 15811
INFO: I: 7821, U: 10742
INFO: I: 13066, U: 15630
INFO: I: 12906, U: 16136
INFO: I: 13033, U: 16297
INFO: I: 13148, U: 16574
INFO: I: 13097, U: 16101
INFO: I: 12839, U: 16226
INFO: I: 11993, U: 15202
INFO: I: 14194, U: 17329
INFO: I: 14676, U: 17720
INFO: I: 13645, U: 16686
INFO: I: 11433, U: 15083
INFO: I: 11504, U: 14581
INFO: I: 14288, U: 17385
INFO: Step:11000, Valid_Dice:0.8823723485447141
INFO: 11010 0.06253059208393097
INFO: 11020 0.04158118739724159
INFO: 11030 0.050344109535217285
INFO: 11040 0.03114648163318634
INFO: 11050 0.04134558141231537
INFO: 11060 0.05255189910531044
INFO: 11070 0.04336436837911606
INFO: 11080 0.041309282183647156
INFO: 11090 0.06018830090761185
INFO: 11100 0.04367751628160477
INFO: 11110 0.052338793873786926
INFO: 11120 0.042000699788331985
INFO: 11130 0.03547379747033119
INFO: 11140 0.05050062760710716
INFO: 11150 0.05701648071408272
INFO: 11160 0.04567195475101471
INFO: 11170 0.03608174994587898
INFO: 11180 0.0551040880382061
INFO: 11190 0.04583148658275604
INFO: 11200 0.04988580197095871
INFO: 11210 0.07857393473386765
INFO: 11220 0.05936182290315628
INFO: 11230 0.040938880294561386
INFO: 11240 0.04559336602687836
INFO: 11250 0.04959699884057045
INFO: 11260 0.03451307862997055
INFO: 11270 0.04905276373028755
INFO: 11280 0.05800296738743782
INFO: 11290 0.046678002923727036
INFO: 11300 0.042125292122364044
INFO: 11310 0.056048277765512466
INFO: 11320 0.03967585414648056
INFO: 11330 0.045088090002536774
INFO: 11340 0.06811156868934631
INFO: 11350 0.05175139009952545
INFO: 11360 0.051160719245672226
INFO: 11370 0.04488145932555199
INFO: 11380 0.0978190079331398
INFO: 11390 0.04866199195384979
INFO: 11400 0.03882941976189613
INFO: 11410 0.06963827461004257
INFO: 11420 0.05225950852036476
INFO: 11430 0.09106126427650452
INFO: 11440 0.04723045602440834
INFO: 11450 0.05013510212302208
INFO: 11460 0.04493151232600212
INFO: 11470 0.06211821362376213
INFO: 11480 0.04374208673834801
INFO: 11490 0.04148633033037186
INFO: 11500 0.06123241037130356
INFO: Checkpoint 11500 saved !
INFO: I: 11408, U: 15086
INFO: I: 16903, U: 21208
INFO: I: 13047, U: 17208
INFO: I: 9920, U: 13269
INFO: I: 8959, U: 11738
INFO: I: 12596, U: 16102
INFO: I: 8159, U: 11129
INFO: I: 13106, U: 15781
INFO: I: 13085, U: 16376
INFO: I: 13188, U: 16507
INFO: I: 13482, U: 16849
INFO: I: 13303, U: 16219
INFO: I: 13045, U: 16318
INFO: I: 12234, U: 15571
INFO: I: 14490, U: 17590
INFO: I: 14762, U: 17866
INFO: I: 13877, U: 16991
INFO: I: 11480, U: 15104
INFO: I: 11558, U: 14803
INFO: I: 14532, U: 17746
INFO: Step:11500, Valid_Dice:0.882342944492304
INFO: 11510 0.05376322567462921
INFO: 11520 0.04801313951611519
INFO: 11530 0.038380641490221024
INFO: 11540 0.0457480251789093
INFO: 11550 0.10827470570802689
INFO: 11560 0.04594018682837486
INFO: 11570 0.05139375478029251
INFO: 11580 0.04487694427371025
INFO: 11590 0.03645734116435051
INFO: 11600 0.039444275200366974
INFO: 11610 0.051634710282087326
INFO: 11620 0.05148012563586235
INFO: 11630 0.04954337701201439
INFO: 11640 0.04926526919007301
INFO: 11650 0.0852634385228157
INFO: 11660 0.033485956490039825
INFO: 11670 0.04003525525331497
INFO: 11680 0.03981996327638626
INFO: 11690 0.03872888162732124
INFO: 11700 0.06376279145479202
INFO: 11710 0.050087861716747284
INFO: 11720 0.04304731264710426
INFO: 11730 0.05647307634353638
INFO: 11740 0.07255620509386063
INFO: 11750 0.05452440306544304
INFO: 11760 0.048687756061553955
INFO: 11770 0.03415866568684578
INFO: 11780 0.04233044385910034
INFO: 11790 0.06516942381858826
INFO: 11800 0.053665269166231155
INFO: 11810 0.04409007355570793
INFO: 11820 0.04069696366786957
INFO: 11830 0.0594550184905529
INFO: 11840 0.09134547412395477
INFO: 11850 0.032156236469745636
INFO: 11860 0.03494606912136078
INFO: 11870 0.06415551900863647
INFO: 11880 0.04062996059656143
INFO: 11890 0.03814857453107834
INFO: 11900 0.028546258807182312
INFO: 11910 0.0468805693089962
INFO: 11920 0.035120442509651184
INFO: 11930 0.0391990952193737
INFO: 11940 0.042621880769729614
INFO: 11950 0.03647878021001816
INFO: 11960 0.04369634389877319
INFO: 11970 0.04285479709506035
INFO: 11980 0.04765302687883377
INFO: 11990 0.03164815157651901
INFO: 12000 0.03940340504050255
INFO: Checkpoint 12000 saved !
INFO: I: 11313, U: 14928
INFO: I: 16881, U: 21170
INFO: I: 12916, U: 16988
INFO: I: 9657, U: 12751
INFO: I: 8953, U: 11699
INFO: I: 12342, U: 15813
INFO: I: 8012, U: 10974
INFO: I: 13124, U: 15801
INFO: I: 12989, U: 16098
INFO: I: 13067, U: 16308
INFO: I: 13264, U: 16530
INFO: I: 13133, U: 16080
INFO: I: 12880, U: 16243
INFO: I: 12127, U: 15406
INFO: I: 14302, U: 17313
INFO: I: 14635, U: 17633
INFO: I: 13697, U: 16806
INFO: I: 11423, U: 15075
INFO: I: 11415, U: 14480
INFO: I: 14382, U: 17432
INFO: Step:12000, Valid_Dice:0.8833028036291486
INFO: 12010 0.07778050005435944
INFO: 12020 0.06196114420890808
INFO: 12030 0.04090988636016846
INFO: 12040 0.04261288046836853
INFO: 12050 0.05054459348320961
INFO: 12060 0.05631478130817413
INFO: 12070 0.05158132314682007
INFO: 12080 0.05675894767045975
INFO: 12090 0.07329840213060379
INFO: 12100 0.03957708179950714
INFO: 12110 0.0423155352473259
INFO: 12120 0.0619681291282177
INFO: 12130 0.0484798327088356
INFO: 12140 0.034589704126119614
INFO: 12150 0.06650635600090027
INFO: 12160 0.050186268985271454
INFO: 12170 0.05766979977488518
INFO: 12180 0.03956896439194679
INFO: 12190 0.05090288817882538
INFO: 12200 0.049799464643001556
INFO: 12210 0.0432618111371994
INFO: 12220 0.04328680410981178
INFO: 12230 0.051588598638772964
INFO: 12240 0.08797131478786469
INFO: 12250 0.04450118914246559
INFO: 12260 0.05816919729113579
INFO: 12270 0.046485040336847305
INFO: 12280 0.031921207904815674
INFO: 12290 0.04092247784137726
INFO: 12300 0.041473597288131714
INFO: 12310 0.05348535627126694
INFO: 12320 0.045196887105703354
INFO: 12330 0.05400161072611809
INFO: 12340 0.06022235006093979
INFO: 12350 0.034917201846838
INFO: 12360 0.05016325041651726
INFO: 12370 0.05449715629220009
INFO: 12380 0.0571892075240612
INFO: 12390 0.044735386967659
INFO: 12400 0.03428388759493828
INFO: 12410 0.04797406122088432
INFO: 12420 0.039008572697639465
INFO: 12430 0.04869629815220833
INFO: 12440 0.047221697866916656
INFO: 12450 0.08153941482305527
INFO: 12460 0.04286760091781616
INFO: 12470 0.0464058592915535
INFO: 12480 0.04924957826733589
INFO: 12490 0.04373915120959282
INFO: 12500 0.037097733467817307
INFO: Checkpoint 12500 saved !
INFO: I: 11529, U: 15217
INFO: I: 16842, U: 21360
INFO: I: 13007, U: 17222
INFO: I: 10099, U: 13376
INFO: I: 9042, U: 11935
INFO: I: 12553, U: 15977
INFO: I: 8167, U: 11115
INFO: I: 13117, U: 15864
INFO: I: 13210, U: 16418
INFO: I: 13293, U: 16581
INFO: I: 13430, U: 16828
INFO: I: 13343, U: 16383
INFO: I: 13132, U: 16408
INFO: I: 12229, U: 15665
INFO: I: 14434, U: 17630
INFO: I: 14942, U: 17995
INFO: I: 13847, U: 17002
INFO: I: 11514, U: 15209
INFO: I: 11538, U: 14778
INFO: I: 14404, U: 17607
INFO: Step:12500, Valid_Dice:0.8818067418525712
INFO: 12510 0.05562252178788185
INFO: 12520 0.04547898843884468
INFO: 12530 0.05647089704871178
INFO: 12540 0.077895887196064
INFO: 12550 0.044572703540325165
INFO: 12560 0.03123602643609047
INFO: 12570 0.05578123778104782
INFO: 12580 0.046485234051942825
INFO: 12590 0.05517967417836189
INFO: 12600 0.0715908408164978
INFO: 12610 0.04971339926123619
INFO: 12620 0.047334376722574234
INFO: 12630 0.05156567320227623
INFO: 12640 0.03464203700423241
INFO: 12650 0.05279187113046646
INFO: 12660 0.04222981631755829
INFO: 12670 0.044710371643304825
INFO: 12680 0.043547291308641434
INFO: 12690 0.0458318255841732
INFO: 12700 0.04376043751835823
INFO: 12710 0.05049251765012741
INFO: 12720 0.04873843863606453
INFO: 12730 0.04330200329422951
INFO: 12740 0.05721157044172287
INFO: 12750 0.028586672618985176
INFO: 12760 0.03803792595863342
INFO: 12770 0.04240397363901138
INFO: 12780 0.057666003704071045
INFO: 12790 0.04111594706773758
INFO: 12800 0.06648994237184525
INFO: 12810 0.0558866448700428
INFO: 12820 0.03963276743888855
INFO: 12830 0.0770806223154068
INFO: 12840 0.04264894127845764
INFO: 12850 0.0423794649541378
INFO: 12860 0.05417163670063019
INFO: 12870 0.05009991303086281
INFO: 12880 0.05910539999604225
INFO: 12890 0.047104593366384506
INFO: 12900 0.04607623815536499
INFO: 12910 0.05717770382761955
INFO: 12920 0.05285998061299324
INFO: 12930 0.045641474425792694
INFO: 12940 0.061000432819128036
INFO: 12950 0.0342695377767086
INFO: 12960 0.06364871561527252
INFO: 12970 0.05764146149158478
INFO: 12980 0.04796335846185684
INFO: 12990 0.046201933175325394
INFO: 13000 0.0736335963010788
INFO: Checkpoint 13000 saved !
INFO: I: 11487, U: 15122
INFO: I: 16757, U: 21288
INFO: I: 13049, U: 17240
INFO: I: 9941, U: 13039
INFO: I: 9024, U: 11799
INFO: I: 12654, U: 16096
INFO: I: 7977, U: 10856
INFO: I: 13208, U: 15980
INFO: I: 13259, U: 16504
INFO: I: 13294, U: 16471
INFO: I: 13447, U: 16831
INFO: I: 13298, U: 16246
INFO: I: 13009, U: 16373
INFO: I: 12318, U: 15764
INFO: I: 14401, U: 17460
INFO: I: 14816, U: 17853
INFO: I: 13890, U: 17144
INFO: I: 11664, U: 15174
INFO: I: 11524, U: 14632
INFO: I: 14470, U: 17685
INFO: Step:13000, Valid_Dice:0.8831175667022009
INFO: 13010 0.02760305255651474
INFO: 13020 0.03983303904533386
INFO: 13030 0.0371609665453434
INFO: 13040 0.05494263768196106
INFO: 13050 0.049768317490816116
INFO: 13060 0.037343453615903854
INFO: 13070 0.04437786340713501
INFO: 13080 0.04368839040398598
INFO: 13090 0.04806355759501457
INFO: 13100 0.042906712740659714
INFO: 13110 0.05254454165697098
INFO: 13120 0.04340551048517227
INFO: 13130 0.050059396773576736
INFO: 13140 0.05264487490057945
INFO: 13150 0.0490134172141552
INFO: 13160 0.041373152285814285
INFO: 13170 0.051909349858760834
INFO: 13180 0.022200902923941612
INFO: 13190 0.04623641446232796
INFO: 13200 0.06186578422784805
INFO: 13210 0.03486969694495201
INFO: 13220 0.04063095152378082
INFO: 13230 0.04946046322584152
INFO: 13240 0.030240831896662712
INFO: 13250 0.05351298302412033
INFO: 13260 0.05337121710181236
INFO: 13270 0.043258000165224075
INFO: 13280 0.05330593138933182
INFO: 13290 0.02420513890683651
INFO: 13300 0.04518899694085121
INFO: 13310 0.041430287063121796
INFO: 13320 0.05202232673764229
INFO: 13330 0.04491284117102623
INFO: 13340 0.05595782399177551
INFO: 13350 0.07732201367616653
INFO: 13360 0.05136401951313019
INFO: 13370 0.04258272796869278
INFO: 13380 0.03238268196582794
INFO: 13390 0.05792120471596718
INFO: 13400 0.03836412727832794
INFO: 13410 0.044116828590631485
INFO: 13420 0.06553836911916733
INFO: 13430 0.05575856193900108
INFO: 13440 0.0608791746199131
INFO: 13450 0.0415504164993763
INFO: 13460 0.04305267333984375
INFO: 13470 0.047605931758880615
INFO: 13480 0.05569266900420189
INFO: 13490 0.044277094304561615
INFO: 13500 0.05686330050230026
INFO: Checkpoint 13500 saved !
INFO: I: 11550, U: 15046
INFO: I: 17256, U: 21427
INFO: I: 13001, U: 17148
INFO: I: 10183, U: 13372
INFO: I: 8958, U: 11760
INFO: I: 12698, U: 16163
INFO: I: 8120, U: 10818
INFO: I: 13094, U: 15811
INFO: I: 13229, U: 16549
INFO: I: 13327, U: 16532
INFO: I: 13431, U: 16905
INFO: I: 13218, U: 16118
INFO: I: 13299, U: 16565
INFO: I: 12200, U: 15546
INFO: I: 14395, U: 17469
INFO: I: 14807, U: 17865
INFO: I: 13867, U: 17001
INFO: I: 11490, U: 15064
INFO: I: 11312, U: 14515
INFO: I: 14518, U: 17831
INFO: Step:13500, Valid_Dice:0.8840621843891114
INFO: 13510 0.043035998940467834
INFO: 13520 0.058033742010593414
INFO: 13530 0.0432414747774601
INFO: 13540 0.029701964929699898
INFO: 13550 0.03905260190367699
INFO: 13560 0.054489415138959885
INFO: 13570 0.0395691804587841
INFO: 13580 0.053239721804857254
INFO: 13590 0.0750855952501297
INFO: 13600 0.04453611373901367
INFO: 13610 0.05018550530076027
INFO: 13620 0.06143825501203537
INFO: 13630 0.06622398644685745
INFO: 13640 0.05643410608172417
INFO: 13650 0.03742574155330658
INFO: 13660 0.08666384220123291
INFO: 13670 0.03571663051843643
INFO: 13680 0.051997020840644836
INFO: 13690 0.05019330978393555
INFO: 13700 0.06516412645578384
INFO: 13710 0.03813562169671059
INFO: 13720 0.06338546425104141
INFO: 13730 0.03685570880770683
INFO: 13740 0.04451540485024452
INFO: 13750 0.0479666143655777
INFO: 13760 0.04469761252403259
INFO: 13770 0.05456480756402016
INFO: 13780 0.05769436061382294
INFO: 13790 0.03646940365433693
INFO: 13800 0.052445851266384125
INFO: 13810 0.040828730911016464
INFO: 13820 0.03179861605167389
INFO: 13830 0.0731566920876503
INFO: 13840 0.030437812209129333
INFO: 13850 0.043602243065834045
INFO: 13860 0.06179540976881981
INFO: 13870 0.043686509132385254
INFO: 13880 0.03471330553293228
INFO: 13890 0.04648001864552498
INFO: 13900 0.050224971026182175
INFO: 13910 0.0341547429561615
INFO: 13920 0.039995770901441574
INFO: 13930 0.041548144072294235
INFO: 13940 0.03537016734480858
INFO: 13950 0.034178733825683594
INFO: 13960 0.06446639448404312
INFO: 13970 0.03670065477490425
INFO: 13980 0.06278412789106369
INFO: 13990 0.044371098279953
INFO: 14000 0.05697699636220932
INFO: Checkpoint 14000 saved !
INFO: I: 11390, U: 15219
INFO: I: 17437, U: 21213
INFO: I: 13005, U: 17165
INFO: I: 9965, U: 12811
INFO: I: 8892, U: 11529
INFO: I: 12600, U: 15858
INFO: I: 7897, U: 10576
INFO: I: 13099, U: 15623
INFO: I: 13200, U: 16306
INFO: I: 13259, U: 16251
INFO: I: 13441, U: 16783
INFO: I: 13283, U: 16197
INFO: I: 13096, U: 16388
INFO: I: 12235, U: 15500
INFO: I: 14473, U: 17569
INFO: I: 14869, U: 17819
INFO: I: 13762, U: 16838
INFO: I: 11730, U: 15151
INFO: I: 11363, U: 14365
INFO: I: 14562, U: 17730
INFO: Step:14000, Valid_Dice:0.8872074957803928
INFO: 14010 0.06375394016504288
INFO: 14020 0.05327031388878822
INFO: 14030 0.04011426866054535
INFO: 14040 0.04027663171291351
INFO: 14050 0.04931528866291046
INFO: 14060 0.07092614471912384
INFO: 14070 0.03547990694642067
INFO: 14080 0.047396205365657806
INFO: 14090 0.06837675720453262
INFO: 14100 0.08367224782705307
INFO: 14110 0.05876275151968002
INFO: 14120 0.09230034053325653
INFO: 14130 0.05343126133084297
INFO: 14140 0.05151619762182236
INFO: 14150 0.06540104001760483
INFO: 14160 0.0500459261238575
INFO: 14170 0.0439394973218441
INFO: 14180 0.03885827586054802
INFO: 14190 0.05687791854143143
INFO: 14200 0.06578686088323593
INFO: 14210 0.05844921991229057
INFO: 14220 0.05238087847828865
INFO: 14230 0.06726429611444473
INFO: 14240 0.046563342213630676
INFO: 14250 0.06422413140535355
INFO: 14260 0.05385170131921768
INFO: 14270 0.04598269611597061
INFO: 14280 0.03498759865760803
INFO: 14290 0.04357294365763664
INFO: 14300 0.03792234882712364
INFO: 14310 0.03646094352006912
INFO: 14320 0.04628710448741913
INFO: 14330 0.04017123579978943
INFO: 14340 0.0679536685347557
INFO: 14350 0.039985790848731995
INFO: 14360 0.054416198283433914
INFO: 14370 0.04917812719941139
INFO: 14380 0.05564746633172035
INFO: 14390 0.04463928937911987
INFO: 14400 0.07401696592569351
INFO: 14410 0.03611980378627777
INFO: 14420 0.04663851112127304
INFO: 14430 0.0383136048913002
INFO: 14440 0.03773351013660431
INFO: 14450 0.041125863790512085
INFO: 14460 0.049769558012485504
INFO: 14470 0.03524254262447357
INFO: 14480 0.03793538361787796
INFO: 14490 0.05798115208745003
INFO: 14500 0.040034446865320206
INFO: Checkpoint 14500 saved !
INFO: I: 11639, U: 15585
INFO: I: 17924, U: 21750
INFO: I: 13175, U: 17457
INFO: I: 10075, U: 13174
INFO: I: 9083, U: 11933
INFO: I: 12769, U: 16199
INFO: I: 8252, U: 11174
INFO: I: 13299, U: 16112
INFO: I: 13351, U: 16823
INFO: I: 13437, U: 16707
INFO: I: 13612, U: 17108
INFO: I: 13501, U: 16423
INFO: I: 13358, U: 16722
INFO: I: 12374, U: 15818
INFO: I: 14695, U: 17984
INFO: I: 15070, U: 18117
INFO: I: 13966, U: 17220
INFO: I: 11818, U: 15302
INFO: I: 11583, U: 14605
INFO: I: 14721, U: 18109
INFO: Step:14500, Valid_Dice:0.883630083390023
INFO: 14510 0.044450417160987854
INFO: 14520 0.03994549438357353
INFO: 14530 0.036549199372529984
INFO: 14540 0.03600713983178139
INFO: 14550 0.04042671248316765
INFO: 14560 0.038125623017549515
INFO: 14570 0.046238239854574203
INFO: 14580 0.04324626177549362
INFO: 14590 0.06079971790313721
INFO: 14600 0.033472564071416855
INFO: 14610 0.07885235548019409
INFO: 14620 0.04643012210726738
INFO: 14630 0.03923756256699562
INFO: 14640 0.07099702954292297
INFO: 14650 0.04694037511944771
INFO: 14660 0.03492194041609764
INFO: 14670 0.04207936301827431
INFO: 14680 0.04962867870926857
INFO: 14690 0.050290051847696304
INFO: 14700 0.03727639466524124
INFO: 14710 0.0354086197912693
INFO: 14720 0.024712171405553818
INFO: 14730 0.05805607885122299
INFO: 14740 0.04866369813680649
INFO: 14750 0.03285091370344162
INFO: 14760 0.04879782348871231
INFO: 14770 0.05031759291887283
INFO: 14780 0.05021807923913002
INFO: 14790 0.04998767748475075
INFO: 14800 0.03729144483804703
INFO: 14810 0.04724648594856262
INFO: 14820 0.049280937761068344
INFO: 14830 0.04907100647687912
INFO: 14840 0.03841479495167732
INFO: 14850 0.04176807403564453
INFO: 14860 0.04590828716754913
INFO: 14870 0.04729004576802254
INFO: 14880 0.036443036049604416
INFO: 14890 0.03983081504702568
INFO: 14900 0.05645832419395447
INFO: 14910 0.0306905098259449
INFO: 14920 0.026440775021910667
INFO: 14930 0.04542439430952072
INFO: 14940 0.05884218588471413
INFO: 14950 0.05502849072217941
INFO: 14960 0.05346008390188217
INFO: 14970 0.04988022521138191
INFO: 14980 0.050447527319192886
INFO: 14990 0.05047057569026947
INFO: 15000 0.03881311044096947
INFO: Checkpoint 15000 saved !
INFO: I: 11329, U: 15429
INFO: I: 17503, U: 21471
INFO: I: 12830, U: 16891
INFO: I: 9988, U: 13144
INFO: I: 8950, U: 11617
INFO: I: 12678, U: 15923
INFO: I: 8216, U: 10988
INFO: I: 13073, U: 15657
INFO: I: 13106, U: 16153
INFO: I: 13350, U: 16540
INFO: I: 13301, U: 16579
INFO: I: 13167, U: 16014
INFO: I: 13107, U: 16416
INFO: I: 12144, U: 15290
INFO: I: 14436, U: 17422
INFO: I: 14688, U: 17603
INFO: I: 13764, U: 16772
INFO: I: 11456, U: 15038
INFO: I: 11433, U: 14401
INFO: I: 14412, U: 17530
INFO: Step:15000, Valid_Dice:0.8859687243448086
INFO: 15010 0.04437413439154625
INFO: 15020 0.05769835785031319
INFO: 15030 0.06442088633775711
INFO: 15040 0.04666256532073021
INFO: 15050 0.03444391489028931
INFO: 15060 0.04411659389734268
INFO: 15070 0.054130833595991135
INFO: 15080 0.06095411255955696
INFO: 15090 0.04609048739075661
INFO: 15100 0.03879367187619209
INFO: 15110 0.04410158097743988
INFO: 15120 0.04018118232488632
INFO: 15130 0.05156904458999634
INFO: 15140 0.04724773392081261
INFO: 15150 0.06829855591058731
INFO: 15160 0.04968508332967758
INFO: 15170 0.05090504512190819
INFO: 15180 0.05430192872881889
INFO: 15190 0.04404439404606819
INFO: 15200 0.04755176976323128
INFO: 15210 0.03389282152056694
INFO: 15220 0.045130208134651184
INFO: 15230 0.03800094872713089
INFO: 15240 0.0368058942258358
INFO: 15250 0.04519849643111229
INFO: 15260 0.051288530230522156
INFO: 15270 0.031356360763311386
INFO: 15280 0.036979228258132935
INFO: 15290 0.0551181398332119
INFO: 15300 0.04324543476104736
INFO: 15310 0.05109095945954323
INFO: 15320 0.055785126984119415
INFO: 15330 0.06041023135185242
INFO: 15340 0.026756636798381805
INFO: 15350 0.028451206162571907
INFO: 15360 0.03690946474671364
INFO: 15370 0.04701576009392738
INFO: 15380 0.03995940461754799
INFO: 15390 0.054581135511398315
INFO: 15400 0.045369382947683334
INFO: 15410 0.05412720888853073
INFO: 15420 0.06567145884037018
INFO: 15430 0.044061578810214996
INFO: 15440 0.031623098999261856
INFO: 15450 0.0464240238070488
INFO: 15460 0.03998037055134773
INFO: 15470 0.030584344640374184
INFO: 15480 0.04783717542886734
INFO: 15490 0.042851027101278305
INFO: 15500 0.03734800964593887
INFO: Checkpoint 15500 saved !
INFO: I: 11047, U: 14646
INFO: I: 16801, U: 20887
INFO: I: 12716, U: 16784
INFO: I: 9507, U: 12366
INFO: I: 8641, U: 11299
INFO: I: 12132, U: 15511
INFO: I: 7504, U: 10358
INFO: I: 12835, U: 15325
INFO: I: 12871, U: 15956
INFO: I: 12936, U: 15958
INFO: I: 13111, U: 16406
INFO: I: 12973, U: 15942
INFO: I: 12768, U: 16033
INFO: I: 11948, U: 15095
INFO: I: 14236, U: 17272
INFO: I: 14473, U: 17467
INFO: I: 13582, U: 16558
INFO: I: 11323, U: 14959
INFO: I: 11135, U: 14109
INFO: I: 14348, U: 17350
INFO: Step:15500, Valid_Dice:0.8841905029566057
INFO: 15510 0.04825064167380333
INFO: 15520 0.05596620962023735
INFO: 15530 0.036101408302783966
INFO: 15540 0.053511109203100204
INFO: 15550 0.06486574560403824
INFO: 15560 0.04672062024474144
INFO: 15570 0.052400097250938416
INFO: 15580 0.03134506568312645
INFO: 15590 0.03949875384569168
INFO: 15600 0.028158267959952354
INFO: 15610 0.0462733618915081
INFO: 15620 0.03861687704920769
INFO: 15630 0.04307856410741806
INFO: 15640 0.03806663304567337
INFO: 15650 0.05509449541568756
INFO: 15660 0.04126858338713646
INFO: 15670 0.05209195613861084
INFO: 15680 0.043267957866191864
INFO: 15690 0.03246571868658066
INFO: 15700 0.03446744382381439
INFO: 15710 0.035908292979002
INFO: 15720 0.05179676413536072
INFO: 15730 0.033475734293460846
INFO: 15740 0.06277447938919067
INFO: 15750 0.04871810972690582
INFO: 15760 0.05859150364995003
INFO: 15770 0.044168870896101
INFO: 15780 0.048947885632514954
INFO: 15790 0.055720508098602295
INFO: 15800 0.035409681499004364
INFO: 15810 0.02536187134683132
INFO: 15820 0.08158860355615616
INFO: 15830 0.03667520731687546
INFO: 15840 0.03589176759123802
INFO: 15850 0.03433631733059883
INFO: 15860 0.0480811707675457
INFO: 15870 0.048147425055503845
INFO: 15880 0.04655008018016815
INFO: 15890 0.03857938200235367
INFO: 15900 0.053464941680431366
INFO: 15910 0.03317436948418617
INFO: 15920 0.049599114805459976
INFO: 15930 0.10176175832748413
INFO: 15940 0.03528597578406334
INFO: 15950 0.03510485216975212
INFO: 15960 0.05571528151631355
INFO: 15970 0.04615513235330582
INFO: 15980 0.04959430173039436
INFO: 15990 0.05942271649837494
INFO: 16000 0.0357530303299427
INFO: Checkpoint 16000 saved !
INFO: I: 11517, U: 14981
INFO: I: 16958, U: 21304
INFO: I: 12945, U: 16978
INFO: I: 9904, U: 13265
INFO: I: 9058, U: 11891
INFO: I: 12503, U: 15946
INFO: I: 8258, U: 11114
INFO: I: 13175, U: 15815
INFO: I: 12982, U: 16060
INFO: I: 13304, U: 16629
INFO: I: 13332, U: 16529
INFO: I: 13267, U: 16176
INFO: I: 12961, U: 16350
INFO: I: 12115, U: 15429
INFO: I: 14346, U: 17425
INFO: I: 14842, U: 17725
INFO: I: 13764, U: 16812
INFO: I: 11414, U: 15003
INFO: I: 11652, U: 15070
INFO: I: 14305, U: 17404
INFO: Step:16000, Valid_Dice:0.8837799352631055
INFO: 16010 0.04725506156682968
INFO: 16020 0.07569541782140732
INFO: 16030 0.04725894331932068
INFO: 16040 0.06683124601840973
INFO: 16050 0.037333112210035324
INFO: 16060 0.04385625943541527
INFO: 16070 0.029854098334908485
INFO: 16080 0.05409878492355347
INFO: 16090 0.07295238971710205
INFO: 16100 0.0487634614109993
INFO: 16110 0.038472775369882584
INFO: 16120 0.0369761660695076
INFO: 16130 0.052034709602594376
INFO: 16140 0.03924325853586197
INFO: 16150 0.04561639577150345
INFO: 16160 0.03674118593335152
INFO: 16170 0.06303393095731735
INFO: 16180 0.05426729843020439
INFO: 16190 0.056115757673978806
INFO: 16200 0.057492583990097046
INFO: 16210 0.05967576801776886
INFO: 16220 0.07338449358940125
INFO: 16230 0.04659914970397949
INFO: 16240 0.03760117292404175
INFO: 16250 0.04455678537487984
INFO: 16260 0.04267403855919838
INFO: 16270 0.04055153951048851
INFO: 16280 0.0370643250644207
INFO: 16290 0.036472465842962265
INFO: 16300 0.059542834758758545
INFO: 16310 0.06235858052968979
INFO: 16320 0.06528160721063614
INFO: 16330 0.055526118725538254
INFO: 16340 0.047423429787158966
INFO: 16350 0.04528571665287018
INFO: 16360 0.039900042116642
INFO: 16370 0.05181129276752472
INFO: 16380 0.03437875211238861
INFO: 16390 0.044866181910037994
INFO: 16400 0.033562153577804565
INFO: 16410 0.042028386145830154
INFO: 16420 0.04238013178110123
INFO: 16430 0.052295636385679245
INFO: 16440 0.034885771572589874
INFO: 16450 0.04647530987858772
INFO: 16460 0.034524980932474136
INFO: 16470 0.039698243141174316
INFO: 16480 0.06684735417366028
INFO: 16490 0.05810314789414406
INFO: 16500 0.04705127701163292
INFO: Checkpoint 16500 saved !
INFO: I: 11543, U: 15752
INFO: I: 18022, U: 21926
INFO: I: 13085, U: 17309
INFO: I: 10147, U: 13427
INFO: I: 8993, U: 11822
INFO: I: 12724, U: 16172
INFO: I: 8083, U: 10888
INFO: I: 13175, U: 15915
INFO: I: 13270, U: 16640
INFO: I: 13385, U: 16738
INFO: I: 13495, U: 16956
INFO: I: 13419, U: 16383
INFO: I: 13407, U: 16805
INFO: I: 12307, U: 15697
INFO: I: 14615, U: 17753
INFO: I: 14952, U: 18060
INFO: I: 13937, U: 17140
INFO: I: 11814, U: 15359
INFO: I: 11534, U: 14677
INFO: I: 14754, U: 18131
INFO: Step:16500, Valid_Dice:0.882741354001689
INFO: 16510 0.04000825062394142
INFO: 16520 0.04388481006026268
INFO: 16530 0.0515814870595932
INFO: 16540 0.02359272539615631
INFO: 16550 0.05168074369430542
INFO: 16560 0.05031708627939224
INFO: 16570 0.04048791155219078
INFO: 16580 0.05249634385108948
INFO: 16590 0.03918669372797012
INFO: 16600 0.031448088586330414
INFO: 16610 0.04451970383524895
INFO: 16620 0.02987169846892357
INFO: 16630 0.05140253156423569
INFO: 16640 0.03383127599954605
INFO: 16650 0.0588829405605793
INFO: 16660 0.05941537022590637
INFO: 16670 0.04993388429284096
INFO: 16680 0.048086978495121
INFO: 16690 0.03830380737781525
INFO: 16700 0.038849394768476486
INFO: 16710 0.06206803023815155
INFO: 16720 0.04268472269177437
INFO: 16730 0.029543884098529816
INFO: 16740 0.06152661144733429
INFO: 16750 0.039040982723236084
INFO: 16760 0.04516366496682167
INFO: 16770 0.05280294641852379
INFO: 16780 0.03897950425744057
INFO: 16790 0.048971306532621384
INFO: 16800 0.04308638349175453
INFO: 16810 0.06782229244709015
INFO: 16820 0.039100468158721924
INFO: 16830 0.029674936085939407
INFO: 16840 0.06206003949046135
INFO: 16850 0.06016141176223755
INFO: 16860 0.039724987000226974
INFO: 16870 0.042936597019433975
INFO: 16880 0.08215738832950592
INFO: 16890 0.038564283400774
INFO: 16900 0.04200102016329765
INFO: 16910 0.04368588700890541
INFO: 16920 0.040829140692949295
INFO: 16930 0.039282411336898804
INFO: 16940 0.0443926602602005
INFO: 16950 0.030437402427196503
INFO: 16960 0.05380009859800339
INFO: 16970 0.04926063120365143
INFO: 16980 0.046263229101896286
INFO: 16990 0.040653523057699203
INFO: 17000 0.05698925629258156
INFO: Checkpoint 17000 saved !
INFO: I: 11642, U: 15223
INFO: I: 17466, U: 21528
INFO: I: 13175, U: 17315
INFO: I: 10144, U: 13581
INFO: I: 9151, U: 12043
INFO: I: 12784, U: 16346
INFO: I: 8475, U: 11525
INFO: I: 13246, U: 16031
INFO: I: 13318, U: 16519
INFO: I: 13555, U: 16957
INFO: I: 13592, U: 16976
INFO: I: 13366, U: 16245
INFO: I: 13278, U: 16557
INFO: I: 12321, U: 15633
INFO: I: 14681, U: 17658
INFO: I: 14959, U: 17927
INFO: I: 13988, U: 17168
INFO: I: 11851, U: 15251
INFO: I: 11766, U: 15045
INFO: I: 14653, U: 17847
INFO: Step:17000, Valid_Dice:0.884501228009192
INFO: 17010 0.033170945942401886
INFO: 17020 0.04216638207435608
INFO: 17030 0.054023224860429764
INFO: 17040 0.05670682340860367
INFO: 17050 0.06722085177898407
INFO: 17060 0.06707876175642014
INFO: 17070 0.04421078413724899
INFO: 17080 0.0452403649687767
INFO: 17090 0.03993741795420647
INFO: 17100 0.08396470546722412
INFO: 17110 0.04160928353667259
INFO: 17120 0.043116163462400436
INFO: 17130 0.05445004999637604
INFO: 17140 0.06450186669826508
INFO: 17150 0.056321531534194946
INFO: 17160 0.062315575778484344
INFO: 17170 0.040515828877687454
INFO: 17180 0.04773861542344093
INFO: 17190 0.055988989770412445
INFO: 17200 0.06126395985484123
INFO: 17210 0.06486191600561142
INFO: 17220 0.042797550559043884
INFO: 17230 0.03709802404046059
INFO: 17240 0.051111381500959396
INFO: 17250 0.03860766440629959
INFO: 17260 0.04887821525335312
INFO: 17270 0.02613835409283638
INFO: 17280 0.052075982093811035
INFO: 17290 0.04927077889442444
INFO: 17300 0.04100779443979263
INFO: 17310 0.04342620447278023
INFO: 17320 0.03382427245378494
INFO: 17330 0.037693388760089874
INFO: 17340 0.0653870701789856
INFO: 17350 0.05051179602742195
INFO: 17360 0.04568949341773987
INFO: 17370 0.04695334658026695
INFO: 17380 0.05265677347779274
INFO: 17390 0.04812568426132202
INFO: 17400 0.06485500186681747
INFO: 17410 0.0513458177447319
INFO: 17420 0.032807607203722
INFO: 17430 0.03539159893989563
INFO: 17440 0.0672023668885231
INFO: 17450 0.053220752626657486
INFO: 17460 0.0373508520424366
INFO: 17470 0.02711373381316662
INFO: 17480 0.040715351700782776
INFO: 17490 0.046586450189352036
INFO: 17500 0.07196271419525146
INFO: Checkpoint 17500 saved !
INFO: I: 11552, U: 15097
INFO: I: 16977, U: 21489
INFO: I: 13115, U: 17256
INFO: I: 10130, U: 13363
INFO: I: 9073, U: 11914
INFO: I: 12723, U: 16237
INFO: I: 8353, U: 11191
INFO: I: 13289, U: 16000
INFO: I: 13241, U: 16459
INFO: I: 13399, U: 16722
INFO: I: 13529, U: 16934
INFO: I: 13380, U: 16293
INFO: I: 13192, U: 16591
INFO: I: 12300, U: 15592
INFO: I: 14606, U: 17670
INFO: I: 14912, U: 17844
INFO: I: 13958, U: 17115
INFO: I: 11936, U: 15321
INFO: I: 11627, U: 14836
INFO: I: 14648, U: 17798
INFO: Step:17500, Valid_Dice:0.8845943264284297
INFO: 17510 0.048392292112112045
INFO: 17520 0.04643940553069115
INFO: 17530 0.039198268204927444
INFO: 17540 0.05072823911905289
INFO: 17550 0.05504760891199112
INFO: 17560 0.052762750536203384
INFO: 17570 0.0587371289730072
INFO: 17580 0.03957740217447281
INFO: 17590 0.07189671695232391
INFO: 17600 0.047065336257219315
INFO: 17610 0.0592881515622139
INFO: 17620 0.04561648145318031
INFO: 17630 0.04304298758506775
INFO: 17640 0.03517356142401695
INFO: 17650 0.030974730849266052
INFO: 17660 0.045573197305202484
INFO: 17670 0.04918353259563446
INFO: 17680 0.03191155940294266
INFO: 17690 0.049200959503650665
INFO: 17700 0.06366397440433502
INFO: 17710 0.033538900315761566
INFO: 17720 0.044909220188856125
INFO: 17730 0.04374084994196892
INFO: 17740 0.04862213879823685
INFO: 17750 0.040121231228113174
INFO: 17760 0.040062081068754196
INFO: 17770 0.049710504710674286
INFO: 17780 0.0435137040913105
INFO: 17790 0.04121032729744911
INFO: 17800 0.051617078483104706
INFO: 17810 0.04603535309433937
INFO: 17820 0.05370936915278435
INFO: 17830 0.046759966760873795
INFO: 17840 0.03391457349061966
INFO: 17850 0.04029833525419235
INFO: 17860 0.03937612846493721
INFO: 17870 0.03721656650304794
INFO: 17880 0.04824933782219887
INFO: 17890 0.04063844308257103
INFO: 17900 0.04129341244697571
INFO: 17910 0.04732399433851242
INFO: 17920 0.035821087658405304
INFO: 17930 0.04849474877119064
INFO: 17940 0.037780433893203735
INFO: 17950 0.055302441120147705
INFO: 17960 0.048423200845718384
INFO: 17970 0.0697770044207573
INFO: 17980 0.03721842169761658
INFO: 17990 0.038920626044273376
INFO: 18000 0.03156023472547531
INFO: Checkpoint 18000 saved !
INFO: I: 11342, U: 14996
INFO: I: 17263, U: 21359
INFO: I: 12967, U: 17022
INFO: I: 10038, U: 13298
INFO: I: 8874, U: 11732
INFO: I: 12514, U: 16015
INFO: I: 8262, U: 11282
INFO: I: 13150, U: 15794
INFO: I: 13039, U: 16249
INFO: I: 13239, U: 16515
INFO: I: 13315, U: 16735
INFO: I: 13236, U: 16154
INFO: I: 13156, U: 16458
INFO: I: 12213, U: 15439
INFO: I: 14313, U: 17406
INFO: I: 14689, U: 17684
INFO: I: 13791, U: 16886
INFO: I: 11664, U: 15098
INFO: I: 11614, U: 14801
INFO: I: 14488, U: 17602
INFO: Step:18000, Valid_Dice:0.8837560060689544
INFO: 18010 0.041403114795684814
INFO: 18020 0.050342608243227005
INFO: 18030 0.031687427312135696
INFO: 18040 0.04123801365494728
INFO: 18050 0.08346801996231079
INFO: 18060 0.04897050932049751
INFO: 18070 0.044788606464862823
INFO: 18080 0.045132339000701904
INFO: 18090 0.03725017234683037
INFO: 18100 0.03980051353573799
INFO: 18110 0.04091407731175423
INFO: 18120 0.042109228670597076
INFO: 18130 0.04413184896111488
INFO: 18140 0.043478865176439285
INFO: 18150 0.04335111007094383
INFO: 18160 0.03837423771619797
INFO: 18170 0.06695357710123062
INFO: 18180 0.05548664554953575
INFO: 18190 0.027853311970829964
INFO: 18200 0.04765234515070915
INFO: 18210 0.057660289108753204
INFO: 18220 0.04831979051232338
INFO: 18230 0.0450357124209404
INFO: 18240 0.04739867523312569
INFO: 18250 0.049394454807043076
INFO: 18260 0.04601960629224777
INFO: 18270 0.03123074397444725
INFO: 18280 0.053676147013902664
INFO: 18290 0.035077083855867386
INFO: 18300 0.04056087136268616
INFO: 18310 0.04155629128217697
INFO: 18320 0.04344874620437622
INFO: 18330 0.06418859958648682
INFO: 18340 0.04134100303053856
INFO: 18350 0.03602465242147446
INFO: 18360 0.04902222380042076
INFO: 18370 0.04875626042485237
INFO: 18380 0.05425836890935898
INFO: 18390 0.04609493911266327
INFO: 18400 0.04304223507642746
INFO: 18410 0.0364503413438797
INFO: 18420 0.04419568553566933
INFO: 18430 0.04876624047756195
INFO: 18440 0.04603084921836853
INFO: 18450 0.05128774419426918
INFO: 18460 0.04979334771633148
INFO: 18470 0.06586194783449173
INFO: 18480 0.04343871772289276
INFO: 18490 0.06207000091671944
INFO: 18500 0.06471426039934158
INFO: Checkpoint 18500 saved !
INFO: I: 11626, U: 15425
INFO: I: 16962, U: 21781
INFO: I: 13135, U: 17152
INFO: I: 10273, U: 13757
INFO: I: 9072, U: 11903
INFO: I: 12381, U: 16008
INFO: I: 8317, U: 11417
INFO: I: 13241, U: 16004
INFO: I: 13162, U: 16362
INFO: I: 13513, U: 16874
INFO: I: 13327, U: 16746
INFO: I: 13482, U: 16378
INFO: I: 13118, U: 16629
INFO: I: 12219, U: 15576
INFO: I: 14593, U: 17760
INFO: I: 15078, U: 18070
INFO: I: 13874, U: 17026
INFO: I: 11819, U: 15288
INFO: I: 11765, U: 15016
INFO: I: 14373, U: 17653
INFO: Step:18500, Valid_Dice:0.8816424101367435
INFO: 18510 0.03685426339507103
INFO: 18520 0.08849290758371353
INFO: 18530 0.03929799050092697
INFO: 18540 0.042470887303352356
INFO: 18550 0.0409705676138401
INFO: 18560 0.04782292991876602
INFO: 18570 0.031112734228372574
INFO: 18580 0.04242213815450668
INFO: 18590 0.06609990447759628
INFO: 18600 0.06426524370908737
INFO: 18610 0.03205332159996033
INFO: 18620 0.045150723308324814
INFO: 18630 0.0489184744656086
INFO: 18640 0.04764995723962784
INFO: 18650 0.040284112095832825
INFO: 18660 0.04625110328197479
INFO: 18670 0.03397025167942047
INFO: 18680 0.04748691990971565
INFO: 18690 0.0376288965344429
INFO: 18700 0.052912354469299316
INFO: 18710 0.03879725560545921
INFO: 18720 0.0458250530064106
INFO: 18730 0.05210501700639725
INFO: 18740 0.039072196930646896
INFO: 18750 0.04002714902162552
INFO: 18760 0.04138579219579697
INFO: 18770 0.03954067453742027
INFO: 18780 0.05308600515127182
INFO: 18790 0.03706299513578415
INFO: 18800 0.0560624860227108
INFO: 18810 0.04332117736339569
INFO: 18820 0.03011360391974449
INFO: 18830 0.05192793533205986
INFO: 18840 0.06023814529180527
INFO: 18850 0.07125309854745865
INFO: 18860 0.0416438952088356
INFO: 18870 0.04475601762533188
INFO: 18880 0.043896034359931946
INFO: 18890 0.04418790712952614
INFO: 18900 0.05350682511925697
INFO: 18910 0.05936213955283165
INFO: 18920 0.035970646888017654
INFO: 18930 0.03826245665550232
INFO: 18940 0.037542641162872314
INFO: 18950 0.050116848200559616
INFO: 18960 0.04951027035713196
INFO: 18970 0.038911622017621994
INFO: 18980 0.03318857401609421
INFO: 18990 0.049677301198244095
INFO: 19000 0.06100258603692055
INFO: Checkpoint 19000 saved !
INFO: I: 11168, U: 14629
INFO: I: 16879, U: 20855
INFO: I: 12677, U: 16663
INFO: I: 9727, U: 12750
INFO: I: 8725, U: 11387
INFO: I: 12230, U: 15598
INFO: I: 8040, U: 10825
INFO: I: 12906, U: 15455
INFO: I: 12838, U: 15886
INFO: I: 12943, U: 16055
INFO: I: 13026, U: 16281
INFO: I: 12678, U: 15742
INFO: I: 12725, U: 16056
INFO: I: 11865, U: 15026
INFO: I: 14016, U: 17035
INFO: I: 14367, U: 17406
INFO: I: 13522, U: 16474
INFO: I: 11244, U: 14906
INFO: I: 11265, U: 14306
INFO: I: 14165, U: 17191
INFO: Step:19000, Valid_Dice:0.8843439808860559
INFO: 19010 0.044078413397073746
INFO: 19020 0.04099266231060028
INFO: 19030 0.04643654078245163
INFO: 19040 0.04041073098778725
INFO: 19050 0.04895414039492607
INFO: 19060 0.045733265578746796
INFO: 19070 0.048271339386701584
INFO: 19080 0.04264840856194496
INFO: 19090 0.037127573043107986
INFO: 19100 0.05656915903091431
INFO: 19110 0.04627164453268051
INFO: 19120 0.05327146127820015
INFO: 19130 0.03939472511410713
INFO: 19140 0.05370289459824562
INFO: 19150 0.04402799531817436
INFO: 19160 0.05720687285065651
INFO: 19170 0.02863292209804058
INFO: 19180 0.04531578719615936
INFO: 19190 0.04560241848230362
INFO: 19200 0.07072129845619202
INFO: 19210 0.051283009350299835
INFO: 19220 0.03654245287179947
INFO: 19230 0.039785053580999374
INFO: 19240 0.04585698992013931
INFO: 19250 0.039627015590667725
INFO: 19260 0.04450814798474312
INFO: 19270 0.053615931421518326
INFO: 19280 0.07753012329339981
INFO: 19290 0.03921381011605263
INFO: 19300 0.046228453516960144
INFO: 19310 0.05266363546252251
INFO: 19320 0.04302665591239929
INFO: 19330 0.030575916171073914
INFO: 19340 0.045116156339645386
INFO: 19350 0.042434971779584885
INFO: 19360 0.040789518505334854
INFO: 19370 0.04342644661664963
INFO: 19380 0.052016954869031906
INFO: 19390 0.04810652509331703
INFO: 19400 0.04620835930109024
INFO: 19410 0.06454040855169296
INFO: 19420 0.04344125837087631
INFO: 19430 0.04172475263476372
INFO: 19440 0.04053507000207901
INFO: 19450 0.04304946959018707
INFO: 19460 0.04347383603453636
INFO: 19470 0.03915615379810333
INFO: 19480 0.0437614731490612
INFO: 19490 0.03723936155438423
INFO: 19500 0.044348251074552536
INFO: Checkpoint 19500 saved !
INFO: I: 11256, U: 14700
INFO: I: 17244, U: 21096
INFO: I: 12928, U: 16911
INFO: I: 9784, U: 12769
INFO: I: 8842, U: 11497
INFO: I: 12413, U: 15718
INFO: I: 7922, U: 10689
INFO: I: 13005, U: 15500
INFO: I: 13012, U: 16078
INFO: I: 13146, U: 16305
INFO: I: 13282, U: 16552
INFO: I: 13189, U: 16116
INFO: I: 13103, U: 16244
INFO: I: 12083, U: 15239
INFO: I: 14391, U: 17327
INFO: I: 14652, U: 17695
INFO: I: 13760, U: 16743
INFO: I: 11521, U: 15081
INFO: I: 11329, U: 14446
INFO: I: 14446, U: 17504
INFO: Step:19500, Valid_Dice:0.8868595151485629
INFO: 19510 0.06582020223140717
INFO: 19520 0.042043380439281464
INFO: 19530 0.03192514553666115
INFO: 19540 0.05360749363899231
INFO: 19550 0.03642702475190163
INFO: 19560 0.04090360924601555
INFO: 19570 0.05107314884662628
INFO: 19580 0.050401721149683
INFO: 19590 0.03434155881404877
INFO: 19600 0.03100641816854477
INFO: 19610 0.03656584769487381
INFO: 19620 0.03940224274992943
INFO: 19630 0.04704008251428604
INFO: 19640 0.055818017572164536
INFO: 19650 0.03888409212231636
INFO: 19660 0.041552409529685974
INFO: 19670 0.050009459257125854
INFO: 19680 0.045663271099328995
INFO: 19690 0.05738483741879463
INFO: 19700 0.027204137295484543
INFO: 19710 0.035121627151966095
INFO: 19720 0.04206959903240204
INFO: 19730 0.04418286681175232
INFO: 19740 0.027394000440835953
INFO: 19750 0.04106342792510986
INFO: 19760 0.04674333706498146
INFO: 19770 0.044176872819662094
INFO: 19780 0.027782095596194267
INFO: 19790 0.05393501743674278
INFO: 19800 0.0619499497115612
INFO: 19810 0.05208645015954971
INFO: 19820 0.04944116249680519
INFO: 19830 0.04135214164853096
INFO: 19840 0.04749976471066475
INFO: 19850 0.0313599593937397
INFO: 19860 0.044827356934547424
INFO: 19870 0.05044795945286751
INFO: 19880 0.032800883054733276
INFO: 19890 0.045222677290439606
INFO: 19900 0.07225578278303146
INFO: 19910 0.04227965697646141
INFO: 19920 0.038302142173051834
INFO: 19930 0.05358152464032173
INFO: 19940 0.051239509135484695
INFO: 19950 0.035717327147722244
INFO: 19960 0.04132471978664398
INFO: 19970 0.03280201926827431
INFO: 19980 0.026511965319514275
INFO: 19990 0.05144966393709183
INFO: 20000 0.03472943231463432
INFO: Checkpoint 20000 saved !
INFO: I: 11380, U: 14864
INFO: I: 17049, U: 21061
INFO: I: 13039, U: 17122
INFO: I: 9943, U: 12892
INFO: I: 8925, U: 11564
INFO: I: 12629, U: 15967
INFO: I: 7943, U: 10721
INFO: I: 13105, U: 15738
INFO: I: 13147, U: 16363
INFO: I: 13227, U: 16473
INFO: I: 13416, U: 16771
INFO: I: 13159, U: 16085
INFO: I: 13114, U: 16381
INFO: I: 12241, U: 15506
INFO: I: 14385, U: 17293
INFO: I: 14757, U: 17750
INFO: I: 13813, U: 16799
INFO: I: 11635, U: 15134
INFO: I: 11416, U: 14413
INFO: I: 14560, U: 17744
INFO: Step:20000, Valid_Dice:0.8863584582053994
INFO: 20010 0.0452786423265934
INFO: 20020 0.04602551832795143
INFO: 20030 0.05181248113512993
INFO: 20040 0.03804069757461548
INFO: 20050 0.04545638710260391
INFO: 20060 0.04350586235523224
INFO: 20070 0.041571423411369324
INFO: 20080 0.04693134129047394
INFO: 20090 0.031184859573841095
INFO: 20100 0.05126200616359711
INFO: 20110 0.042139794677495956
INFO: 20120 0.0525248646736145
INFO: 20130 0.048694588243961334
INFO: 20140 0.049556322395801544
INFO: 20150 0.03495892882347107
INFO: 20160 0.04193919897079468
INFO: 20170 0.050489723682403564
INFO: 20180 0.043694041669368744
INFO: 20190 0.048678092658519745
INFO: 20200 0.05439593642950058
INFO: 20210 0.040044352412223816
INFO: 20220 0.041822489351034164
INFO: 20230 0.0355374813079834
INFO: 20240 0.036406226456165314
INFO: 20250 0.05583666265010834
INFO: 20260 0.04112644121050835
INFO: 20270 0.03769975155591965
INFO: 20280 0.0412231981754303
INFO: 20290 0.03872385993599892
INFO: 20300 0.04671254754066467
INFO: 20310 0.05678754299879074
INFO: 20320 0.042812492698431015
INFO: 20330 0.046386729925870895
INFO: 20340 0.029442541301250458
INFO: 20350 0.06095629185438156
INFO: 20360 0.056693583726882935
INFO: 20370 0.03942841291427612
INFO: 20380 0.06092143431305885
INFO: 20390 0.03715831786394119
INFO: 20400 0.035202089697122574
INFO: 20410 0.033151548355817795
INFO: 20420 0.05405455827713013
INFO: 20430 0.05952874571084976
INFO: 20440 0.03918273001909256
INFO: 20450 0.04309074953198433
INFO: 20460 0.04788648337125778
INFO: 20470 0.04529130831360817
INFO: 20480 0.05441923812031746
INFO: 20490 0.04533405974507332
INFO: 20500 0.05076787248253822
INFO: Checkpoint 20500 saved !
INFO: I: 11615, U: 15118
INFO: I: 17871, U: 21606
INFO: I: 13143, U: 17218
INFO: I: 10109, U: 13388
INFO: I: 9105, U: 11933
INFO: I: 12693, U: 16155
INFO: I: 8373, U: 11248
INFO: I: 13269, U: 15917
INFO: I: 13193, U: 16427
INFO: I: 13486, U: 16781
INFO: I: 13515, U: 16834
INFO: I: 13461, U: 16276
INFO: I: 13292, U: 16604
INFO: I: 12303, U: 15629
INFO: I: 14620, U: 17613
INFO: I: 14942, U: 17897
INFO: I: 13956, U: 17061
INFO: I: 11729, U: 15139
INFO: I: 11604, U: 14833
INFO: I: 14659, U: 17839
INFO: Step:20500, Valid_Dice:0.8863555746118271
INFO: 20510 0.03660964220762253
INFO: 20520 0.053950633853673935
INFO: 20530 0.043106257915496826
INFO: 20540 0.05291365459561348
INFO: 20550 0.06280340254306793
INFO: 20560 0.037230122834444046
INFO: 20570 0.041120778769254684
INFO: 20580 0.03963763266801834
INFO: 20590 0.03811536356806755
INFO: 20600 0.0652380883693695
INFO: 20610 0.033828191459178925
INFO: 20620 0.05002501979470253
INFO: 20630 0.038444533944129944
INFO: 20640 0.03736434876918793
INFO: 20650 0.03070775419473648
INFO: 20660 0.04263995215296745
INFO: 20670 0.034402720630168915
INFO: 20680 0.03795695677399635
INFO: 20690 0.07376821339130402
INFO: 20700 0.03905898705124855
INFO: 20710 0.05742175132036209
INFO: 20720 0.045620791614055634
INFO: 20730 0.04988403245806694
INFO: 20740 0.03631243109703064
INFO: 20750 0.033844221383333206
INFO: 20760 0.04796198755502701
INFO: 20770 0.052862681448459625
INFO: 20780 0.03040212020277977
INFO: 20790 0.050773266702890396
INFO: 20800 0.040305085480213165
INFO: 20810 0.03382351994514465
INFO: 20820 0.04155813902616501
INFO: 20830 0.06349193304777145
INFO: 20840 0.042851850390434265
INFO: 20850 0.059290532022714615
INFO: 20860 0.04493896663188934
INFO: 20870 0.03569759428501129
INFO: 20880 0.050150759518146515
INFO: 20890 0.052220702171325684
INFO: 20900 0.04637305065989494
INFO: 20910 0.04342961311340332
INFO: 20920 0.03640135005116463
INFO: 20930 0.08994453400373459
INFO: 20940 0.04232213273644447
INFO: 20950 0.03492070361971855
INFO: 20960 0.04216170683503151
INFO: 20970 0.052913445979356766
INFO: 20980 0.07616308331489563
INFO: 20990 0.03821085765957832
INFO: 21000 0.037810277193784714
INFO: Checkpoint 21000 saved !
INFO: I: 11387, U: 14785
INFO: I: 17305, U: 21022
INFO: I: 12846, U: 16807
INFO: I: 9765, U: 12618
INFO: I: 8916, U: 11532
INFO: I: 12408, U: 15786
INFO: I: 7997, U: 10662
INFO: I: 13084, U: 15619
INFO: I: 13076, U: 16116
INFO: I: 13154, U: 16273
INFO: I: 13326, U: 16519
INFO: I: 13070, U: 15877
INFO: I: 13096, U: 16252
INFO: I: 12066, U: 15199
INFO: I: 14316, U: 17230
INFO: I: 14508, U: 17433
INFO: I: 13723, U: 16729
INFO: I: 11513, U: 15053
INFO: I: 11275, U: 14219
INFO: I: 14460, U: 17481
INFO: Step:21000, Valid_Dice:0.8885373828722664
INFO: 21010 0.042542796581983566
INFO: 21020 0.032378606498241425
INFO: 21030 0.04007216542959213
INFO: 21040 0.03967684134840965
INFO: 21050 0.02903568744659424
INFO: 21060 0.06430518627166748
INFO: 21070 0.04654453694820404
INFO: 21080 0.049584969878196716
INFO: 21090 0.05057905986905098
INFO: 21100 0.03435084596276283
INFO: 21110 0.049511346966028214
INFO: 21120 0.04252667725086212
INFO: 21130 0.053850963711738586
INFO: 21140 0.043626826256513596
INFO: 21150 0.03161633387207985
INFO: 21160 0.030899764969944954
INFO: 21170 0.044084370136260986
INFO: 21180 0.05025392398238182
INFO: 21190 0.03341591730713844
INFO: 21200 0.05195777118206024
INFO: 21210 0.04867476969957352
INFO: 21220 0.0514979250729084
INFO: 21230 0.042282428592443466
INFO: 21240 0.04898102581501007
INFO: 21250 0.03167625516653061
INFO: 21260 0.02998543158173561
INFO: 21270 0.06790906935930252
INFO: 21280 0.03668205812573433
INFO: 21290 0.06156973913311958
INFO: 21300 0.03814954683184624
INFO: 21310 0.052675049751996994
INFO: 21320 0.04083847627043724
INFO: 21330 0.04489842802286148
INFO: 21340 0.06031568720936775
INFO: 21350 0.05886013060808182
INFO: 21360 0.03112603724002838
INFO: 21370 0.05749690532684326
INFO: 21380 0.03726435452699661
INFO: 21390 0.04154007136821747
INFO: 21400 0.050713930279016495
INFO: 21410 0.04461369663476944
INFO: 21420 0.036653101444244385
INFO: 21430 0.043588824570178986
INFO: 21440 0.03526752442121506
INFO: 21450 0.04101598635315895
INFO: 21460 0.0494769923388958
INFO: 21470 0.038294993340969086
INFO: 21480 0.03925167769193649
INFO: 21490 0.059909794479608536
INFO: 21500 0.03301677480340004
INFO: Checkpoint 21500 saved !
INFO: I: 11377, U: 14887
INFO: I: 17309, U: 21117
INFO: I: 12901, U: 16882
INFO: I: 9962, U: 13053
INFO: I: 8893, U: 11490
INFO: I: 12451, U: 15769
INFO: I: 8315, U: 11007
INFO: I: 13044, U: 15564
INFO: I: 13035, U: 16072
INFO: I: 13285, U: 16365
INFO: I: 13327, U: 16535
INFO: I: 13139, U: 15970
INFO: I: 12939, U: 16232
INFO: I: 12041, U: 15144
INFO: I: 14233, U: 17166
INFO: I: 14705, U: 17652
INFO: I: 13740, U: 16706
INFO: I: 11419, U: 14979
INFO: I: 11399, U: 14456
INFO: I: 14377, U: 17400
INFO: Step:21500, Valid_Dice:0.8878413287164179
INFO: 21510 0.030532311648130417
INFO: 21520 0.06823723018169403
INFO: 21530 0.03846781328320503
INFO: 21540 0.0428897999227047
INFO: 21550 0.05229693651199341
INFO: 21560 0.03211724013090134
INFO: 21570 0.03637179732322693
INFO: 21580 0.03897623345255852
INFO: 21590 0.057331059128046036
INFO: 21600 0.03914378210902214
INFO: 21610 0.05393407121300697
INFO: 21620 0.05434127151966095
INFO: 21630 0.04624544829130173
INFO: 21640 0.038807742297649384
INFO: 21650 0.057988300919532776
INFO: 21660 0.03778926655650139
INFO: 21670 0.04838672652840614
INFO: 21680 0.03709559515118599
INFO: 21690 0.03875016048550606
INFO: 21700 0.0422629714012146
INFO: 21710 0.03193856403231621
INFO: 21720 0.03870036080479622
INFO: 21730 0.031660549342632294
INFO: 21740 0.03864145651459694
INFO: 21750 0.03857702761888504
INFO: 21760 0.05145467072725296
INFO: 21770 0.04812179133296013
INFO: 21780 0.06375747919082642
INFO: 21790 0.06884435564279556
INFO: 21800 0.08273550122976303
INFO: 21810 0.09207240492105484
INFO: 21820 0.048159293830394745
INFO: 21830 0.03334285691380501
INFO: 21840 0.06645513325929642
INFO: 21850 0.04622979834675789
INFO: 21860 0.0474933385848999
INFO: 21870 0.03728462755680084
INFO: 21880 0.046147920191287994
INFO: 21890 0.04991074278950691
INFO: 21900 0.04730725660920143
INFO: 21910 0.04967178776860237
INFO: 21920 0.03737003356218338
INFO: 21930 0.0588122196495533
INFO: 21940 0.04518963769078255
INFO: 21950 0.039299193769693375
INFO: 21960 0.04511254280805588
INFO: 21970 0.0450410433113575
INFO: 21980 0.056338097900152206
INFO: 21990 0.04497997835278511
INFO: 22000 0.09939781576395035
INFO: Checkpoint 22000 saved !
INFO: I: 11482, U: 14948
INFO: I: 17559, U: 21282
INFO: I: 12991, U: 17019
INFO: I: 10028, U: 13154
INFO: I: 8958, U: 11679
INFO: I: 12507, U: 15808
INFO: I: 8157, U: 10924
INFO: I: 13100, U: 15718
INFO: I: 13151, U: 16272
INFO: I: 13272, U: 16454
INFO: I: 13342, U: 16608
INFO: I: 13296, U: 16191
INFO: I: 13153, U: 16383
INFO: I: 12180, U: 15317
INFO: I: 14463, U: 17428
INFO: I: 14789, U: 17756
INFO: I: 13826, U: 16833
INFO: I: 11587, U: 15151
INFO: I: 11500, U: 14589
INFO: I: 14507, U: 17523
INFO: Step:22000, Valid_Dice:0.8873892936595549
INFO: 22010 0.023031577467918396
INFO: 22020 0.03152989596128464
INFO: 22030 0.05009467154741287
INFO: 22040 0.04135870933532715
INFO: 22050 0.049734458327293396
INFO: 22060 0.04718781262636185
INFO: 22070 0.036808691918849945
INFO: 22080 0.04895830526947975
INFO: 22090 0.036278534680604935
INFO: 22100 0.04165657237172127
INFO: 22110 0.03648092597723007
INFO: 22120 0.030250832438468933
INFO: 22130 0.07206175476312637
INFO: 22140 0.0837327092885971
INFO: 22150 0.051127221435308456
INFO: 22160 0.09786324203014374
INFO: 22170 0.053273167461156845
INFO: 22180 0.06663309782743454
INFO: 22190 0.030495962128043175
INFO: 22200 0.033440906554460526
INFO: 22210 0.0705886259675026
INFO: 22220 0.029567675665020943
INFO: 22230 0.06930189579725266
INFO: 22240 0.04347258433699608
INFO: 22250 0.0409463495016098
INFO: 22260 0.039729803800582886
INFO: 22270 0.057752031832933426
INFO: 22280 0.029720019549131393
INFO: 22290 0.03838246315717697
INFO: 22300 0.019584856927394867
INFO: 22310 0.05206659063696861
INFO: 22320 0.04208879545331001
INFO: 22330 0.06949125975370407
INFO: 22340 0.05413910001516342
INFO: 22350 0.046022504568099976
INFO: 22360 0.04897746816277504
INFO: 22370 0.03760645166039467
INFO: 22380 0.0481288768351078
INFO: 22390 0.04806482419371605
INFO: 22400 0.047510866075754166
INFO: 22410 0.052067942917346954
INFO: 22420 0.02952917106449604
INFO: 22430 0.06269977986812592
INFO: 22440 0.04334279149770737
INFO: 22450 0.03353051841259003
INFO: 22460 0.041789960116147995
INFO: 22470 0.046225957572460175
INFO: 22480 0.037850599735975266
INFO: 22490 0.055023979395627975
INFO: 22500 0.06495015323162079
INFO: Checkpoint 22500 saved !
INFO: I: 11549, U: 15072
INFO: I: 18114, U: 21626
INFO: I: 13021, U: 17142
INFO: I: 10196, U: 13448
INFO: I: 9017, U: 11756
INFO: I: 12636, U: 15985
INFO: I: 8222, U: 10938
INFO: I: 13131, U: 15685
INFO: I: 13249, U: 16459
INFO: I: 13356, U: 16494
INFO: I: 13461, U: 16860
INFO: I: 13351, U: 16232
INFO: I: 13287, U: 16532
INFO: I: 12295, U: 15530
INFO: I: 14610, U: 17606
INFO: I: 14919, U: 17920
INFO: I: 13865, U: 16956
INFO: I: 11762, U: 15229
INFO: I: 11508, U: 14579
INFO: I: 14634, U: 17928
INFO: Step:22500, Valid_Dice:0.8873058408785115
INFO: 22510 0.04519437998533249
INFO: 22520 0.03779740631580353
INFO: 22530 0.038281217217445374
INFO: 22540 0.039835523813962936
INFO: 22550 0.04280509054660797
INFO: 22560 0.038399212062358856
INFO: 22570 0.04914779216051102
INFO: 22580 0.07230369746685028
INFO: 22590 0.036762796342372894
INFO: 22600 0.05905989930033684
INFO: 22610 0.03338755667209625
INFO: 22620 0.04744986444711685
INFO: 22630 0.03301629796624184
INFO: 22640 0.07523711025714874
INFO: 22650 0.038788482546806335
INFO: 22660 0.04081863909959793
INFO: 22670 0.03879475221037865
INFO: 22680 0.046656474471092224
INFO: 22690 0.08186304569244385
INFO: 22700 0.03152288496494293
INFO: 22710 0.03871028870344162
INFO: 22720 0.03868015110492706
INFO: 22730 0.05759843811392784
INFO: 22740 0.03877941146492958
INFO: 22750 0.048182059079408646
INFO: 22760 0.06110985577106476
INFO: 22770 0.03908083960413933
INFO: 22780 0.03748467564582825
INFO: 22790 0.029187476262450218
INFO: 22800 0.038248997181653976
INFO: 22810 0.050288114696741104
INFO: 22820 0.049403488636016846
INFO: 22830 0.050935737788677216
INFO: 22840 0.026701120659708977
INFO: 22850 0.046391941606998444
INFO: 22860 0.04762343317270279
INFO: 22870 0.05497327819466591
INFO: 22880 0.06000850722193718
INFO: 22890 0.03464675322175026
INFO: 22900 0.03963637724518776
INFO: 22910 0.0508730486035347
INFO: 22920 0.035529475659132004
INFO: 22930 0.03190407529473305
INFO: 22940 0.053050294518470764
INFO: 22950 0.04116392508149147
INFO: 22960 0.039474859833717346
INFO: 22970 0.05908084660768509
INFO: 22980 0.04419030249118805
INFO: 22990 0.036611296236515045
INFO: 23000 0.03664817661046982
INFO: Checkpoint 23000 saved !
INFO: I: 11674, U: 15324
INFO: I: 17646, U: 21531
INFO: I: 13232, U: 17430
INFO: I: 10052, U: 13320
INFO: I: 9149, U: 11980
INFO: I: 12703, U: 16106
INFO: I: 8308, U: 11135
INFO: I: 13306, U: 16101
INFO: I: 13366, U: 16604
INFO: I: 13475, U: 16688
INFO: I: 13585, U: 17024
INFO: I: 13557, U: 16447
INFO: I: 13304, U: 16608
INFO: I: 12429, U: 15956
INFO: I: 14809, U: 17895
INFO: I: 15138, U: 18089
INFO: I: 13950, U: 17132
INFO: I: 12102, U: 15438
INFO: I: 11787, U: 15079
INFO: I: 14751, U: 17958
INFO: Step:23000, Valid_Dice:0.8855568238781533
INFO: 23010 0.03401442989706993
INFO: 23020 0.04214935377240181
INFO: 23030 0.04058318957686424
INFO: 23040 0.06079497188329697
INFO: 23050 0.04418850690126419
INFO: 23060 0.05331980064511299
INFO: 23070 0.0496583990752697
INFO: 23080 0.04049547761678696
INFO: 23090 0.04617921635508537
INFO: 23100 0.04302382096648216
INFO: 23110 0.042677078396081924
INFO: 23120 0.04664296656847
INFO: 23130 0.03941760212182999
INFO: 23140 0.04347584396600723
INFO: 23150 0.04316270723938942
INFO: 23160 0.03783250227570534
INFO: 23170 0.03141416609287262
INFO: 23180 0.029300112277269363
INFO: 23190 0.03538414463400841
INFO: 23200 0.03495773300528526
INFO: 23210 0.02782159484922886
INFO: 23220 0.0217072032392025
INFO: 23230 0.04143597185611725
INFO: 23240 0.04964616522192955
INFO: 23250 0.05287567153573036
INFO: 23260 0.0401296392083168
INFO: 23270 0.055119775235652924
INFO: 23280 0.050778232514858246
INFO: 23290 0.08791235834360123
INFO: 23300 0.04783465340733528
INFO: 23310 0.028020620346069336
INFO: 23320 0.03013126738369465
INFO: 23330 0.043948352336883545
INFO: 23340 0.047239769250154495
INFO: 23350 0.04588816687464714
INFO: 23360 0.04501163586974144
INFO: 23370 0.03992608189582825
INFO: 23380 0.050941646099090576
INFO: 23390 0.03295118734240532
INFO: 23400 0.03746437281370163
INFO: 23410 0.041913729161024094
INFO: 23420 0.041078027337789536
INFO: 23430 0.0690242126584053
INFO: 23440 0.03165556117892265
INFO: 23450 0.061737269163131714
INFO: 23460 0.06908359378576279
INFO: 23470 0.049666762351989746
INFO: 23480 0.05588780343532562
INFO: 23490 0.06182336434721947
INFO: 23500 0.04253583773970604
INFO: Checkpoint 23500 saved !
INFO: I: 11416, U: 14794
INFO: I: 17084, U: 21359
INFO: I: 12870, U: 16862
INFO: I: 9999, U: 13124
INFO: I: 9043, U: 11713
INFO: I: 12466, U: 15859
INFO: I: 8255, U: 11041
INFO: I: 13125, U: 15728
INFO: I: 13094, U: 16109
INFO: I: 13391, U: 16521
INFO: I: 13351, U: 16604
INFO: I: 13269, U: 16122
INFO: I: 13056, U: 16453
INFO: I: 12152, U: 15423
INFO: I: 14507, U: 17469
INFO: I: 14734, U: 17617
INFO: I: 13783, U: 16950
INFO: I: 11706, U: 15106
INFO: I: 11447, U: 14479
INFO: I: 14502, U: 17613
INFO: Step:23500, Valid_Dice:0.8867381731635817
INFO: 23510 0.027931872755289078
INFO: 23520 0.03664756938815117
INFO: 23530 0.04985719919204712
INFO: 23540 0.04596753418445587
INFO: 23550 0.03424976021051407
INFO: 23560 0.04550696164369583
INFO: 23570 0.04123047739267349
INFO: 23580 0.03437548875808716
INFO: 23590 0.039415422827005386
INFO: 23600 0.05002855882048607
INFO: 23610 0.03193741664290428
INFO: 23620 0.0277747493237257
INFO: 23630 0.04706736281514168
INFO: 23640 0.04923470690846443
INFO: 23650 0.040436018258333206
INFO: 23660 0.03802679479122162
INFO: 23670 0.04491804540157318
INFO: 23680 0.028216732665896416
INFO: 23690 0.04166989028453827
INFO: 23700 0.0388055220246315
INFO: 23710 0.03828191012144089
INFO: 23720 0.05960488319396973
INFO: 23730 0.05544086918234825
INFO: 23740 0.046413909643888474
INFO: 23750 0.04199175536632538
INFO: 23760 0.03560500591993332
INFO: 23770 0.04053909331560135
INFO: 23780 0.04511798173189163
INFO: 23790 0.03865502029657364
INFO: 23800 0.042383164167404175
INFO: 23810 0.031239066272974014
INFO: 23820 0.040046751499176025
INFO: 23830 0.045383092015981674
INFO: 23840 0.050793420523405075
INFO: 23850 0.06780476123094559
INFO: 23860 0.0604514479637146
INFO: 23870 0.05469828471541405
INFO: 23880 0.040261607617139816
INFO: 23890 0.041755273938179016
INFO: 23900 0.03938518837094307
INFO: 23910 0.041174229234457016
INFO: 23920 0.043535266071558
INFO: 23930 0.044641926884651184
INFO: 23940 0.03809332847595215
INFO: 23950 0.04808918014168739
INFO: 23960 0.0975094735622406
INFO: 23970 0.041874684393405914
INFO: 23980 0.04830231890082359
INFO: 23990 0.05833963677287102
INFO: 24000 0.04554203897714615
INFO: Checkpoint 24000 saved !
INFO: I: 11638, U: 15391
INFO: I: 17874, U: 21693
INFO: I: 13122, U: 17329
INFO: I: 10326, U: 13784
INFO: I: 9165, U: 12064
INFO: I: 12766, U: 16276
INFO: I: 8513, U: 11318
INFO: I: 13221, U: 15980
INFO: I: 13277, U: 16491
INFO: I: 13600, U: 16976
INFO: I: 13528, U: 16956
INFO: I: 13475, U: 16451
INFO: I: 13436, U: 16798
INFO: I: 12267, U: 15695
INFO: I: 14586, U: 17690
INFO: I: 15017, U: 18079
INFO: I: 13859, U: 17033
INFO: I: 11993, U: 15402
INFO: I: 11639, U: 14870
INFO: I: 14628, U: 17893
INFO: Step:24000, Valid_Dice:0.884373709813846
INFO: 24010 0.03261973336338997
INFO: 24020 0.041419047862291336
INFO: 24030 0.04965594410896301
INFO: 24040 0.02974107675254345
INFO: 24050 0.035517558455467224
INFO: 24060 0.034866925328969955
INFO: 24070 0.043556757271289825
INFO: 24080 0.03216990828514099
INFO: 24090 0.04325228929519653
INFO: 24100 0.04242759570479393
INFO: 24110 0.04645776003599167
INFO: 24120 0.06784159690141678
INFO: 24130 0.05626954883337021
INFO: 24140 0.05023808032274246
INFO: 24150 0.057498738169670105
INFO: 24160 0.03524420037865639
INFO: 24170 0.031090613454580307
INFO: 24180 0.027568114921450615
INFO: 24190 0.044354792684316635
INFO: 24200 0.05002257227897644
INFO: 24210 0.054386962205171585
INFO: 24220 0.022711576893925667
INFO: 24230 0.040727563202381134
INFO: 24240 0.03897208347916603
INFO: 24250 0.028689855709671974
INFO: 24260 0.051684990525245667
INFO: 24270 0.042037952691316605
INFO: 24280 0.03436128422617912
INFO: 24290 0.048659548163414
INFO: 24300 0.05945192277431488
INFO: 24310 0.04739470034837723
INFO: 24320 0.026730380952358246
INFO: 24330 0.02865900844335556
INFO: 24340 0.04603012651205063
INFO: 24350 0.03762298449873924
INFO: 24360 0.03318000212311745
INFO: 24370 0.030946649610996246
INFO: 24380 0.029649754986166954
INFO: 24390 0.03745878115296364
INFO: 24400 0.0491790734231472
INFO: 24410 0.03434458747506142
INFO: 24420 0.02664145827293396
INFO: 24430 0.043441809713840485
INFO: 24440 0.030677977949380875
INFO: 24450 0.053515516221523285
INFO: 24460 0.047035474330186844
INFO: 24470 0.0673241838812828
INFO: 24480 0.04882512241601944
INFO: 24490 0.049790043383836746
INFO: 24500 0.0432562492787838
INFO: Checkpoint 24500 saved !
INFO: I: 11672, U: 15329
INFO: I: 17316, U: 21809
INFO: I: 13227, U: 17416
INFO: I: 10257, U: 13640
INFO: I: 9167, U: 12128
INFO: I: 12647, U: 16315
INFO: I: 8387, U: 11404
INFO: I: 13343, U: 16195
INFO: I: 13306, U: 16666
INFO: I: 13565, U: 16961
INFO: I: 13527, U: 17081
INFO: I: 13559, U: 16504
INFO: I: 13316, U: 16791
INFO: I: 12328, U: 15746
INFO: I: 14617, U: 17744
INFO: I: 15112, U: 18125
INFO: I: 13951, U: 17226
INFO: I: 11958, U: 15346
INFO: I: 11794, U: 15214
INFO: I: 14704, U: 17947
INFO: Step:24500, Valid_Dice:0.88198998830186
INFO: 24510 0.04591405764222145
INFO: 24520 0.038973595947027206
INFO: 24530 0.04465865716338158
INFO: 24540 0.04537062346935272
INFO: 24550 0.03577783703804016
INFO: 24560 0.06217917054891586
INFO: 24570 0.03875929117202759
INFO: 24580 0.034467313438653946
INFO: 24590 0.05332976207137108
INFO: 24600 0.037883926182985306
INFO: 24610 0.03767548128962517
INFO: 24620 0.042605046182870865
INFO: 24630 0.022271573543548584
INFO: 24640 0.03610806167125702
INFO: 24650 0.043803371489048004
INFO: 24660 0.023752547800540924
INFO: 24670 0.03864939883351326
INFO: 24680 0.027653872966766357
INFO: 24690 0.03770362585783005
INFO: 24700 0.04424065724015236
INFO: 24710 0.04594217613339424
INFO: 24720 0.0694778561592102
INFO: 24730 0.08606689423322678
INFO: 24740 0.03757584095001221
INFO: 24750 0.038606129586696625
INFO: 24760 0.04133313521742821
INFO: 24770 0.04219170659780502
INFO: 24780 0.036047063767910004
INFO: 24790 0.06132063642144203
INFO: 24800 0.04251570254564285
INFO: 24810 0.08049201965332031
INFO: 24820 0.0413963757455349
INFO: 24830 0.05628662183880806
INFO: 24840 0.04513491317629814
INFO: 24850 0.038703802973032
INFO: 24860 0.045488737523555756
INFO: 24870 0.043360691517591476
INFO: 24880 0.03359499201178551
INFO: 24890 0.04580316320061684
INFO: 24900 0.04118600860238075
INFO: 24910 0.03674328699707985
INFO: 24920 0.05645463988184929
INFO: 24930 0.030978046357631683
INFO: 24940 0.04559072479605675
INFO: 24950 0.05315766483545303
INFO: 24960 0.07465477287769318
INFO: 24970 0.04373159259557724
INFO: 24980 0.03184819221496582
INFO: 24990 0.02971300669014454
INFO: 25000 0.03788084164261818
INFO: Checkpoint 25000 saved !
INFO: I: 11472, U: 14979
INFO: I: 17526, U: 21418
INFO: I: 13127, U: 17290
INFO: I: 10055, U: 13320
INFO: I: 9020, U: 11747
INFO: I: 12667, U: 16054
INFO: I: 8418, U: 11130
INFO: I: 13168, U: 15823
INFO: I: 13159, U: 16259
INFO: I: 13494, U: 16763
INFO: I: 13517, U: 16898
INFO: I: 13360, U: 16258
INFO: I: 13284, U: 16557
INFO: I: 12258, U: 15602
INFO: I: 14681, U: 17675
INFO: I: 14974, U: 17976
INFO: I: 13884, U: 16970
INFO: I: 11838, U: 15236
INFO: I: 11609, U: 14859
INFO: I: 14646, U: 17745
INFO: Step:25000, Valid_Dice:0.8865803266690687
INFO: 25010 0.047858890146017075
INFO: 25020 0.040960121899843216
INFO: 25030 0.03958994150161743
INFO: 25040 0.04400882124900818
INFO: 25050 0.0518919862806797
INFO: 25060 0.037309013307094574
INFO: 25070 0.043385133147239685
INFO: 25080 0.06242785602807999
INFO: 25090 0.0469568632543087
INFO: 25100 0.04332367703318596
INFO: 25110 0.03546490520238876
INFO: 25120 0.03565076366066933
INFO: 25130 0.042689915746450424
INFO: 25140 0.040259674191474915
INFO: 25150 0.044212646782398224
INFO: 25160 0.06840261071920395
INFO: 25170 0.03751865774393082
INFO: 25180 0.0390201173722744
INFO: 25190 0.038819294422864914
INFO: 25200 0.03345947340130806
INFO: 25210 0.04625237360596657
INFO: 25220 0.040411029011011124
INFO: 25230 0.04301341995596886
INFO: 25240 0.04254443570971489
INFO: 25250 0.02376427687704563
INFO: 25260 0.04904995858669281
INFO: 25270 0.041661448776721954
INFO: 25280 0.04835357889533043
INFO: 25290 0.04366055130958557
INFO: 25300 0.04930834844708443
INFO: 25310 0.042051464319229126
INFO: 25320 0.0317237563431263
INFO: 25330 0.03551097959280014
INFO: 25340 0.06584848463535309
INFO: 25350 0.03724699094891548
INFO: 25360 0.047557979822158813
INFO: 25370 0.033299949020147324
INFO: 25380 0.04547710716724396
INFO: 25390 0.042610958218574524
INFO: 25400 0.05664923042058945
INFO: 25410 0.04475612938404083
INFO: 25420 0.033841099590063095
INFO: 25430 0.037369292229413986
INFO: 25440 0.04402649402618408
INFO: 25450 0.041047703474760056
INFO: 25460 0.0426417738199234
INFO: 25470 0.03312790021300316
INFO: 25480 0.031023839488625526
INFO: 25490 0.04000344127416611
INFO: 25500 0.04455675184726715
INFO: Checkpoint 25500 saved !
INFO: I: 11370, U: 14903
INFO: I: 17230, U: 21208
INFO: I: 13032, U: 17111
INFO: I: 9927, U: 12926
INFO: I: 8909, U: 11615
INFO: I: 12337, U: 15840
INFO: I: 8017, U: 10809
INFO: I: 13145, U: 15784
INFO: I: 13103, U: 16236
INFO: I: 13215, U: 16424
INFO: I: 13386, U: 16730
INFO: I: 13212, U: 16117
INFO: I: 13049, U: 16393
INFO: I: 12188, U: 15369
INFO: I: 14498, U: 17593
INFO: I: 14857, U: 17883
INFO: I: 13789, U: 16906
INFO: I: 11885, U: 15353
INFO: I: 11480, U: 14552
INFO: I: 14619, U: 17797
INFO: Step:25500, Valid_Dice:0.8855924120046227
INFO: 25510 0.04167962074279785
INFO: 25520 0.06426562368869781
INFO: 25530 0.05521233379840851
INFO: 25540 0.039302900433540344
INFO: 25550 0.03777464106678963
INFO: 25560 0.053067371249198914
INFO: 25570 0.054409705102443695
INFO: 25580 0.06465277075767517
INFO: 25590 0.04818429797887802
INFO: 25600 0.058751948177814484
INFO: 25610 0.055247627198696136
INFO: 25620 0.030430929735302925
INFO: 25630 0.036916960030794144
INFO: 25640 0.04948853328824043
INFO: 25650 0.04074997082352638
INFO: 25660 0.02724630758166313
INFO: 25670 0.03648465871810913
INFO: 25680 0.034778621047735214
INFO: 25690 0.047018859535455704
INFO: 25700 0.04357454553246498
INFO: 25710 0.0294372346252203
INFO: 25720 0.04268928989768028
INFO: 25730 0.046024076640605927
INFO: 25740 0.041258759796619415
INFO: 25750 0.027682384476065636
INFO: 25760 0.06678131222724915
INFO: 25770 0.044365789741277695
INFO: 25780 0.030932433903217316
INFO: 25790 0.04166188836097717
INFO: 25800 0.05139853432774544
INFO: 25810 0.05221905559301376
INFO: 25820 0.050418030470609665
INFO: 25830 0.03770575672388077
INFO: 25840 0.05611012130975723
INFO: 25850 0.038233403116464615
INFO: 25860 0.04713297262787819
INFO: 25870 0.05003201588988304
INFO: 25880 0.03653969243168831
INFO: 25890 0.03623466566205025
INFO: 25900 0.04173959791660309
INFO: 25910 0.048415347933769226
INFO: 25920 0.0425473116338253
INFO: 25930 0.04618702456355095
INFO: 25940 0.045470476150512695
INFO: 25950 0.04726095125079155
INFO: 25960 0.043204303830862045
INFO: 25970 0.035777512937784195
INFO: 25980 0.05254071205854416
INFO: 25990 0.04291544854640961
INFO: 26000 0.03664463013410568
INFO: Checkpoint 26000 saved !
INFO: I: 11626, U: 15192
INFO: I: 17864, U: 21497
INFO: I: 13163, U: 17380
INFO: I: 10119, U: 13651
INFO: I: 9096, U: 12009
INFO: I: 12716, U: 16270
INFO: I: 8477, U: 11474
INFO: I: 13252, U: 15944
INFO: I: 13228, U: 16482
INFO: I: 13526, U: 16854
INFO: I: 13543, U: 16954
INFO: I: 13389, U: 16287
INFO: I: 13321, U: 16626
INFO: I: 12287, U: 15519
INFO: I: 14638, U: 17719
INFO: I: 15003, U: 17987
INFO: I: 13947, U: 17019
INFO: I: 11855, U: 15326
INFO: I: 11750, U: 15328
INFO: I: 14609, U: 17808
INFO: Step:26000, Valid_Dice:0.8843225283527749
INFO: 26010 0.03584153950214386
INFO: 26020 0.06154278665781021
INFO: 26030 0.06673461943864822
INFO: 26040 0.05619905889034271
INFO: 26050 0.04485515132546425
INFO: 26060 0.0465138778090477
INFO: 26070 0.056577086448669434
INFO: 26080 0.0494922511279583
INFO: 26090 0.03916158899664879
INFO: 26100 0.04910990595817566
INFO: 26110 0.05317963287234306
INFO: 26120 0.058233946561813354
INFO: 26130 0.04750888794660568
INFO: 26140 0.04405226930975914
INFO: 26150 0.024074535816907883
INFO: 26160 0.052694544196128845
INFO: 26170 0.047551680356264114
INFO: 26180 0.04778625816106796
INFO: 26190 0.03836823254823685
INFO: 26200 0.037326667457818985
INFO: 26210 0.03548673540353775
INFO: 26220 0.05712343752384186
INFO: 26230 0.04544486850500107
INFO: 26240 0.032315272837877274
INFO: 26250 0.044684037566185
INFO: 26260 0.05002442002296448
INFO: 26270 0.03756338357925415
INFO: 26280 0.06342103332281113
INFO: 26290 0.03987986221909523
INFO: 26300 0.03962378948926926
INFO: 26310 0.04028742387890816
INFO: 26320 0.057038500905036926
INFO: 26330 0.025422776117920876
INFO: 26340 0.032615888863801956
INFO: 26350 0.048464421182870865
INFO: 26360 0.049333978444337845
INFO: 26370 0.041346702724695206
INFO: 26380 0.0452093742787838
INFO: 26390 0.07076950371265411
INFO: 26400 0.02594439685344696
INFO: 26410 0.04752217233181
INFO: 26420 0.03545886650681496
INFO: 26430 0.02275027520954609
INFO: 26440 0.050206370651721954
INFO: 26450 0.03570851311087608
INFO: 26460 0.03208503872156143
INFO: 26470 0.05013186112046242
INFO: 26480 0.04103979095816612
INFO: 26490 0.01910729520022869
INFO: 26500 0.05798700079321861
INFO: Checkpoint 26500 saved !
INFO: I: 11198, U: 14655
INFO: I: 16973, U: 20941
INFO: I: 12853, U: 16895
INFO: I: 9649, U: 12625
INFO: I: 8802, U: 11467
INFO: I: 12346, U: 15679
INFO: I: 7896, U: 10733
INFO: I: 12990, U: 15550
INFO: I: 12946, U: 15923
INFO: I: 13116, U: 16262
INFO: I: 13270, U: 16385
INFO: I: 12964, U: 15898
INFO: I: 12820, U: 16106
INFO: I: 11986, U: 15148
INFO: I: 14111, U: 17155
INFO: I: 14517, U: 17570
INFO: I: 13619, U: 16535
INFO: I: 11575, U: 15033
INFO: I: 11401, U: 14507
INFO: I: 14255, U: 17275
INFO: Step:26500, Valid_Dice:0.8858932898398176
INFO: 26510 0.0459882915019989
INFO: 26520 0.05790075659751892
INFO: 26530 0.04608294367790222
INFO: 26540 0.0350203812122345
INFO: 26550 0.044964712113142014
INFO: 26560 0.03635921701788902
INFO: 26570 0.05381834879517555
INFO: 26580 0.04357331618666649
INFO: 26590 0.04540499672293663
INFO: 26600 0.051657017320394516
INFO: 26610 0.035592690110206604
INFO: 26620 0.047299016267061234
INFO: 26630 0.037175629287958145
INFO: 26640 0.04001835361123085
INFO: 26650 0.04397877678275108
INFO: 26660 0.03873030096292496
INFO: 26670 0.03990098088979721
INFO: 26680 0.027833178639411926
INFO: 26690 0.04276006296277046
INFO: 26700 0.04037443920969963
INFO: 26710 0.047591082751750946
INFO: 26720 0.025879858061671257
INFO: 26730 0.06857772916555405
INFO: 26740 0.055302027612924576
INFO: 26750 0.039206843823194504
INFO: 26760 0.035950932651758194
INFO: 26770 0.04168417304754257
INFO: 26780 0.04659789800643921
INFO: 26790 0.028099140152335167
INFO: 26800 0.049537159502506256
INFO: 26810 0.036954060196876526
INFO: 26820 0.03686606511473656
INFO: 26830 0.034876175224781036
INFO: 26840 0.03659200295805931
INFO: 26850 0.043257616460323334
INFO: 26860 0.043653372675180435
INFO: 26870 0.03070642054080963
INFO: 26880 0.03728805482387543
INFO: 26890 0.03686503693461418
INFO: 26900 0.04483000934123993
INFO: 26910 0.029468823224306107
INFO: 26920 0.050379786640405655
INFO: 26930 0.03755977004766464
INFO: 26940 0.04571150615811348
INFO: 26950 0.04194268211722374
INFO: 26960 0.026540307328104973
INFO: 26970 0.036332692950963974
INFO: 26980 0.04042288288474083
INFO: 26990 0.04133276268839836
INFO: 27000 0.02555864490568638
INFO: Checkpoint 27000 saved !
INFO: I: 11226, U: 14774
INFO: I: 17635, U: 21189
INFO: I: 12720, U: 16686
INFO: I: 9951, U: 12862
INFO: I: 8749, U: 11393
INFO: I: 12240, U: 15628
INFO: I: 8108, U: 10843
INFO: I: 12992, U: 15455
INFO: I: 12932, U: 15953
INFO: I: 13195, U: 16262
INFO: I: 13188, U: 16355
INFO: I: 12967, U: 15884
INFO: I: 13022, U: 16182
INFO: I: 12003, U: 15048
INFO: I: 14119, U: 17152
INFO: I: 14608, U: 17498
INFO: I: 13634, U: 16582
INFO: I: 11402, U: 14984
INFO: I: 11434, U: 14443
INFO: I: 14359, U: 17355
INFO: Step:27000, Valid_Dice:0.8878464015505025
INFO: 27010 0.03895577788352966
INFO: 27020 0.03558405488729477
INFO: 27030 0.05878828093409538
INFO: 27040 0.03801098093390465
INFO: 27050 0.03912797197699547
INFO: 27060 0.040327806025743484
INFO: 27070 0.05686038359999657
INFO: 27080 0.04309878498315811
INFO: 27090 0.0318424254655838
INFO: 27100 0.038498908281326294
INFO: 27110 0.03594931215047836
INFO: 27120 0.04343985393643379
INFO: 27130 0.046294525265693665
INFO: 27140 0.0323655940592289
INFO: 27150 0.05345511436462402
INFO: 27160 0.04050411656498909
INFO: 27170 0.06498946249485016
INFO: 27180 0.07199010998010635
INFO: 27190 0.040801893919706345
INFO: 27200 0.04350118711590767
INFO: 27210 0.04991964250802994
INFO: 27220 0.039588563144207
INFO: 27230 0.039649348706007004
INFO: 27240 0.040681663900613785
INFO: 27250 0.06513705849647522
INFO: 27260 0.037423234432935715
INFO: 27270 0.03050469420850277
INFO: 27280 0.04031727835536003
INFO: 27290 0.03166672959923744
INFO: 27300 0.04740680009126663
INFO: 27310 0.07024756819009781
INFO: 27320 0.049386534839868546
INFO: 27330 0.041756097227334976
INFO: 27340 0.034771986305713654
INFO: 27350 0.05579055845737457
INFO: 27360 0.045812949538230896
INFO: 27370 0.03557213023304939
INFO: 27380 0.04449671879410744
INFO: 27390 0.05491728335618973
INFO: 27400 0.043232716619968414
INFO: 27410 0.044089436531066895
INFO: 27420 0.04314672574400902
INFO: 27430 0.03125927597284317
INFO: 27440 0.04369252920150757
INFO: 27450 0.04733382910490036
INFO: 27460 0.032636310905218124
INFO: 27470 0.048259906470775604
INFO: 27480 0.04440634325146675
INFO: 27490 0.042848628014326096
INFO: 27500 0.047311123460531235
INFO: Checkpoint 27500 saved !
INFO: I: 11379, U: 14803
INFO: I: 17669, U: 21412
INFO: I: 12827, U: 16764
INFO: I: 9987, U: 13422
INFO: I: 8863, U: 11630
INFO: I: 12350, U: 15828
INFO: I: 8269, U: 11120
INFO: I: 13041, U: 15596
INFO: I: 12874, U: 15896
INFO: I: 13372, U: 16587
INFO: I: 13253, U: 16468
INFO: I: 13132, U: 15981
INFO: I: 13108, U: 16392
INFO: I: 11918, U: 15040
INFO: I: 14276, U: 17289
INFO: I: 14710, U: 17643
INFO: I: 13699, U: 16678
INFO: I: 11381, U: 14937
INFO: I: 11442, U: 14571
INFO: I: 14333, U: 17390
INFO: Step:27500, Valid_Dice:0.8858742379323093
INFO: 27510 0.046970684081315994
INFO: 27520 0.03325890377163887
INFO: 27530 0.040888212621212006
INFO: 27540 0.056450776755809784
INFO: 27550 0.04726799577474594
INFO: 27560 0.039998844265937805
INFO: 27570 0.05074819177389145
INFO: 27580 0.03685186430811882
INFO: 27590 0.046045124530792236
INFO: 27600 0.02095108851790428
INFO: 27610 0.05315762758255005
INFO: 27620 0.03384437784552574
INFO: 27630 0.035994190722703934
INFO: 27640 0.05762669816613197
INFO: 27650 0.03035980463027954
INFO: 27660 0.046441592276096344
INFO: 27670 0.04117092862725258
INFO: 27680 0.08136022090911865
INFO: 27690 0.029836779460310936
INFO: 27700 0.04487057775259018
INFO: 27710 0.02870761975646019
INFO: 27720 0.060486000031232834
INFO: 27730 0.07933422923088074
INFO: 27740 0.04917187988758087
INFO: 27750 0.04710618779063225
INFO: 27760 0.053280968219041824
INFO: 27770 0.050791576504707336
INFO: 27780 0.04254072904586792
INFO: 27790 0.029705582186579704
INFO: 27800 0.04456706345081329
INFO: 27810 0.059869877994060516
INFO: 27820 0.03341204673051834
INFO: 27830 0.04239889979362488
INFO: 27840 0.04149997606873512
INFO: 27850 0.040166497230529785
INFO: 27860 0.03070566989481449
INFO: 27870 0.0464087538421154
INFO: 27880 0.041934430599212646
INFO: 27890 0.05654013529419899
INFO: 27900 0.046951305121183395
INFO: 27910 0.05799315124750137
INFO: 27920 0.0534585565328598
INFO: 27930 0.030814697965979576
INFO: 27940 0.0415172316133976
INFO: 27950 0.04595545679330826
INFO: 27960 0.04599079117178917
INFO: 27970 0.043087780475616455
INFO: 27980 0.08556316792964935
INFO: 27990 0.03923243284225464
INFO: 28000 0.024531520903110504
INFO: Checkpoint 28000 saved !
INFO: I: 11322, U: 14667
INFO: I: 17109, U: 21014
INFO: I: 12907, U: 16926
INFO: I: 9960, U: 12973
INFO: I: 8771, U: 11486
INFO: I: 12249, U: 15642
INFO: I: 8086, U: 10726
INFO: I: 12981, U: 15517
INFO: I: 12888, U: 15882
INFO: I: 13226, U: 16302
INFO: I: 13276, U: 16419
INFO: I: 13149, U: 15991
INFO: I: 13022, U: 16199
INFO: I: 12059, U: 15133
INFO: I: 14408, U: 17413
INFO: I: 14652, U: 17632
INFO: I: 13630, U: 16640
INFO: I: 11675, U: 15119
INFO: I: 11391, U: 14364
INFO: I: 14385, U: 17366
INFO: Step:28000, Valid_Dice:0.8880169268895971
INFO: 28010 0.03747177869081497
INFO: 28020 0.06525135785341263
INFO: 28030 0.03830631822347641
INFO: 28040 0.03869036212563515
INFO: 28050 0.035985808819532394
INFO: 28060 0.04511979967355728
INFO: 28070 0.052116815000772476
INFO: 28080 0.05083820968866348
INFO: 28090 0.03545010834932327
INFO: 28100 0.046289291232824326
INFO: 28110 0.04297422617673874
INFO: 28120 0.03624124452471733
INFO: 28130 0.05137108266353607
INFO: 28140 0.04413383826613426
INFO: 28150 0.025196170434355736
INFO: 28160 0.05713269114494324
INFO: 28170 0.041073862463235855
INFO: 28180 0.037136420607566833
INFO: 28190 0.03391838073730469
INFO: 28200 0.036744214594364166
INFO: 28210 0.03919081762433052
INFO: 28220 0.0408233143389225
INFO: 28230 0.039128370583057404
INFO: 28240 0.04682968929409981
INFO: 28250 0.044763464480638504
INFO: 28260 0.025791281834244728
INFO: 28270 0.032378435134887695
INFO: 28280 0.042852286249399185
INFO: 28290 0.030281104147434235
INFO: 28300 0.031200092285871506
INFO: 28310 0.0268887747079134
INFO: 28320 0.035916417837142944
INFO: 28330 0.037672966718673706
INFO: 28340 0.04251255467534065
INFO: 28350 0.06013692542910576
INFO: 28360 0.048578809946775436
INFO: 28370 0.04021237790584564
INFO: 28380 0.05510438233613968
INFO: 28390 0.03515506163239479
INFO: 28400 0.07931838184595108
INFO: 28410 0.04475982114672661
INFO: 28420 0.03585899621248245
INFO: 28430 0.04194233566522598
INFO: 28440 0.03499388322234154
INFO: 28450 0.03481268137693405
INFO: 28460 0.037575580179691315
INFO: 28470 0.03471752256155014
INFO: 28480 0.027180328965187073
INFO: 28490 0.03188791498541832
INFO: 28500 0.041319865733385086
INFO: Checkpoint 28500 saved !
INFO: I: 11232, U: 14661
INFO: I: 17417, U: 20988
INFO: I: 12803, U: 16699
INFO: I: 9713, U: 12696
INFO: I: 8774, U: 11493
INFO: I: 12392, U: 15714
INFO: I: 7917, U: 10687
INFO: I: 13057, U: 15524
INFO: I: 12941, U: 15826
INFO: I: 13254, U: 16312
INFO: I: 13212, U: 16289
INFO: I: 13016, U: 15887
INFO: I: 13076, U: 16214
INFO: I: 11990, U: 14997
INFO: I: 14154, U: 17182
INFO: I: 14538, U: 17557
INFO: I: 13647, U: 16606
INFO: I: 11429, U: 15005
INFO: I: 11410, U: 14459
INFO: I: 14292, U: 17255
INFO: Step:28500, Valid_Dice:0.8880184106722959
INFO: 28510 0.035121943801641464
INFO: 28520 0.029087230563163757
INFO: 28530 0.04231542348861694
INFO: 28540 0.031473997980356216
INFO: 28550 0.029667459428310394
INFO: 28560 0.04742064327001572
INFO: 28570 0.047727491706609726
INFO: 28580 0.0682811290025711
INFO: 28590 0.040668390691280365
INFO: 28600 0.03603557497262955
INFO: 28610 0.046581242233514786
INFO: 28620 0.030370837077498436
INFO: 28630 0.04362671077251434
INFO: 28640 0.035260096192359924
INFO: 28650 0.0364731028676033
INFO: 28660 0.0374467633664608
INFO: 28670 0.04961737245321274
INFO: 28680 0.04067043587565422
INFO: 28690 0.057522863149642944
INFO: 28700 0.060791485011577606
INFO: 28710 0.027461232617497444
INFO: 28720 0.03417535871267319
INFO: 28730 0.05005110055208206
INFO: 28740 0.04936891421675682
INFO: 28750 0.04202651232481003
INFO: 28760 0.035380467772483826
INFO: 28770 0.024539006873965263
INFO: 28780 0.039806053042411804
INFO: 28790 0.04429791867733002
INFO: 28800 0.02904490940272808
INFO: 28810 0.06734057515859604
INFO: 28820 0.06774381548166275
INFO: 28830 0.048176977783441544
INFO: 28840 0.042882826179265976
INFO: 28850 0.04154490679502487
INFO: 28860 0.05345378443598747
INFO: 28870 0.02711430750787258
INFO: 28880 0.0366528145968914
INFO: 28890 0.059697266668081284
INFO: 28900 0.026171719655394554
INFO: 28910 0.03899528086185455
INFO: 28920 0.053949907422065735
INFO: 28930 0.03665231540799141
INFO: 28940 0.04353124648332596
INFO: 28950 0.052697569131851196
INFO: 28960 0.05811009556055069
INFO: 28970 0.04411572217941284
INFO: 28980 0.053114451467990875
INFO: 28990 0.048439234495162964
INFO: 29000 0.02989349327981472
INFO: Checkpoint 29000 saved !
INFO: I: 11336, U: 15395
INFO: I: 17302, U: 21263
INFO: I: 12955, U: 17139
INFO: I: 9989, U: 13095
INFO: I: 8924, U: 11661
INFO: I: 12427, U: 15943
INFO: I: 8299, U: 11017
INFO: I: 13077, U: 15728
INFO: I: 13049, U: 16129
INFO: I: 13411, U: 16642
INFO: I: 13357, U: 16732
INFO: I: 13165, U: 16161
INFO: I: 13078, U: 16373
INFO: I: 12066, U: 15366
INFO: I: 14493, U: 17487
INFO: I: 14796, U: 17807
INFO: I: 13741, U: 16872
INFO: I: 11841, U: 15254
INFO: I: 11457, U: 14606
INFO: I: 14487, U: 17596
INFO: Step:29000, Valid_Dice:0.884535098277557
INFO: 29010 0.04732493683695793
INFO: 29020 0.04771559312939644
INFO: 29030 0.04546850174665451
INFO: 29040 0.047802895307540894
INFO: 29050 0.040599457919597626
INFO: 29060 0.050962913781404495
INFO: 29070 0.048548534512519836
INFO: 29080 0.030646441504359245
INFO: 29090 0.045940905809402466
INFO: 29100 0.024353785440325737
INFO: 29110 0.037891730666160583
INFO: 29120 0.03216530382633209
INFO: 29130 0.03501931205391884
INFO: 29140 0.040671996772289276
INFO: 29150 0.041720252484083176
INFO: 29160 0.042344361543655396
INFO: 29170 0.03903336822986603
INFO: 29180 0.032964400947093964
INFO: 29190 0.04142879694700241
INFO: 29200 0.030818939208984375
INFO: 29210 0.038200609385967255
INFO: 29220 0.03407081216573715
INFO: 29230 0.04930996149778366
INFO: 29240 0.03947335109114647
INFO: 29250 0.06676827371120453
INFO: 29260 0.05177650600671768
INFO: 29270 0.049318280071020126
INFO: 29280 0.0200948603451252
INFO: 29290 0.059247758239507675
INFO: 29300 0.03323179855942726
INFO: 29310 0.042816877365112305
INFO: 29320 0.0411018468439579
INFO: 29330 0.055305540561676025
INFO: 29340 0.04575059935450554
INFO: 29350 0.030329247936606407
INFO: 29360 0.04017878323793411
INFO: 29370 0.046333860605955124
INFO: 29380 0.04376094415783882
INFO: 29390 0.05180111527442932
INFO: 29400 0.037878699600696564
INFO: 29410 0.04223841428756714
INFO: 29420 0.03192827105522156
INFO: 29430 0.039784062653779984
INFO: 29440 0.0379878468811512
INFO: 29450 0.04268840700387955
INFO: 29460 0.0442282035946846
INFO: 29470 0.04548245668411255
INFO: 29480 0.04635844752192497
INFO: 29490 0.046036332845687866
INFO: 29500 0.026959862560033798
INFO: Checkpoint 29500 saved !
INFO: I: 11209, U: 14746
INFO: I: 17329, U: 21193
INFO: I: 12829, U: 16879
INFO: I: 9928, U: 13154
INFO: I: 8900, U: 11662
INFO: I: 12344, U: 15666
INFO: I: 8112, U: 10922
INFO: I: 13011, U: 15572
INFO: I: 13069, U: 16005
INFO: I: 13224, U: 16362
INFO: I: 13253, U: 16427
INFO: I: 13182, U: 16074
INFO: I: 12976, U: 16184
INFO: I: 12112, U: 15317
INFO: I: 14468, U: 17398
INFO: I: 14664, U: 17678
INFO: I: 13715, U: 16804
INFO: I: 11652, U: 15195
INFO: I: 11589, U: 14716
INFO: I: 14470, U: 17499
INFO: Step:29500, Valid_Dice:0.8862763337988527
INFO: 29510 0.042682286351919174
INFO: 29520 0.051061131060123444
INFO: 29530 0.049300748854875565
INFO: 29540 0.03874167799949646
INFO: 29550 0.04609920457005501
INFO: 29560 0.04140783101320267
INFO: 29570 0.03752971068024635
INFO: 29580 0.029032275080680847
INFO: 29590 0.04377410188317299
INFO: 29600 0.04023922607302666
INFO: 29610 0.040651869028806686
INFO: 29620 0.03740645945072174
INFO: 29630 0.04374534264206886
INFO: 29640 0.03670637309551239
INFO: 29650 0.032540563493967056
INFO: 29660 0.039183955639600754
INFO: 29670 0.04222545027732849
INFO: 29680 0.03525581583380699
INFO: 29690 0.03635691478848457
INFO: 29700 0.04820186272263527
INFO: 29710 0.05727142468094826
INFO: 29720 0.052177898585796356
INFO: 29730 0.05184179171919823
INFO: 29740 0.03744563087821007
INFO: 29750 0.0529402531683445
INFO: 29760 0.05098497495055199
INFO: 29770 0.03653354570269585
INFO: 29780 0.04303472116589546
INFO: 29790 0.040275171399116516
INFO: 29800 0.08044758439064026
INFO: 29810 0.04693526402115822
INFO: 29820 0.04622415080666542
INFO: 29830 0.0529780350625515
INFO: 29840 0.023975256830453873
INFO: 29850 0.04796385020017624
INFO: 29860 0.04219840094447136
INFO: 29870 0.05104992911219597
INFO: 29880 0.04413512349128723
INFO: 29890 0.03658614680171013
INFO: 29900 0.0783626139163971
INFO: 29910 0.0336696095764637
INFO: 29920 0.035856712609529495
INFO: 29930 0.04693010449409485
INFO: 29940 0.04000208526849747
INFO: 29950 0.02893684059381485
INFO: 29960 0.0378585048019886
INFO: 29970 0.05283636599779129
INFO: 29980 0.02887233905494213
INFO: 29990 0.02868611365556717
INFO: 30000 0.03347405418753624
INFO: Checkpoint 30000 saved !
INFO: I: 11330, U: 14767
INFO: I: 17369, U: 21013
INFO: I: 12890, U: 16860
INFO: I: 9903, U: 12990
INFO: I: 8882, U: 11537
INFO: I: 12450, U: 15808
INFO: I: 8091, U: 10776
INFO: I: 12970, U: 15503
INFO: I: 13035, U: 16084
INFO: I: 13206, U: 16398
INFO: I: 13287, U: 16520
INFO: I: 13092, U: 15986
INFO: I: 13033, U: 16290
INFO: I: 12099, U: 15210
INFO: I: 14083, U: 17133
INFO: I: 14602, U: 17601
INFO: I: 13694, U: 16587
INFO: I: 11488, U: 15017
INFO: I: 11347, U: 14301
INFO: I: 14383, U: 17431
INFO: Step:30000, Valid_Dice:0.8874461759289758
