INFO: Using device cuda
INFO: DataParallel(
  (module): IPN_V2(
    (input3d): InConv3d(
      (in_conv): Sequential(
        (0): Conv3d(2, 64, kernel_size=(3, 3, 3), stride=(1, 1, 1), padding=(1, 1, 1))
        (1): ReLU(inplace=True)
      )
    )
    (PLM1): PLM(
      (plm): Sequential(
        (0): MaxPool3d(kernel_size=[8, 1, 1], stride=[8, 1, 1], padding=0, dilation=1, ceil_mode=False)
        (1): Conv3d(64, 64, kernel_size=(3, 3, 3), stride=(1, 1, 1), padding=(1, 1, 1))
        (2): ReLU(inplace=True)
        (3): Conv3d(64, 64, kernel_size=(3, 3, 3), stride=(1, 1, 1), padding=(1, 1, 1))
        (4): ReLU(inplace=True)
      )
    )
    (PLM2): PLM(
      (plm): Sequential(
        (0): MaxPool3d(kernel_size=[5, 1, 1], stride=[5, 1, 1], padding=0, dilation=1, ceil_mode=False)
        (1): Conv3d(64, 64, kernel_size=(3, 3, 3), stride=(1, 1, 1), padding=(1, 1, 1))
        (2): ReLU(inplace=True)
        (3): Conv3d(64, 64, kernel_size=(3, 3, 3), stride=(1, 1, 1), padding=(1, 1, 1))
        (4): ReLU(inplace=True)
      )
    )
    (PLM3): PLM(
      (plm): Sequential(
        (0): MaxPool3d(kernel_size=[4, 1, 1], stride=[4, 1, 1], padding=0, dilation=1, ceil_mode=False)
        (1): Conv3d(64, 64, kernel_size=(3, 3, 3), stride=(1, 1, 1), padding=(1, 1, 1))
        (2): ReLU(inplace=True)
        (3): Conv3d(64, 64, kernel_size=(3, 3, 3), stride=(1, 1, 1), padding=(1, 1, 1))
        (4): ReLU(inplace=True)
      )
    )
    (input2d): skip(
      (double2dconv): DoubleConv(
        (double_conv): Sequential(
          (0): Conv2d(128, 64, kernel_size=(3, 3), stride=(1, 1), padding=(1, 1))
          (1): ReLU(inplace=True)
          (2): Conv2d(64, 64, kernel_size=(3, 3), stride=(1, 1), padding=(1, 1))
          (3): ReLU(inplace=True)
        )
      )
      (skip_conv): Conv3d(64, 64, kernel_size=(160, 1, 1), stride=(160, 1, 1))
    )
    (pp): UNet(
      (inc): DoubleConv(
        (double_conv): Sequential(
          (0): Conv2d(64, 64, kernel_size=(3, 3), stride=(1, 1), padding=(1, 1))
          (1): ReLU(inplace=True)
          (2): Conv2d(64, 64, kernel_size=(3, 3), stride=(1, 1), padding=(1, 1))
          (3): ReLU(inplace=True)
        )
      )
      (down1): Down(
        (maxpool_conv): Sequential(
          (0): MaxPool2d(kernel_size=2, stride=2, padding=0, dilation=1, ceil_mode=False)
          (1): DoubleConv(
            (double_conv): Sequential(
              (0): Conv2d(64, 64, kernel_size=(3, 3), stride=(1, 1), padding=(1, 1))
              (1): ReLU(inplace=True)
              (2): Conv2d(64, 64, kernel_size=(3, 3), stride=(1, 1), padding=(1, 1))
              (3): ReLU(inplace=True)
            )
          )
        )
      )
      (down2): Down(
        (maxpool_conv): Sequential(
          (0): MaxPool2d(kernel_size=2, stride=2, padding=0, dilation=1, ceil_mode=False)
          (1): DoubleConv(
            (double_conv): Sequential(
              (0): Conv2d(64, 64, kernel_size=(3, 3), stride=(1, 1), padding=(1, 1))
              (1): ReLU(inplace=True)
              (2): Conv2d(64, 64, kernel_size=(3, 3), stride=(1, 1), padding=(1, 1))
              (3): ReLU(inplace=True)
            )
          )
        )
      )
      (down3): Down(
        (maxpool_conv): Sequential(
          (0): MaxPool2d(kernel_size=2, stride=2, padding=0, dilation=1, ceil_mode=False)
          (1): DoubleConv(
            (double_conv): Sequential(
              (0): Conv2d(64, 64, kernel_size=(3, 3), stride=(1, 1), padding=(1, 1))
              (1): ReLU(inplace=True)
              (2): Conv2d(64, 64, kernel_size=(3, 3), stride=(1, 1), padding=(1, 1))
              (3): ReLU(inplace=True)
            )
          )
        )
      )
      (down4): Down(
        (maxpool_conv): Sequential(
          (0): MaxPool2d(kernel_size=2, stride=2, padding=0, dilation=1, ceil_mode=False)
          (1): DoubleConv(
            (double_conv): Sequential(
              (0): Conv2d(64, 64, kernel_size=(3, 3), stride=(1, 1), padding=(1, 1))
              (1): ReLU(inplace=True)
              (2): Conv2d(64, 64, kernel_size=(3, 3), stride=(1, 1), padding=(1, 1))
              (3): ReLU(inplace=True)
            )
          )
        )
      )
      (up1): Up(
        (up): Upsample(scale_factor=2.0, mode=bilinear)
        (conv): DoubleConv(
          (double_conv): Sequential(
            (0): Conv2d(128, 64, kernel_size=(3, 3), stride=(1, 1), padding=(1, 1))
            (1): ReLU(inplace=True)
            (2): Conv2d(64, 64, kernel_size=(3, 3), stride=(1, 1), padding=(1, 1))
            (3): ReLU(inplace=True)
          )
        )
      )
      (up2): Up(
        (up): Upsample(scale_factor=2.0, mode=bilinear)
        (conv): DoubleConv(
          (double_conv): Sequential(
            (0): Conv2d(128, 64, kernel_size=(3, 3), stride=(1, 1), padding=(1, 1))
            (1): ReLU(inplace=True)
            (2): Conv2d(64, 64, kernel_size=(3, 3), stride=(1, 1), padding=(1, 1))
            (3): ReLU(inplace=True)
          )
        )
      )
      (up3): Up(
        (up): Upsample(scale_factor=2.0, mode=bilinear)
        (conv): DoubleConv(
          (double_conv): Sequential(
            (0): Conv2d(128, 64, kernel_size=(3, 3), stride=(1, 1), padding=(1, 1))
            (1): ReLU(inplace=True)
            (2): Conv2d(64, 64, kernel_size=(3, 3), stride=(1, 1), padding=(1, 1))
            (3): ReLU(inplace=True)
          )
        )
      )
      (up4): Up(
        (up): Upsample(scale_factor=2.0, mode=bilinear)
        (conv): DoubleConv(
          (double_conv): Sequential(
            (0): Conv2d(128, 64, kernel_size=(3, 3), stride=(1, 1), padding=(1, 1))
            (1): ReLU(inplace=True)
            (2): Conv2d(64, 64, kernel_size=(3, 3), stride=(1, 1), padding=(1, 1))
            (3): ReLU(inplace=True)
          )
        )
      )
      (outc): OutConv2d(
        (conv): Conv2d(64, 2, kernel_size=(1, 1), stride=(1, 1))
      )
    )
  )
)
INFO: 0 0.6238650679588318
INFO: Checkpoint 0 saved !
INFO: I: 0, U: 13321
INFO: I: 0, U: 19756
INFO: I: 0, U: 15086
INFO: I: 0, U: 11156
INFO: I: 0, U: 10304
INFO: I: 0, U: 14289
INFO: I: 0, U: 9661
INFO: I: 0, U: 14167
INFO: I: 0, U: 14587
INFO: I: 0, U: 14867
INFO: I: 0, U: 15098
INFO: I: 0, U: 15026
INFO: I: 0, U: 14941
INFO: I: 0, U: 13681
INFO: I: 0, U: 16089
INFO: I: 0, U: 16600
INFO: I: 0, U: 15280
INFO: I: 0, U: 14284
INFO: I: 0, U: 12753
INFO: I: 0, U: 15996
INFO: Step:0, Valid_Dice:0.0
INFO: 10 0.6151403784751892
INFO: 20 0.5090253949165344
INFO: 30 0.37111812829971313
INFO: 40 0.2962160110473633
INFO: 50 0.2589549422264099
INFO: 60 0.3783188462257385
INFO: 70 0.3299570679664612
INFO: 80 0.32435619831085205
INFO: 90 0.35543373227119446
INFO: 100 0.3084391951560974
INFO: 110 0.3543313443660736
INFO: 120 0.2671244442462921
INFO: 130 0.3566184937953949
INFO: 140 0.2956317961215973
INFO: 150 0.3302094340324402
INFO: 160 0.30620765686035156
INFO: 170 0.33586493134498596
INFO: 180 0.3067578375339508
INFO: 190 0.296974778175354
INFO: 200 0.31949833035469055
INFO: 210 0.32781878113746643
INFO: 220 0.2818969190120697
INFO: 230 0.3078182637691498
INFO: 240 0.2655891478061676
INFO: 250 0.2738284170627594
INFO: 260 0.21889345347881317
INFO: 270 0.25806277990341187
INFO: 280 0.27406132221221924
INFO: 290 0.33602583408355713
INFO: 300 0.24315018951892853
INFO: 310 0.28578341007232666
INFO: 320 0.3090691566467285
INFO: 330 0.34344980120658875
INFO: 340 0.23092900216579437
INFO: 350 0.2635849118232727
INFO: 360 0.3409201204776764
INFO: 370 0.2908695340156555
INFO: 380 0.2758847177028656
INFO: 390 0.3376084864139557
INFO: 400 0.24268178641796112
INFO: 410 0.2538624405860901
INFO: 420 0.2839440405368805
INFO: 430 0.30156001448631287
INFO: 440 0.29335373640060425
INFO: 450 0.23401665687561035
INFO: 460 0.2817326486110687
INFO: 470 0.3048366606235504
INFO: 480 0.22972840070724487
INFO: 490 0.2683534324169159
INFO: 500 0.22023974359035492
INFO: Checkpoint 500 saved !
INFO: I: 0, U: 13321
INFO: I: 0, U: 19756
INFO: I: 0, U: 15086
INFO: I: 0, U: 11156
INFO: I: 0, U: 10304
INFO: I: 0, U: 14289
INFO: I: 0, U: 9661
INFO: I: 0, U: 14167
INFO: I: 0, U: 14587
INFO: I: 0, U: 14867
INFO: I: 0, U: 15098
INFO: I: 0, U: 15026
INFO: I: 0, U: 14941
INFO: I: 0, U: 13681
INFO: I: 0, U: 16089
INFO: I: 0, U: 16600
INFO: I: 0, U: 15280
INFO: I: 0, U: 14284
INFO: I: 0, U: 12753
INFO: I: 0, U: 15996
INFO: Step:500, Valid_Dice:0.0
INFO: 510 0.2577493190765381
INFO: 520 0.18461814522743225
INFO: 530 0.21205414831638336
INFO: 540 0.15860559046268463
INFO: 550 0.17997965216636658
INFO: 560 0.1596270352602005
INFO: 570 0.15909834206104279
INFO: 580 0.2026624232530594
INFO: 590 0.15025191009044647
INFO: 600 0.12491370737552643
INFO: 610 0.1157253086566925
INFO: 620 0.1353520303964615
INFO: 630 0.10744848847389221
INFO: 640 0.12215060740709305
INFO: 650 0.11902551352977753
INFO: 660 0.07459695637226105
INFO: 670 0.11461816728115082
INFO: 680 0.09085599333047867
INFO: 690 0.1557263731956482
INFO: 700 0.12052389979362488
INFO: 710 0.12460345774888992
INFO: 720 0.10065022855997086
INFO: 730 0.11142038553953171
INFO: 740 0.09047161787748337
INFO: 750 0.10106012970209122
INFO: 760 0.11007128655910492
INFO: 770 0.1235184594988823
INFO: 780 0.07774058729410172
INFO: 790 0.08084982633590698
INFO: 800 0.0903017446398735
INFO: 810 0.07730919867753983
INFO: 820 0.10498685389757156
INFO: 830 0.08434846252202988
INFO: 840 0.08641482889652252
INFO: 850 0.1373349130153656
INFO: 860 0.0838053748011589
INFO: 870 0.08152968436479568
INFO: 880 0.09061604738235474
INFO: 890 0.10780636221170425
INFO: 900 0.0939292162656784
INFO: 910 0.08717719465494156
INFO: 920 0.06291589140892029
INFO: 930 0.07974184304475784
INFO: 940 0.0734596773982048
INFO: 950 0.06927132606506348
INFO: 960 0.07900544255971909
INFO: 970 0.14645500481128693
INFO: 980 0.0796031728386879
INFO: 990 0.07154165953397751
INFO: 1000 0.12109363824129105
INFO: Checkpoint 1000 saved !
INFO: I: 10093, U: 15933
INFO: I: 14162, U: 21399
INFO: I: 10937, U: 16644
INFO: I: 7452, U: 12841
INFO: I: 7467, U: 11343
INFO: I: 10916, U: 15861
INFO: I: 5915, U: 10235
INFO: I: 11299, U: 15279
INFO: I: 11405, U: 16542
INFO: I: 11251, U: 16101
INFO: I: 11494, U: 16797
INFO: I: 11281, U: 16030
INFO: I: 10402, U: 15981
INFO: I: 10261, U: 14888
INFO: I: 12935, U: 17539
INFO: I: 13198, U: 18364
INFO: I: 12627, U: 17064
INFO: I: 8492, U: 14663
INFO: I: 10214, U: 14149
INFO: I: 12424, U: 17508
INFO: Step:1000, Valid_Dice:0.8055834821885177
INFO: 1010 0.07568105310201645
INFO: 1020 0.07596369832754135
INFO: 1030 0.09748569130897522
INFO: 1040 0.08227037638425827
INFO: 1050 0.07732698321342468
INFO: 1060 0.10142823308706284
INFO: 1070 0.09533737599849701
INFO: 1080 0.10117252171039581
INFO: 1090 0.07697892934083939
INFO: 1100 0.09284171462059021
INFO: 1110 0.08309653401374817
INFO: 1120 0.06910296529531479
INFO: 1130 0.09857705980539322
INFO: 1140 0.08172173798084259
INFO: 1150 0.13873881101608276
INFO: 1160 0.07327748835086823
INFO: 1170 0.09550061076879501
INFO: 1180 0.06201208010315895
INFO: 1190 0.054410260170698166
INFO: 1200 0.06013394892215729
INFO: 1210 0.07941854745149612
INFO: 1220 0.07748529314994812
INFO: 1230 0.06522975116968155
INFO: 1240 0.10833751410245895
INFO: 1250 0.10436208546161652
INFO: 1260 0.06757161766290665
INFO: 1270 0.08930987864732742
INFO: 1280 0.06532645225524902
INFO: 1290 0.07106178253889084
INFO: 1300 0.05829934775829315
INFO: 1310 0.0746854618191719
INFO: 1320 0.06935073435306549
INFO: 1330 0.05322033539414406
INFO: 1340 0.06890831142663956
INFO: 1350 0.08678572624921799
INFO: 1360 0.10986652970314026
INFO: 1370 0.09862283617258072
INFO: 1380 0.09281612187623978
INFO: 1390 0.06311038136482239
INFO: 1400 0.06847655028104782
INFO: 1410 0.131282240152359
INFO: 1420 0.08155877888202667
INFO: 1430 0.11927647888660431
INFO: 1440 0.06628991663455963
INFO: 1450 0.07711368054151535
INFO: 1460 0.07012181729078293
INFO: 1470 0.0643792524933815
INFO: 1480 0.07949315011501312
INFO: 1490 0.05121198296546936
INFO: 1500 0.07728561758995056
INFO: Checkpoint 1500 saved !
INFO: I: 11146, U: 16597
INFO: I: 15979, U: 21712
INFO: I: 12313, U: 17547
INFO: I: 9173, U: 14083
INFO: I: 8526, U: 11982
INFO: I: 12032, U: 16683
INFO: I: 7805, U: 11080
INFO: I: 12586, U: 16290
INFO: I: 12572, U: 17608
INFO: I: 12422, U: 16853
INFO: I: 12814, U: 17689
INFO: I: 12645, U: 16665
INFO: I: 11825, U: 16437
INFO: I: 11854, U: 16170
INFO: I: 13665, U: 17766
INFO: I: 14209, U: 19093
INFO: I: 13634, U: 17778
INFO: I: 10047, U: 14981
INFO: I: 11180, U: 14972
INFO: I: 13619, U: 18139
INFO: Step:1500, Valid_Dice:0.8403449881755364
INFO: 1510 0.15401001274585724
INFO: 1520 0.046247418969869614
INFO: 1530 0.10503961145877838
INFO: 1540 0.08922332525253296
INFO: 1550 0.06076973304152489
INFO: 1560 0.059176139533519745
INFO: 1570 0.029941730201244354
INFO: 1580 0.05615347996354103
INFO: 1590 0.06879567354917526
INFO: 1600 0.08100185543298721
INFO: 1610 0.07958851754665375
INFO: 1620 0.06461236625909805
INFO: 1630 0.11811939626932144
INFO: 1640 0.06346600502729416
INFO: 1650 0.07283075898885727
INFO: 1660 0.07268106937408447
INFO: 1670 0.0770861804485321
INFO: 1680 0.06916891038417816
INFO: 1690 0.09222481399774551
INFO: 1700 0.052172161638736725
INFO: 1710 0.07537760585546494
INFO: 1720 0.06642628461122513
INFO: 1730 0.0679369643330574
INFO: 1740 0.07358954846858978
INFO: 1750 0.06262511759996414
INFO: 1760 0.05660314857959747
INFO: 1770 0.07157862186431885
INFO: 1780 0.07111282646656036
INFO: 1790 0.051181912422180176
INFO: 1800 0.058079253882169724
INFO: 1810 0.05984705686569214
INFO: 1820 0.09312744438648224
INFO: 1830 0.05460125580430031
INFO: 1840 0.06062747910618782
INFO: 1850 0.07471389323472977
INFO: 1860 0.06757209450006485
INFO: 1870 0.06655410677194595
INFO: 1880 0.08572368323802948
INFO: 1890 0.041927091777324677
INFO: 1900 0.04658165201544762
INFO: 1910 0.05331166461110115
INFO: 1920 0.09106618165969849
INFO: 1930 0.06789122521877289
INFO: 1940 0.05577149614691734
INFO: 1950 0.05897853896021843
INFO: 1960 0.06469840556383133
INFO: 1970 0.061877526342868805
INFO: 1980 0.08498232066631317
INFO: 1990 0.045906029641628265
INFO: 2000 0.06358205527067184
INFO: Checkpoint 2000 saved !
INFO: I: 10907, U: 15705
INFO: I: 15528, U: 21245
INFO: I: 12203, U: 17004
INFO: I: 8744, U: 12694
INFO: I: 8465, U: 11574
INFO: I: 11677, U: 15777
INFO: I: 7150, U: 10296
INFO: I: 12445, U: 15766
INFO: I: 12404, U: 16528
INFO: I: 12297, U: 16279
INFO: I: 12616, U: 16948
INFO: I: 12654, U: 16359
INFO: I: 11776, U: 16050
INFO: I: 11521, U: 15301
INFO: I: 13667, U: 17523
INFO: I: 14240, U: 18398
INFO: I: 13354, U: 17013
INFO: I: 10166, U: 14870
INFO: I: 10931, U: 14313
INFO: I: 13551, U: 17561
INFO: Step:2000, Valid_Dice:0.8520077266720179
INFO: 2010 0.06432323157787323
INFO: 2020 0.06777532398700714
INFO: 2030 0.062343060970306396
INFO: 2040 0.10415615141391754
INFO: 2050 0.06340566277503967
INFO: 2060 0.06592395156621933
INFO: 2070 0.062000878155231476
INFO: 2080 0.053369227796792984
INFO: 2090 0.06796526908874512
INFO: 2100 0.08451076596975327
INFO: 2110 0.046571873128414154
INFO: 2120 0.07553966343402863
INFO: 2130 0.05961018055677414
INFO: 2140 0.08002005517482758
INFO: 2150 0.08670590072870255
INFO: 2160 0.05122523754835129
INFO: 2170 0.05917751416563988
INFO: 2180 0.06165279448032379
INFO: 2190 0.06922407448291779
INFO: 2200 0.05888780578970909
INFO: 2210 0.06821849197149277
INFO: 2220 0.03939353674650192
INFO: 2230 0.04267077147960663
INFO: 2240 0.08288589864969254
INFO: 2250 0.0591113455593586
INFO: 2260 0.06253369897603989
INFO: 2270 0.06009827181696892
INFO: 2280 0.06295338273048401
INFO: 2290 0.050614405423402786
INFO: 2300 0.05359647795557976
INFO: 2310 0.09738314151763916
INFO: 2320 0.05064288154244423
INFO: 2330 0.08661115169525146
INFO: 2340 0.030370378866791725
INFO: 2350 0.06346110999584198
INFO: 2360 0.05182434245944023
INFO: 2370 0.06942945718765259
INFO: 2380 0.055793397128582
INFO: 2390 0.05448313057422638
INFO: 2400 0.07360833883285522
INFO: 2410 0.10097494721412659
INFO: 2420 0.04395027086138725
INFO: 2430 0.07292690128087997
INFO: 2440 0.0641215369105339
INFO: 2450 0.06639538705348969
INFO: 2460 0.07182883471250534
INFO: 2470 0.050790946930646896
INFO: 2480 0.07336932420730591
INFO: 2490 0.0532449446618557
INFO: 2500 0.04880097508430481
INFO: Checkpoint 2500 saved !
INFO: I: 10741, U: 15361
INFO: I: 15207, U: 21223
INFO: I: 12241, U: 16761
INFO: I: 8762, U: 12417
INFO: I: 8542, U: 11522
INFO: I: 11851, U: 15709
INFO: I: 7237, U: 10370
INFO: I: 12405, U: 15767
INFO: I: 12495, U: 16375
INFO: I: 12498, U: 16285
INFO: I: 12620, U: 16622
INFO: I: 12537, U: 16115
INFO: I: 11938, U: 16152
INFO: I: 11547, U: 15127
INFO: I: 13589, U: 17297
INFO: I: 13899, U: 17824
INFO: I: 13217, U: 16809
INFO: I: 10546, U: 14905
INFO: I: 10800, U: 14092
INFO: I: 13599, U: 17463
INFO: Step:2500, Valid_Dice:0.8570192053237824
INFO: 2510 0.05205896124243736
INFO: 2520 0.03752430900931358
INFO: 2530 0.05509074032306671
INFO: 2540 0.04377056285738945
INFO: 2550 0.04375739023089409
INFO: 2560 0.04272238910198212
INFO: 2570 0.04737863317131996
INFO: 2580 0.06427319347858429
INFO: 2590 0.08160750567913055
INFO: 2600 0.05717539042234421
INFO: 2610 0.06039411574602127
INFO: 2620 0.043230023235082626
INFO: 2630 0.09086939692497253
INFO: 2640 0.05676409229636192
INFO: 2650 0.06112833693623543
INFO: 2660 0.05462431162595749
INFO: 2670 0.04337126389145851
INFO: 2680 0.0628587007522583
INFO: 2690 0.06468696892261505
INFO: 2700 0.08687704056501389
INFO: 2710 0.05023950710892677
INFO: 2720 0.061040252447128296
INFO: 2730 0.05352664738893509
INFO: 2740 0.07737026363611221
INFO: 2750 0.05921806022524834
INFO: 2760 0.06256594508886337
INFO: 2770 0.10893597453832626
INFO: 2780 0.07564271241426468
INFO: 2790 0.0639432966709137
INFO: 2800 0.07706154882907867
INFO: 2810 0.0600668266415596
INFO: 2820 0.060147594660520554
INFO: 2830 0.0590110719203949
INFO: 2840 0.03954990208148956
INFO: 2850 0.04694030061364174
INFO: 2860 0.06706128269433975
INFO: 2870 0.05768071860074997
INFO: 2880 0.11418281495571136
INFO: 2890 0.08282742649316788
INFO: 2900 0.0671411007642746
INFO: 2910 0.08251180499792099
INFO: 2920 0.06771615147590637
INFO: 2930 0.062121447175741196
INFO: 2940 0.05511327460408211
INFO: 2950 0.06266212463378906
INFO: 2960 0.048042308539152145
INFO: 2970 0.04953112080693245
INFO: 2980 0.08933576941490173
INFO: 2990 0.0572841539978981
INFO: 3000 0.06702209264039993
INFO: Checkpoint 3000 saved !
INFO: I: 11257, U: 15357
INFO: I: 15617, U: 21276
INFO: I: 12767, U: 17256
INFO: I: 8687, U: 12537
INFO: I: 8719, U: 11763
INFO: I: 12072, U: 16177
INFO: I: 7490, U: 10530
INFO: I: 12901, U: 16289
INFO: I: 12829, U: 16980
INFO: I: 12700, U: 16499
INFO: I: 13070, U: 17029
INFO: I: 12877, U: 16359
INFO: I: 12215, U: 16313
INFO: I: 11853, U: 15494
INFO: I: 13915, U: 17508
INFO: I: 14320, U: 18243
INFO: I: 13670, U: 17324
INFO: I: 10864, U: 14945
INFO: I: 11100, U: 14293
INFO: I: 13991, U: 17939
INFO: Step:3000, Valid_Dice:0.8612966285393842
INFO: 3010 0.12845300137996674
INFO: 3020 0.06520478427410126
INFO: 3030 0.060883812606334686
INFO: 3040 0.06258657574653625
INFO: 3050 0.05563719570636749
INFO: 3060 0.07107723504304886
INFO: 3070 0.07961303740739822
INFO: 3080 0.04868524894118309
INFO: 3090 0.07050659507513046
INFO: 3100 0.059576429426670074
INFO: 3110 0.050037458539009094
INFO: 3120 0.04593190178275108
INFO: 3130 0.07741153240203857
INFO: 3140 0.0736851617693901
INFO: 3150 0.05198827013373375
INFO: 3160 0.06532493978738785
INFO: 3170 0.07256872951984406
INFO: 3180 0.06430929899215698
INFO: 3190 0.055885668843984604
INFO: 3200 0.051112100481987
INFO: 3210 0.0490884967148304
INFO: 3220 0.04845226928591728
INFO: 3230 0.04235033690929413
INFO: 3240 0.07467220723628998
INFO: 3250 0.06578899174928665
INFO: 3260 0.06523080170154572
INFO: 3270 0.0720193088054657
INFO: 3280 0.05735134705901146
INFO: 3290 0.06447194516658783
INFO: 3300 0.06332103163003922
INFO: 3310 0.08497689664363861
INFO: 3320 0.06120194122195244
INFO: 3330 0.04735809192061424
INFO: 3340 0.0625409409403801
INFO: 3350 0.09908676147460938
INFO: 3360 0.0504252128303051
INFO: 3370 0.05979621410369873
INFO: 3380 0.06142313405871391
INFO: 3390 0.0542551688849926
INFO: 3400 0.05952342972159386
INFO: 3410 0.06605859100818634
INFO: 3420 0.06955262273550034
INFO: 3430 0.0464601069688797
INFO: 3440 0.09816798567771912
INFO: 3450 0.05885880067944527
INFO: 3460 0.04159678518772125
INFO: 3470 0.056591883301734924
INFO: 3480 0.04470723867416382
INFO: 3490 0.07531019300222397
INFO: 3500 0.06279589235782623
INFO: Checkpoint 3500 saved !
INFO: I: 11250, U: 15925
INFO: I: 16370, U: 21576
INFO: I: 12665, U: 17241
INFO: I: 9360, U: 13164
INFO: I: 8887, U: 11861
INFO: I: 12136, U: 16001
INFO: I: 7859, U: 10761
INFO: I: 12840, U: 16017
INFO: I: 12862, U: 16644
INFO: I: 12916, U: 16536
INFO: I: 13104, U: 17256
INFO: I: 13165, U: 16615
INFO: I: 12568, U: 16295
INFO: I: 12058, U: 15679
INFO: I: 14265, U: 17849
INFO: I: 14579, U: 18104
INFO: I: 13718, U: 17102
INFO: I: 11108, U: 15134
INFO: I: 11310, U: 14582
INFO: I: 14066, U: 17740
INFO: Step:3500, Valid_Dice:0.8667145642489761
INFO: 3510 0.06051914766430855
INFO: 3520 0.060822565108537674
INFO: 3530 0.06459765881299973
INFO: 3540 0.03832238167524338
INFO: 3550 0.06261824071407318
INFO: 3560 0.05464473366737366
INFO: 3570 0.041489869356155396
INFO: 3580 0.07985526323318481
INFO: 3590 0.08335109800100327
INFO: 3600 0.0504642017185688
INFO: 3610 0.07017907500267029
INFO: 3620 0.047147516161203384
INFO: 3630 0.05926745757460594
INFO: 3640 0.07792722433805466
INFO: 3650 0.041517455130815506
INFO: 3660 0.040115103125572205
INFO: 3670 0.09201275557279587
INFO: 3680 0.050654660910367966
INFO: 3690 0.044173579663038254
INFO: 3700 0.09571275860071182
INFO: 3710 0.055899616330862045
INFO: 3720 0.06224896386265755
INFO: 3730 0.04051467776298523
INFO: 3740 0.03798885643482208
INFO: 3750 0.06455161422491074
INFO: 3760 0.0652376115322113
INFO: 3770 0.05738677829504013
INFO: 3780 0.05786541849374771
INFO: 3790 0.07027286291122437
INFO: 3800 0.04849167913198471
INFO: 3810 0.05221768841147423
INFO: 3820 0.05361674726009369
INFO: 3830 0.05434141680598259
INFO: 3840 0.11386808753013611
INFO: 3850 0.052360035479068756
INFO: 3860 0.052998047322034836
INFO: 3870 0.05308076739311218
INFO: 3880 0.10582729429006577
INFO: 3890 0.06864212453365326
INFO: 3900 0.06361649185419083
INFO: 3910 0.0773119255900383
INFO: 3920 0.04340071231126785
INFO: 3930 0.05630645900964737
INFO: 3940 0.06565573811531067
INFO: 3950 0.05676019936800003
INFO: 3960 0.07867512106895447
INFO: 3970 0.07058794051408768
INFO: 3980 0.04893818497657776
INFO: 3990 0.06574133038520813
INFO: 4000 0.09008553624153137
INFO: Checkpoint 4000 saved !
INFO: I: 10830, U: 15322
INFO: I: 16905, U: 21287
INFO: I: 12246, U: 16590
INFO: I: 8986, U: 12650
INFO: I: 8590, U: 11408
INFO: I: 12004, U: 15632
INFO: I: 7456, U: 10460
INFO: I: 12592, U: 15588
INFO: I: 12554, U: 16072
INFO: I: 12677, U: 16173
INFO: I: 12631, U: 16359
INFO: I: 12640, U: 15971
INFO: I: 12292, U: 15969
INFO: I: 11642, U: 15042
INFO: I: 13556, U: 17213
INFO: I: 13879, U: 17556
INFO: I: 13372, U: 16517
INFO: I: 10348, U: 14764
INFO: I: 11000, U: 14133
INFO: I: 13648, U: 17190
INFO: Step:4000, Valid_Dice:0.8672146066971186
INFO: 4010 0.10630352795124054
INFO: 4020 0.06247778981924057
INFO: 4030 0.06010236218571663
INFO: 4040 0.06567375361919403
INFO: 4050 0.07270866632461548
INFO: 4060 0.06085212528705597
INFO: 4070 0.053688738495111465
INFO: 4080 0.04823059216141701
INFO: 4090 0.05018369480967522
INFO: 4100 0.04869115725159645
INFO: 4110 0.0458962582051754
INFO: 4120 0.05411155894398689
INFO: 4130 0.06469282507896423
INFO: 4140 0.06252336502075195
INFO: 4150 0.046289753168821335
INFO: 4160 0.0455518402159214
INFO: 4170 0.05266004055738449
INFO: 4180 0.042605213820934296
INFO: 4190 0.05214231088757515
INFO: 4200 0.07931545376777649
INFO: 4210 0.07217106968164444
INFO: 4220 0.08237344771623611
INFO: 4230 0.04030093923211098
INFO: 4240 0.05878449231386185
INFO: 4250 0.0762111097574234
INFO: 4260 0.05540560185909271
INFO: 4270 0.04700933396816254
INFO: 4280 0.09571360796689987
INFO: 4290 0.060009509325027466
INFO: 4300 0.05755199119448662
INFO: 4310 0.05074525251984596
INFO: 4320 0.04631761834025383
INFO: 4330 0.07585182785987854
INFO: 4340 0.08091706782579422
INFO: 4350 0.06294555962085724
INFO: 4360 0.05139387771487236
INFO: 4370 0.05109170451760292
INFO: 4380 0.04437646642327309
INFO: 4390 0.038808275014162064
INFO: 4400 0.06252843886613846
INFO: 4410 0.06569423526525497
INFO: 4420 0.07436229288578033
INFO: 4430 0.055661462247371674
INFO: 4440 0.052001286298036575
INFO: 4450 0.04034535586833954
INFO: 4460 0.05784228444099426
INFO: 4470 0.04705652594566345
INFO: 4480 0.057257432490587234
INFO: 4490 0.033393897116184235
INFO: 4500 0.0962776392698288
INFO: Checkpoint 4500 saved !
INFO: I: 10819, U: 15132
INFO: I: 17174, U: 21192
INFO: I: 12192, U: 16469
INFO: I: 9254, U: 12622
INFO: I: 8532, U: 11271
INFO: I: 11953, U: 15490
INFO: I: 7639, U: 10465
INFO: I: 12591, U: 15409
INFO: I: 12468, U: 15910
INFO: I: 12731, U: 16055
INFO: I: 12647, U: 16200
INFO: I: 12646, U: 15907
INFO: I: 12538, U: 15917
INFO: I: 11492, U: 14703
INFO: I: 13395, U: 16984
INFO: I: 14116, U: 17503
INFO: I: 13300, U: 16330
INFO: I: 10434, U: 14669
INFO: I: 10846, U: 13857
INFO: I: 13775, U: 17107
INFO: Step:4500, Valid_Dice:0.8730235794076752
INFO: 4510 0.050440918654203415
INFO: 4520 0.05315477401018143
INFO: 4530 0.05177215486764908
INFO: 4540 0.05371485650539398
INFO: 4550 0.06420154869556427
INFO: 4560 0.05802297964692116
INFO: 4570 0.0686512216925621
INFO: 4580 0.05374639853835106
INFO: 4590 0.03573506325483322
INFO: 4600 0.06616904586553574
INFO: 4610 0.04057179018855095
INFO: 4620 0.046557240188121796
INFO: 4630 0.05014483258128166
INFO: 4640 0.046385928988456726
INFO: 4650 0.07119719684123993
INFO: 4660 0.04461890086531639
INFO: 4670 0.0578727126121521
INFO: 4680 0.06194879114627838
INFO: 4690 0.04983202740550041
INFO: 4700 0.06767673045396805
INFO: 4710 0.06585738807916641
INFO: 4720 0.03939767926931381
INFO: 4730 0.0698917955160141
INFO: 4740 0.04937881976366043
INFO: 4750 0.04270618036389351
INFO: 4760 0.061744995415210724
INFO: 4770 0.053486403077840805
INFO: 4780 0.04959700256586075
INFO: 4790 0.050264596939086914
INFO: 4800 0.06638563424348831
INFO: 4810 0.04469583183526993
INFO: 4820 0.05920371785759926
INFO: 4830 0.036513447761535645
INFO: 4840 0.049485668540000916
INFO: 4850 0.06254469603300095
INFO: 4860 0.049671586602926254
INFO: 4870 0.03954319655895233
INFO: 4880 0.044907715171575546
INFO: 4890 0.05266791954636574
INFO: 4900 0.04559735581278801
INFO: 4910 0.060680389404296875
INFO: 4920 0.1083095595240593
INFO: 4930 0.04503555968403816
INFO: 4940 0.041688330471515656
INFO: 4950 0.060797277837991714
INFO: 4960 0.04358832538127899
INFO: 4970 0.044450558722019196
INFO: 4980 0.06209207698702812
INFO: 4990 0.0648723840713501
INFO: 5000 0.09018845856189728
INFO: Checkpoint 5000 saved !
INFO: I: 11531, U: 15650
INFO: I: 16420, U: 21917
INFO: I: 12994, U: 17468
INFO: I: 9651, U: 13096
INFO: I: 9089, U: 12131
INFO: I: 12482, U: 16193
INFO: I: 8135, U: 10960
INFO: I: 13107, U: 16433
INFO: I: 13100, U: 16853
INFO: I: 13191, U: 16755
INFO: I: 13341, U: 17161
INFO: I: 13339, U: 16647
INFO: I: 12785, U: 16782
INFO: I: 12185, U: 15822
INFO: I: 14254, U: 17681
INFO: I: 14768, U: 18179
INFO: I: 13746, U: 17157
INFO: I: 11647, U: 15429
INFO: I: 11515, U: 14849
INFO: I: 14349, U: 17954
INFO: Step:5000, Valid_Dice:0.8714786957607217
INFO: 5010 0.05354708805680275
INFO: 5020 0.06470999866724014
INFO: 5030 0.05891161412000656
INFO: 5040 0.054211415350437164
INFO: 5050 0.060238245874643326
INFO: 5060 0.045756272971630096
INFO: 5070 0.057740528136491776
INFO: 5080 0.06806004792451859
INFO: 5090 0.058883704245090485
INFO: 5100 0.06124391034245491
INFO: 5110 0.04622689634561539
INFO: 5120 0.07220730930566788
INFO: 5130 0.05982852727174759
INFO: 5140 0.044150520116090775
INFO: 5150 0.055026695132255554
INFO: 5160 0.0595099963247776
INFO: 5170 0.05811270326375961
INFO: 5180 0.042926281690597534
INFO: 5190 0.05859507992863655
INFO: 5200 0.049373459070920944
INFO: 5210 0.04023344814777374
INFO: 5220 0.04622182622551918
INFO: 5230 0.04280894622206688
INFO: 5240 0.03895581513643265
INFO: 5250 0.05780429020524025
INFO: 5260 0.043635234236717224
INFO: 5270 0.062319401651620865
INFO: 5280 0.0624646358191967
INFO: 5290 0.047228552401065826
INFO: 5300 0.049231939017772675
INFO: 5310 0.05430997908115387
INFO: 5320 0.04671946167945862
INFO: 5330 0.06614406406879425
INFO: 5340 0.06160080060362816
INFO: 5350 0.03729264438152313
INFO: 5360 0.05566049739718437
INFO: 5370 0.05227747932076454
INFO: 5380 0.05316031351685524
INFO: 5390 0.05423170328140259
INFO: 5400 0.06477967649698257
INFO: 5410 0.05384209007024765
INFO: 5420 0.04880744591355324
INFO: 5430 0.04250897094607353
INFO: 5440 0.06088117137551308
INFO: 5450 0.07200731337070465
INFO: 5460 0.05470956861972809
INFO: 5470 0.04245242848992348
INFO: 5480 0.06622537970542908
INFO: 5490 0.07692369073629379
INFO: 5500 0.06951000541448593
INFO: Checkpoint 5500 saved !
INFO: I: 10928, U: 15159
INFO: I: 16216, U: 20971
INFO: I: 12370, U: 16668
INFO: I: 9273, U: 12803
INFO: I: 8638, U: 11501
INFO: I: 11801, U: 15529
INFO: I: 7800, U: 10698
INFO: I: 12566, U: 15559
INFO: I: 12540, U: 16094
INFO: I: 12532, U: 16096
INFO: I: 12800, U: 16447
INFO: I: 12650, U: 16089
INFO: I: 12261, U: 15926
INFO: I: 11765, U: 15124
INFO: I: 13611, U: 17183
INFO: I: 14063, U: 17631
INFO: I: 13192, U: 16410
INFO: I: 10695, U: 14866
INFO: I: 11174, U: 14436
INFO: I: 13692, U: 17250
INFO: Step:5500, Valid_Dice:0.8684819371197326
INFO: 5510 0.04499209672212601
INFO: 5520 0.0676128938794136
INFO: 5530 0.05683327466249466
INFO: 5540 0.04404277727007866
INFO: 5550 0.04688967019319534
INFO: 5560 0.05015072971582413
INFO: 5570 0.053925927728414536
INFO: 5580 0.059919025748968124
INFO: 5590 0.04857470467686653
INFO: 5600 0.06033844128251076
INFO: 5610 0.06701511144638062
INFO: 5620 0.038957301527261734
INFO: 5630 0.04911017045378685
INFO: 5640 0.05520020052790642
INFO: 5650 0.03660760819911957
INFO: 5660 0.05776727944612503
INFO: 5670 0.04134296998381615
INFO: 5680 0.05813842639327049
INFO: 5690 0.0419362410902977
INFO: 5700 0.04771942272782326
INFO: 5710 0.059189800173044205
INFO: 5720 0.06758377701044083
INFO: 5730 0.0616445429623127
INFO: 5740 0.0650532990694046
INFO: 5750 0.05826905369758606
INFO: 5760 0.05024119094014168
INFO: 5770 0.04730137437582016
INFO: 5780 0.04392830282449722
INFO: 5790 0.030965689569711685
INFO: 5800 0.045165080577135086
INFO: 5810 0.04586471617221832
INFO: 5820 0.04453173279762268
INFO: 5830 0.04024425148963928
INFO: 5840 0.052545733749866486
INFO: 5850 0.05872902274131775
INFO: 5860 0.1154399886727333
INFO: 5870 0.05601051077246666
INFO: 5880 0.055613838136196136
INFO: 5890 0.039847880601882935
INFO: 5900 0.04121512919664383
INFO: 5910 0.04321607947349548
INFO: 5920 0.04084367677569389
INFO: 5930 0.04417937621474266
INFO: 5940 0.048872243613004684
INFO: 5950 0.0418105311691761
INFO: 5960 0.045794956386089325
INFO: 5970 0.05462777242064476
INFO: 5980 0.05369852855801582
INFO: 5990 0.04293012246489525
INFO: 6000 0.05550655350089073
INFO: Checkpoint 6000 saved !
INFO: I: 11454, U: 15780
INFO: I: 17486, U: 21599
INFO: I: 12792, U: 17117
INFO: I: 9739, U: 12889
INFO: I: 8828, U: 11603
INFO: I: 12451, U: 16189
INFO: I: 8093, U: 10814
INFO: I: 13035, U: 15972
INFO: I: 12933, U: 16488
INFO: I: 13152, U: 16549
INFO: I: 13249, U: 16878
INFO: I: 13063, U: 16181
INFO: I: 13052, U: 16496
INFO: I: 12016, U: 15245
INFO: I: 14057, U: 17308
INFO: I: 14470, U: 17811
INFO: I: 13721, U: 16943
INFO: I: 11182, U: 14972
INFO: I: 11175, U: 14347
INFO: I: 14290, U: 17779
INFO: Step:6000, Valid_Dice:0.877655099175042
INFO: 6010 0.049798931926488876
INFO: 6020 0.049797944724559784
INFO: 6030 0.05617392063140869
INFO: 6040 0.03010089509189129
INFO: 6050 0.04735701158642769
INFO: 6060 0.05991048738360405
INFO: 6070 0.04771772027015686
INFO: 6080 0.06720255315303802
INFO: 6090 0.04449166730046272
INFO: 6100 0.044663164764642715
INFO: 6110 0.05198569968342781
INFO: 6120 0.03507857024669647
INFO: 6130 0.03396788612008095
INFO: 6140 0.05916086584329605
INFO: 6150 0.09480637311935425
INFO: 6160 0.05293797701597214
INFO: 6170 0.07837758958339691
INFO: 6180 0.05354594811797142
INFO: 6190 0.05411744490265846
INFO: 6200 0.05591590702533722
INFO: 6210 0.03830842301249504
INFO: 6220 0.04577115550637245
INFO: 6230 0.05269134044647217
INFO: 6240 0.04930286854505539
INFO: 6250 0.06683126091957092
INFO: 6260 0.04219784960150719
INFO: 6270 0.04333408176898956
INFO: 6280 0.06394602358341217
INFO: 6290 0.06340809166431427
INFO: 6300 0.04341474547982216
INFO: 6310 0.06407869607210159
INFO: 6320 0.04198407754302025
INFO: 6330 0.05483629181981087
INFO: 6340 0.044045232236385345
INFO: 6350 0.06306247413158417
INFO: 6360 0.07506495714187622
INFO: 6370 0.05023422837257385
INFO: 6380 0.03325653821229935
INFO: 6390 0.03312899172306061
INFO: 6400 0.07895920425653458
INFO: 6410 0.06821051239967346
INFO: 6420 0.036307986825704575
INFO: 6430 0.035463422536849976
INFO: 6440 0.040633462369441986
INFO: 6450 0.05478031188249588
INFO: 6460 0.0642818883061409
INFO: 6470 0.04462602734565735
INFO: 6480 0.03991463780403137
INFO: 6490 0.0462481714785099
INFO: 6500 0.04378431290388107
INFO: Checkpoint 6500 saved !
INFO: I: 11364, U: 15755
INFO: I: 17251, U: 21330
INFO: I: 12900, U: 17216
INFO: I: 9777, U: 13116
INFO: I: 8926, U: 11663
INFO: I: 12344, U: 15903
INFO: I: 8120, U: 10854
INFO: I: 13045, U: 15938
INFO: I: 13058, U: 16620
INFO: I: 12972, U: 16405
INFO: I: 13262, U: 16860
INFO: I: 13146, U: 16319
INFO: I: 12952, U: 16334
INFO: I: 12128, U: 15485
INFO: I: 14285, U: 17504
INFO: I: 14792, U: 18006
INFO: I: 13694, U: 16824
INFO: I: 11569, U: 15143
INFO: I: 11461, U: 14642
INFO: I: 14437, U: 17855
INFO: Step:6500, Valid_Dice:0.8787978529121359
INFO: 6510 0.1040739119052887
INFO: 6520 0.04819908365607262
INFO: 6530 0.0421699658036232
INFO: 6540 0.05321105197072029
INFO: 6550 0.06869613379240036
INFO: 6560 0.06028378754854202
INFO: 6570 0.05584702640771866
INFO: 6580 0.04343957453966141
INFO: 6590 0.07629304379224777
INFO: 6600 0.051649902015924454
INFO: 6610 0.04887725040316582
INFO: 6620 0.05803621932864189
INFO: 6630 0.05375778675079346
INFO: 6640 0.07224853336811066
INFO: 6650 0.07183311879634857
INFO: 6660 0.04848615452647209
INFO: 6670 0.045943427830934525
INFO: 6680 0.04142002388834953
INFO: 6690 0.055701445788145065
INFO: 6700 0.0431407168507576
INFO: 6710 0.04731357470154762
INFO: 6720 0.08571397513151169
INFO: 6730 0.046443596482276917
INFO: 6740 0.04267853870987892
INFO: 6750 0.026318103075027466
INFO: 6760 0.05833609774708748
INFO: 6770 0.05795546993613243
INFO: 6780 0.04951535537838936
INFO: 6790 0.06544426083564758
INFO: 6800 0.07927566766738892
INFO: 6810 0.045208293944597244
INFO: 6820 0.042431142181158066
INFO: 6830 0.05186097323894501
INFO: 6840 0.04481280967593193
INFO: 6850 0.06823498755693436
INFO: 6860 0.05322045832872391
INFO: 6870 0.036856092512607574
INFO: 6880 0.04781294986605644
INFO: 6890 0.044650036841630936
INFO: 6900 0.04470545053482056
INFO: 6910 0.0330352857708931
INFO: 6920 0.05546381697058678
INFO: 6930 0.13770358264446259
INFO: 6940 0.03978848084807396
INFO: 6950 0.060791704803705215
INFO: 6960 0.05013693869113922
INFO: 6970 0.04564707353711128
INFO: 6980 0.04131719842553139
INFO: 6990 0.05607026442885399
INFO: 7000 0.054843176156282425
INFO: Checkpoint 7000 saved !
INFO: I: 11418, U: 15061
INFO: I: 17032, U: 21383
INFO: I: 12985, U: 17253
INFO: I: 9713, U: 12857
INFO: I: 8899, U: 11615
INFO: I: 12451, U: 16032
INFO: I: 8082, U: 10827
INFO: I: 13024, U: 15903
INFO: I: 13146, U: 16633
INFO: I: 13205, U: 16489
INFO: I: 13401, U: 17019
INFO: I: 13242, U: 16244
INFO: I: 13024, U: 16387
INFO: I: 12188, U: 15519
INFO: I: 14356, U: 17543
INFO: I: 14786, U: 17952
INFO: I: 13884, U: 17115
INFO: I: 11559, U: 15129
INFO: I: 11315, U: 14298
INFO: I: 14556, U: 17999
INFO: Step:7000, Valid_Dice:0.8813025687366786
INFO: 7010 0.04836570844054222
INFO: 7020 0.06239169463515282
INFO: 7030 0.046843934804201126
INFO: 7040 0.053739581257104874
INFO: 7050 0.06661468744277954
INFO: 7060 0.060495249927043915
INFO: 7070 0.05111132934689522
INFO: 7080 0.06282297521829605
INFO: 7090 0.05071280896663666
INFO: 7100 0.037620581686496735
INFO: 7110 0.05223817750811577
INFO: 7120 0.043726954609155655
INFO: 7130 0.05232790485024452
INFO: 7140 0.07043573260307312
INFO: 7150 0.04267998784780502
INFO: 7160 0.04573129862546921
INFO: 7170 0.06412655115127563
INFO: 7180 0.055571116507053375
INFO: 7190 0.06740528345108032
INFO: 7200 0.04042418301105499
INFO: 7210 0.058608751744031906
INFO: 7220 0.05271700397133827
INFO: 7230 0.045528121292591095
INFO: 7240 0.03682742267847061
INFO: 7250 0.04518526792526245
INFO: 7260 0.04712354391813278
INFO: 7270 0.04488177224993706
INFO: 7280 0.0591471791267395
INFO: 7290 0.060053031891584396
INFO: 7300 0.041760560125112534
INFO: 7310 0.08607375621795654
INFO: 7320 0.04864318296313286
INFO: 7330 0.032106202095746994
INFO: 7340 0.055941835045814514
INFO: 7350 0.036871131509542465
INFO: 7360 0.05536452680826187
INFO: 7370 0.04267968609929085
INFO: 7380 0.03440475836396217
INFO: 7390 0.04550345614552498
INFO: 7400 0.05374913290143013
INFO: 7410 0.05943898484110832
INFO: 7420 0.055035948753356934
INFO: 7430 0.05125623196363449
INFO: 7440 0.09143383800983429
INFO: 7450 0.05658483877778053
INFO: 7460 0.042975086718797684
INFO: 7470 0.047646064311265945
INFO: 7480 0.04963170364499092
INFO: 7490 0.06330082565546036
INFO: 7500 0.041047535836696625
INFO: Checkpoint 7500 saved !
INFO: I: 11148, U: 14996
INFO: I: 16938, U: 21305
INFO: I: 12551, U: 16765
INFO: I: 9710, U: 12903
INFO: I: 8698, U: 11460
INFO: I: 12075, U: 15712
INFO: I: 8133, U: 10885
INFO: I: 12756, U: 15519
INFO: I: 12781, U: 16087
INFO: I: 12967, U: 16214
INFO: I: 13064, U: 16412
INFO: I: 13021, U: 16039
INFO: I: 12794, U: 16145
INFO: I: 11852, U: 14962
INFO: I: 14157, U: 17306
INFO: I: 14550, U: 17672
INFO: I: 13525, U: 16542
INFO: I: 11281, U: 14921
INFO: I: 11231, U: 14357
INFO: I: 14248, U: 17322
INFO: Step:7500, Valid_Dice:0.8806280808373483
INFO: 7510 0.04408351331949234
INFO: 7520 0.04068608209490776
INFO: 7530 0.050829868763685226
INFO: 7540 0.030817778781056404
INFO: 7550 0.047556858509778976
INFO: 7560 0.0881388932466507
INFO: 7570 0.06629730761051178
INFO: 7580 0.05240435153245926
INFO: 7590 0.0544012077152729
INFO: 7600 0.05553099513053894
INFO: 7610 0.05062178522348404
INFO: 7620 0.041364096105098724
INFO: 7630 0.049498092383146286
INFO: 7640 0.027960779145359993
INFO: 7650 0.06633037328720093
INFO: 7660 0.0475769117474556
INFO: 7670 0.06181678548455238
INFO: 7680 0.05549919605255127
INFO: 7690 0.0458429791033268
INFO: 7700 0.05684468895196915
INFO: 7710 0.04271254688501358
INFO: 7720 0.05820324644446373
INFO: 7730 0.049465447664260864
INFO: 7740 0.06172579526901245
INFO: 7750 0.05072896555066109
INFO: 7760 0.03978896141052246
INFO: 7770 0.051571544259786606
INFO: 7780 0.0511498786509037
INFO: 7790 0.05939638614654541
INFO: 7800 0.0629221498966217
INFO: 7810 0.05102963745594025
INFO: 7820 0.05099856108427048
INFO: 7830 0.06258103996515274
INFO: 7840 0.04787638038396835
INFO: 7850 0.04843558743596077
INFO: 7860 0.042171020060777664
INFO: 7870 0.04611654952168465
INFO: 7880 0.0575445294380188
INFO: 7890 0.03160850703716278
INFO: 7900 0.07954052835702896
INFO: 7910 0.060531578958034515
INFO: 7920 0.052170634269714355
INFO: 7930 0.07373446971178055
INFO: 7940 0.05186229944229126
INFO: 7950 0.04065999016165733
INFO: 7960 0.06340818852186203
INFO: 7970 0.039644062519073486
INFO: 7980 0.050142452120780945
INFO: 7990 0.06078682094812393
INFO: 8000 0.05227437615394592
INFO: Checkpoint 8000 saved !
INFO: I: 11631, U: 15894
INFO: I: 16813, U: 21898
INFO: I: 13059, U: 17432
INFO: I: 9938, U: 13333
INFO: I: 9153, U: 12262
INFO: I: 12433, U: 16146
INFO: I: 8339, U: 11291
INFO: I: 13173, U: 16366
INFO: I: 13287, U: 16847
INFO: I: 13349, U: 16852
INFO: I: 13462, U: 17245
INFO: I: 13525, U: 16689
INFO: I: 12865, U: 16651
INFO: I: 12328, U: 15894
INFO: I: 14568, U: 17999
INFO: I: 14959, U: 18179
INFO: I: 13878, U: 17277
INFO: I: 11696, U: 15276
INFO: I: 11778, U: 15310
INFO: I: 14510, U: 17839
INFO: Step:8000, Valid_Dice:0.8748280086584144
INFO: 8010 0.04088924825191498
INFO: 8020 0.036503084003925323
INFO: 8030 0.04576475918292999
INFO: 8040 0.044556181877851486
INFO: 8050 0.0609595812857151
INFO: 8060 0.04703760892152786
INFO: 8070 0.03612752631306648
INFO: 8080 0.04409756511449814
INFO: 8090 0.04868052899837494
INFO: 8100 0.0512358583509922
INFO: 8110 0.03265559300780296
INFO: 8120 0.05200735479593277
INFO: 8130 0.03589310124516487
INFO: 8140 0.0402890145778656
INFO: 8150 0.03646375611424446
INFO: 8160 0.07389244437217712
INFO: 8170 0.04496811702847481
INFO: 8180 0.04035959392786026
INFO: 8190 0.07851463556289673
INFO: 8200 0.05222519487142563
INFO: 8210 0.040887873619794846
INFO: 8220 0.0908721387386322
INFO: 8230 0.06816419214010239
INFO: 8240 0.06390732526779175
INFO: 8250 0.051302675157785416
INFO: 8260 0.04269320145249367
INFO: 8270 0.05204879119992256
INFO: 8280 0.046063605695962906
INFO: 8290 0.04753418266773224
INFO: 8300 0.07197386771440506
INFO: 8310 0.05512449890375137
INFO: 8320 0.04912467300891876
INFO: 8330 0.04700612276792526
INFO: 8340 0.044325053691864014
INFO: 8350 0.07300420105457306
INFO: 8360 0.03766201063990593
INFO: 8370 0.03874187543988228
INFO: 8380 0.06564410030841827
INFO: 8390 0.0682036280632019
INFO: 8400 0.03917901590466499
INFO: 8410 0.043736036866903305
INFO: 8420 0.04634853079915047
INFO: 8430 0.03772522136569023
INFO: 8440 0.043499525636434555
INFO: 8450 0.06454382091760635
INFO: 8460 0.05097439885139465
INFO: 8470 0.073817677795887
INFO: 8480 0.04800128936767578
INFO: 8490 0.05227429047226906
INFO: 8500 0.05254954844713211
INFO: Checkpoint 8500 saved !
INFO: I: 11447, U: 15115
INFO: I: 16385, U: 21285
INFO: I: 12869, U: 17024
INFO: I: 9471, U: 12599
INFO: I: 8885, U: 11636
INFO: I: 12205, U: 15815
INFO: I: 7720, U: 10590
INFO: I: 12966, U: 15906
INFO: I: 13015, U: 16389
INFO: I: 12974, U: 16261
INFO: I: 13224, U: 16799
INFO: I: 13251, U: 16342
INFO: I: 12631, U: 16157
INFO: I: 12099, U: 15317
INFO: I: 14241, U: 17470
INFO: I: 14698, U: 17865
INFO: I: 13674, U: 16716
INFO: I: 11218, U: 14944
INFO: I: 11502, U: 14757
INFO: I: 14302, U: 17615
INFO: Step:8500, Valid_Dice:0.8784855886388139
INFO: 8510 0.05899384245276451
INFO: 8520 0.048186786472797394
INFO: 8530 0.1035757064819336
INFO: 8540 0.058728065341711044
INFO: 8550 0.05250857025384903
INFO: 8560 0.06595660746097565
INFO: 8570 0.05937715619802475
INFO: 8580 0.05217630788683891
INFO: 8590 0.04762972518801689
INFO: 8600 0.05145689845085144
INFO: 8610 0.04276525601744652
INFO: 8620 0.050659194588661194
INFO: 8630 0.04911181330680847
INFO: 8640 0.03071633353829384
INFO: 8650 0.03607182577252388
INFO: 8660 0.03996036946773529
INFO: 8670 0.05091094225645065
INFO: 8680 0.04631180316209793
INFO: 8690 0.038757696747779846
INFO: 8700 0.0313420332968235
INFO: 8710 0.04302899166941643
INFO: 8720 0.04756889492273331
INFO: 8730 0.06012025102972984
INFO: 8740 0.06354507803916931
INFO: 8750 0.047718871384859085
INFO: 8760 0.07826942205429077
INFO: 8770 0.03670748323202133
INFO: 8780 0.06219886988401413
INFO: 8790 0.048437170684337616
INFO: 8800 0.031097766011953354
INFO: 8810 0.04468782991170883
INFO: 8820 0.04311951994895935
INFO: 8830 0.06154794991016388
INFO: 8840 0.04513679817318916
INFO: 8850 0.04256252571940422
INFO: 8860 0.08058524131774902
INFO: 8870 0.04127967357635498
INFO: 8880 0.04286904260516167
INFO: 8890 0.07793107628822327
INFO: 8900 0.06409206241369247
INFO: 8910 0.05178793892264366
INFO: 8920 0.02639429271221161
INFO: 8930 0.05942075699567795
INFO: 8940 0.053284525871276855
INFO: 8950 0.047578033059835434
INFO: 8960 0.043705232441425323
INFO: 8970 0.045995958149433136
INFO: 8980 0.05375417321920395
INFO: 8990 0.08625029027462006
INFO: 9000 0.03859759122133255
INFO: Checkpoint 9000 saved !
INFO: I: 11442, U: 15354
INFO: I: 17740, U: 21560
INFO: I: 12936, U: 17115
INFO: I: 9786, U: 13061
INFO: I: 8917, U: 11626
INFO: I: 12344, U: 15824
INFO: I: 8162, U: 10846
INFO: I: 13097, U: 15914
INFO: I: 13022, U: 16219
INFO: I: 13196, U: 16440
INFO: I: 13389, U: 16857
INFO: I: 13402, U: 16350
INFO: I: 12952, U: 16451
INFO: I: 12113, U: 15355
INFO: I: 14394, U: 17504
INFO: I: 14788, U: 17847
INFO: I: 13713, U: 16746
INFO: I: 11559, U: 15133
INFO: I: 11274, U: 14294
INFO: I: 14543, U: 17798
INFO: Step:9000, Valid_Dice:0.883382057948071
INFO: 9010 0.04219861328601837
INFO: 9020 0.030469147488474846
INFO: 9030 0.0458652600646019
INFO: 9040 0.06391861289739609
INFO: 9050 0.03519528731703758
INFO: 9060 0.03902989625930786
INFO: 9070 0.03362758085131645
INFO: 9080 0.04375454783439636
INFO: 9090 0.06268633157014847
INFO: 9100 0.027820955961942673
INFO: 9110 0.06818730384111404
INFO: 9120 0.043127208948135376
INFO: 9130 0.0923926904797554
INFO: 9140 0.0524742491543293
INFO: 9150 0.060708872973918915
INFO: 9160 0.044218871742486954
INFO: 9170 0.03795081004500389
INFO: 9180 0.07107891887426376
INFO: 9190 0.05233454704284668
INFO: 9200 0.050607830286026
INFO: 9210 0.040616199374198914
INFO: 9220 0.0746602714061737
INFO: 9230 0.050365980714559555
INFO: 9240 0.053168751299381256
INFO: 9250 0.044645097106695175
INFO: 9260 0.044115420430898666
INFO: 9270 0.0451294481754303
INFO: 9280 0.04194863885641098
INFO: 9290 0.040784675627946854
INFO: 9300 0.06353134661912918
INFO: 9310 0.05318170785903931
INFO: 9320 0.0451892614364624
INFO: 9330 0.045485809445381165
INFO: 9340 0.04145120456814766
INFO: 9350 0.07994521409273148
INFO: 9360 0.05533492937684059
INFO: 9370 0.06623543798923492
INFO: 9380 0.057929765433073044
INFO: 9390 0.037947069853544235
INFO: 9400 0.03346423804759979
INFO: 9410 0.04224105924367905
INFO: 9420 0.05136862024664879
INFO: 9430 0.046732302755117416
INFO: 9440 0.043733756989240646
INFO: 9450 0.05653651803731918
INFO: 9460 0.04663187265396118
INFO: 9470 0.04185596480965614
INFO: 9480 0.055238574743270874
INFO: 9490 0.06609264761209488
INFO: 9500 0.04201927408576012
INFO: Checkpoint 9500 saved !
INFO: I: 11125, U: 14798
INFO: I: 16655, U: 20813
INFO: I: 12407, U: 16602
INFO: I: 9668, U: 12730
INFO: I: 8601, U: 11329
INFO: I: 12055, U: 15619
INFO: I: 7779, U: 10519
INFO: I: 12712, U: 15481
INFO: I: 12670, U: 15984
INFO: I: 12759, U: 16061
INFO: I: 12982, U: 16364
INFO: I: 12672, U: 15778
INFO: I: 12622, U: 15988
INFO: I: 11726, U: 14886
INFO: I: 13949, U: 17190
INFO: I: 14134, U: 17426
INFO: I: 13445, U: 16451
INFO: I: 11047, U: 14852
INFO: I: 11168, U: 14262
INFO: I: 14086, U: 17240
INFO: Step:9500, Valid_Dice:0.8791572100120655
INFO: 9510 0.041539426892995834
INFO: 9520 0.07985444366931915
INFO: 9530 0.04255225881934166
INFO: 9540 0.05830882489681244
INFO: 9550 0.06335041671991348
INFO: 9560 0.0637841671705246
INFO: 9570 0.06551974266767502
INFO: 9580 0.05254100263118744
INFO: 9590 0.047607552260160446
INFO: 9600 0.049140796065330505
INFO: 9610 0.04589547961950302
INFO: 9620 0.06275642663240433
INFO: 9630 0.04767509177327156
INFO: 9640 0.03648907318711281
INFO: 9650 0.05922893062233925
INFO: 9660 0.04956305772066116
INFO: 9670 0.0424615740776062
INFO: 9680 0.048680298030376434
INFO: 9690 0.03223293274641037
INFO: 9700 0.0402599535882473
INFO: 9710 0.05293261632323265
INFO: 9720 0.04736136645078659
INFO: 9730 0.07156642526388168
INFO: 9740 0.04483150318264961
INFO: 9750 0.06585689634084702
INFO: 9760 0.04651553928852081
INFO: 9770 0.03667360916733742
INFO: 9780 0.03867573291063309
INFO: 9790 0.04111895710229874
INFO: 9800 0.06090385839343071
INFO: 9810 0.041065409779548645
INFO: 9820 0.044604260474443436
INFO: 9830 0.04866599664092064
INFO: 9840 0.0452527180314064
INFO: 9850 0.04217775911092758
INFO: 9860 0.05901952087879181
INFO: 9870 0.058846455067396164
INFO: 9880 0.03582492843270302
INFO: 9890 0.0446486733853817
INFO: 9900 0.045313652604818344
INFO: 9910 0.05906171724200249
INFO: 9920 0.07296133786439896
INFO: 9930 0.07266654819250107
INFO: 9940 0.13793031871318817
INFO: 9950 0.0392582044005394
INFO: 9960 0.05074533820152283
INFO: 9970 0.05732739344239235
INFO: 9980 0.04513624310493469
INFO: 9990 0.05020793154835701
INFO: 10000 0.05345740541815758
INFO: Checkpoint 10000 saved !
INFO: I: 11409, U: 15649
INFO: I: 17883, U: 21696
INFO: I: 12755, U: 17004
INFO: I: 9933, U: 13337
INFO: I: 8907, U: 11741
INFO: I: 12486, U: 16078
INFO: I: 8285, U: 11123
INFO: I: 13047, U: 15831
INFO: I: 12979, U: 16306
INFO: I: 13223, U: 16622
INFO: I: 13296, U: 16772
INFO: I: 13218, U: 16148
INFO: I: 13177, U: 16590
INFO: I: 11969, U: 15174
INFO: I: 14443, U: 17647
INFO: I: 14730, U: 17822
INFO: I: 13732, U: 16726
INFO: I: 11430, U: 15055
INFO: I: 11456, U: 14650
INFO: I: 14390, U: 17538
INFO: Step:10000, Valid_Dice:0.8812851167874625
INFO: 10010 0.0549229234457016
INFO: 10020 0.06093690171837807
INFO: 10030 0.07855329662561417
INFO: 10040 0.07204129546880722
INFO: 10050 0.040059491991996765
INFO: 10060 0.05260634794831276
INFO: 10070 0.07259894162416458
INFO: 10080 0.07650448381900787
INFO: 10090 0.03586211055517197
INFO: 10100 0.05244102701544762
INFO: 10110 0.04197659716010094
INFO: 10120 0.04106465354561806
INFO: 10130 0.0488135926425457
INFO: 10140 0.04255986586213112
INFO: 10150 0.038608551025390625
INFO: 10160 0.0766865685582161
INFO: 10170 0.04508589953184128
INFO: 10180 0.04669572785496712
INFO: 10190 0.04152753949165344
INFO: 10200 0.04238703474402428
INFO: 10210 0.04728737846016884
INFO: 10220 0.09965621680021286
INFO: 10230 0.07675999402999878
INFO: 10240 0.044872697442770004
INFO: 10250 0.050038985908031464
INFO: 10260 0.037041615694761276
INFO: 10270 0.05808436870574951
INFO: 10280 0.043649304658174515
INFO: 10290 0.05796051025390625
INFO: 10300 0.07941170036792755
INFO: 10310 0.04906769469380379
INFO: 10320 0.04620688036084175
INFO: 10330 0.07374081760644913
INFO: 10340 0.13624469935894012
INFO: 10350 0.05340445414185524
INFO: 10360 0.0534239262342453
INFO: 10370 0.046646829694509506
INFO: 10380 0.06114408001303673
INFO: 10390 0.04591050371527672
INFO: 10400 0.040279701352119446
INFO: 10410 0.052161555737257004
INFO: 10420 0.03990372270345688
INFO: 10430 0.04440447315573692
INFO: 10440 0.036571845412254333
INFO: 10450 0.05723388120532036
INFO: 10460 0.06527598947286606
INFO: 10470 0.0496516115963459
INFO: 10480 0.046829670667648315
INFO: 10490 0.04254170134663582
INFO: 10500 0.03186556696891785
INFO: Checkpoint 10500 saved !
INFO: I: 11196, U: 15264
INFO: I: 16832, U: 20947
INFO: I: 12497, U: 16569
INFO: I: 9771, U: 12805
INFO: I: 8815, U: 11407
INFO: I: 11979, U: 15431
INFO: I: 7825, U: 10432
INFO: I: 12745, U: 15394
INFO: I: 12831, U: 15933
INFO: I: 12782, U: 15934
INFO: I: 12933, U: 16254
INFO: I: 12961, U: 15845
INFO: I: 12664, U: 15985
INFO: I: 11875, U: 14952
INFO: I: 14008, U: 17163
INFO: I: 14440, U: 17469
INFO: I: 13565, U: 16488
INFO: I: 11011, U: 14818
INFO: I: 11160, U: 14130
INFO: I: 14131, U: 17209
INFO: Step:10500, Valid_Dice:0.8826612355816051
INFO: 10510 0.04533602297306061
INFO: 10520 0.04310666397213936
INFO: 10530 0.06277942657470703
INFO: 10540 0.048279013484716415
INFO: 10550 0.05408409237861633
INFO: 10560 0.05453455075621605
INFO: 10570 0.06036590412259102
INFO: 10580 0.058900829404592514
INFO: 10590 0.04989684745669365
INFO: 10600 0.0290074460208416
INFO: 10610 0.0571429505944252
INFO: 10620 0.05422890558838844
INFO: 10630 0.0313945934176445
INFO: 10640 0.0332394577562809
INFO: 10650 0.052072279155254364
INFO: 10660 0.06536171585321426
INFO: 10670 0.047176964581012726
INFO: 10680 0.04779863730072975
INFO: 10690 0.04603201895952225
INFO: 10700 0.050344180315732956
INFO: 10710 0.03991241008043289
INFO: 10720 0.039789680391550064
INFO: 10730 0.05116620659828186
INFO: 10740 0.045607514679431915
INFO: 10750 0.05209137126803398
INFO: 10760 0.04244329780340195
INFO: 10770 0.058910828083753586
INFO: 10780 0.07347013801336288
INFO: 10790 0.07509159296751022
INFO: 10800 0.050845928490161896
INFO: 10810 0.04302078112959862
INFO: 10820 0.046577099710702896
INFO: 10830 0.05503908172249794
INFO: 10840 0.04138462245464325
INFO: 10850 0.049551140516996384
INFO: 10860 0.0353386327624321
INFO: 10870 0.05750744789838791
INFO: 10880 0.04881711304187775
INFO: 10890 0.04176386073231697
INFO: 10900 0.05182614177465439
INFO: 10910 0.040273625403642654
INFO: 10920 0.0712067112326622
INFO: 10930 0.05752655118703842
INFO: 10940 0.056290607899427414
INFO: 10950 0.05007224902510643
INFO: 10960 0.05532005429267883
INFO: 10970 0.06278420984745026
INFO: 10980 0.045261286199092865
INFO: 10990 0.06233308091759682
INFO: 11000 0.03882506862282753
INFO: Checkpoint 11000 saved !
INFO: I: 11276, U: 15171
INFO: I: 16140, U: 21291
INFO: I: 12713, U: 16821
INFO: I: 9783, U: 13024
INFO: I: 8935, U: 11786
INFO: I: 12115, U: 15752
INFO: I: 8146, U: 10902
INFO: I: 12897, U: 15734
INFO: I: 12886, U: 16166
INFO: I: 13026, U: 16340
INFO: I: 13101, U: 16514
INFO: I: 13167, U: 16185
INFO: I: 12306, U: 16136
INFO: I: 12002, U: 15240
INFO: I: 14180, U: 17363
INFO: I: 14653, U: 17709
INFO: I: 13621, U: 16676
INFO: I: 11208, U: 14942
INFO: I: 11595, U: 14843
INFO: I: 14119, U: 17335
INFO: Step:11000, Valid_Dice:0.8780313719465545
INFO: 11010 0.0600045882165432
INFO: 11020 0.06747972965240479
INFO: 11030 0.027543045580387115
INFO: 11040 0.03392387181520462
INFO: 11050 0.07559769600629807
INFO: 11060 0.03470778092741966
INFO: 11070 0.09463963657617569
INFO: 11080 0.05613016337156296
INFO: 11090 0.05129867047071457
INFO: 11100 0.06482092291116714
INFO: 11110 0.04383530467748642
INFO: 11120 0.0715690329670906
INFO: 11130 0.05971113219857216
INFO: 11140 0.03977485001087189
INFO: 11150 0.05040304362773895
INFO: 11160 0.047142431139945984
INFO: 11170 0.04519501328468323
INFO: 11180 0.03328152745962143
INFO: 11190 0.046927738934755325
INFO: 11200 0.053211115300655365
INFO: 11210 0.04395020753145218
INFO: 11220 0.0441088005900383
INFO: 11230 0.03996150940656662
INFO: 11240 0.041347723454236984
INFO: 11250 0.06287112087011337
INFO: 11260 0.06821470707654953
INFO: 11270 0.028698736801743507
INFO: 11280 0.0675475001335144
INFO: 11290 0.0481162928044796
INFO: 11300 0.05148091912269592
INFO: 11310 0.03901102393865585
INFO: 11320 0.04250991344451904
INFO: 11330 0.030515631660819054
INFO: 11340 0.06789516657590866
INFO: 11350 0.050146736204624176
INFO: 11360 0.0604875311255455
INFO: 11370 0.04829424247145653
INFO: 11380 0.035783179104328156
INFO: 11390 0.0397588312625885
INFO: 11400 0.06040998548269272
INFO: 11410 0.05698312819004059
INFO: 11420 0.04649205505847931
INFO: 11430 0.042163677513599396
INFO: 11440 0.03556547313928604
INFO: 11450 0.04852764308452606
INFO: 11460 0.031872715801000595
INFO: 11470 0.04161939397454262
INFO: 11480 0.047281354665756226
INFO: 11490 0.041340190917253494
INFO: 11500 0.04267831891775131
INFO: Checkpoint 11500 saved !
INFO: I: 11471, U: 15142
INFO: I: 17100, U: 21133
INFO: I: 12941, U: 17103
INFO: I: 9613, U: 12693
INFO: I: 8893, U: 11557
INFO: I: 12398, U: 15800
INFO: I: 7932, U: 10658
INFO: I: 13112, U: 15939
INFO: I: 13048, U: 16133
INFO: I: 13154, U: 16297
INFO: I: 13388, U: 16845
INFO: I: 13306, U: 16204
INFO: I: 12807, U: 16322
INFO: I: 12203, U: 15478
INFO: I: 14573, U: 17753
INFO: I: 14758, U: 17696
INFO: I: 13799, U: 16907
INFO: I: 11689, U: 15274
INFO: I: 11351, U: 14400
INFO: I: 14537, U: 17790
INFO: Step:11500, Valid_Dice:0.8839509671319785
INFO: 11510 0.046206410974264145
INFO: 11520 0.05072137340903282
INFO: 11530 0.050794102251529694
INFO: 11540 0.07615996897220612
INFO: 11550 0.04510605335235596
INFO: 11560 0.05842026323080063
INFO: 11570 0.05033811554312706
INFO: 11580 0.046263694763183594
INFO: 11590 0.05503483861684799
INFO: 11600 0.0442444384098053
INFO: 11610 0.06366291642189026
INFO: 11620 0.035273343324661255
INFO: 11630 0.04756025969982147
INFO: 11640 0.057479918003082275
INFO: 11650 0.04646557569503784
INFO: 11660 0.041358526796102524
INFO: 11670 0.05802622810006142
INFO: 11680 0.04437607526779175
INFO: 11690 0.058959972113370895
INFO: 11700 0.034057505428791046
INFO: 11710 0.07857067883014679
INFO: 11720 0.05602779611945152
INFO: 11730 0.027890902012586594
INFO: 11740 0.055046629160642624
INFO: 11750 0.037286385893821716
INFO: 11760 0.039728883653879166
INFO: 11770 0.05782239884138107
INFO: 11780 0.0333651527762413
INFO: 11790 0.04525453969836235
INFO: 11800 0.05013780668377876
INFO: 11810 0.03249102458357811
INFO: 11820 0.04678109288215637
INFO: 11830 0.051745813339948654
INFO: 11840 0.0535193607211113
INFO: 11850 0.05185224488377571
INFO: 11860 0.06176440417766571
INFO: 11870 0.05768434330821037
INFO: 11880 0.05697529390454292
INFO: 11890 0.05391737073659897
INFO: 11900 0.03695293888449669
INFO: 11910 0.049406975507736206
INFO: 11920 0.04724705219268799
INFO: 11930 0.047068361192941666
INFO: 11940 0.0508909747004509
INFO: 11950 0.038573380559682846
INFO: 11960 0.044254887849092484
INFO: 11970 0.047586169093847275
INFO: 11980 0.04384833201766014
INFO: 11990 0.04853568598628044
INFO: 12000 0.0695333480834961
INFO: Checkpoint 12000 saved !
INFO: I: 11509, U: 15100
INFO: I: 16845, U: 21248
INFO: I: 12998, U: 17132
INFO: I: 9832, U: 12988
INFO: I: 8934, U: 11682
INFO: I: 12408, U: 16025
INFO: I: 8060, U: 10768
INFO: I: 13089, U: 15933
INFO: I: 13134, U: 16360
INFO: I: 13276, U: 16446
INFO: I: 13456, U: 16926
INFO: I: 13363, U: 16270
INFO: I: 12671, U: 16355
INFO: I: 12159, U: 15422
INFO: I: 14484, U: 17525
INFO: I: 14796, U: 17784
INFO: I: 13900, U: 16983
INFO: I: 11589, U: 15120
INFO: I: 11479, U: 14671
INFO: I: 14504, U: 17644
INFO: Step:12000, Valid_Dice:0.8829783586475394
INFO: 12010 0.04238424450159073
INFO: 12020 0.0502498559653759
INFO: 12030 0.05467468127608299
INFO: 12040 0.03528676554560661
INFO: 12050 0.047329131513834
INFO: 12060 0.05003703013062477
INFO: 12070 0.04974696412682533
INFO: 12080 0.051676586270332336
INFO: 12090 0.06404521316289902
INFO: 12100 0.05155188590288162
INFO: 12110 0.07631774991750717
INFO: 12120 0.04565912112593651
INFO: 12130 0.07052486389875412
INFO: 12140 0.05470050126314163
INFO: 12150 0.024727603420615196
INFO: 12160 0.04397345334291458
INFO: 12170 0.04832258075475693
INFO: 12180 0.04633544012904167
INFO: 12190 0.054112620651721954
INFO: 12200 0.0698927640914917
INFO: 12210 0.060772381722927094
INFO: 12220 0.03971472010016441
INFO: 12230 0.03942383453249931
INFO: 12240 0.054979655891656876
INFO: 12250 0.04281887412071228
INFO: 12260 0.051303815096616745
INFO: 12270 0.10253934562206268
INFO: 12280 0.08228333294391632
INFO: 12290 0.03597646951675415
INFO: 12300 0.0433586984872818
INFO: 12310 0.03489432856440544
INFO: 12320 0.05240502953529358
INFO: 12330 0.05753272771835327
INFO: 12340 0.06368732452392578
INFO: 12350 0.06352350860834122
INFO: 12360 0.04486598074436188
INFO: 12370 0.05180925130844116
INFO: 12380 0.05383322760462761
INFO: 12390 0.041344109922647476
INFO: 12400 0.0517127700150013
INFO: 12410 0.0380411259829998
INFO: 12420 0.0523371584713459
INFO: 12430 0.04754878580570221
INFO: 12440 0.06508057564496994
INFO: 12450 0.035079870373010635
INFO: 12460 0.041628845036029816
INFO: 12470 0.050136830657720566
INFO: 12480 0.049019042402505875
INFO: 12490 0.04166284203529358
INFO: 12500 0.04402277246117592
INFO: Checkpoint 12500 saved !
INFO: I: 11698, U: 15465
INFO: I: 16922, U: 21865
INFO: I: 13094, U: 17354
INFO: I: 10244, U: 13896
INFO: I: 9095, U: 12189
INFO: I: 12445, U: 16249
INFO: I: 8588, U: 11599
INFO: I: 13207, U: 16316
INFO: I: 13126, U: 16654
INFO: I: 13432, U: 16939
INFO: I: 13431, U: 17159
INFO: I: 13544, U: 16624
INFO: I: 12972, U: 16797
INFO: I: 12179, U: 15670
INFO: I: 14572, U: 17869
INFO: I: 15112, U: 18324
INFO: I: 13887, U: 17271
INFO: I: 11853, U: 15403
INFO: I: 11706, U: 15274
INFO: I: 14481, U: 17896
INFO: Step:12500, Valid_Dice:0.8762130803537511
INFO: 12510 0.06571187824010849
INFO: 12520 0.07623481750488281
INFO: 12530 0.06455644220113754
INFO: 12540 0.03758048266172409
INFO: 12550 0.05305156111717224
INFO: 12560 0.047030847519636154
INFO: 12570 0.04375547915697098
INFO: 12580 0.056980982422828674
INFO: 12590 0.04510855674743652
INFO: 12600 0.06432972848415375
INFO: 12610 0.04233536869287491
INFO: 12620 0.05315196514129639
INFO: 12630 0.07888281345367432
INFO: 12640 0.036740176379680634
INFO: 12650 0.05184177681803703
INFO: 12660 0.05803067609667778
INFO: 12670 0.0490456260740757
INFO: 12680 0.05057847872376442
INFO: 12690 0.05151199921965599
INFO: 12700 0.05419481173157692
INFO: 12710 0.037790678441524506
INFO: 12720 0.0445229671895504
INFO: 12730 0.0404641330242157
INFO: 12740 0.06373056769371033
INFO: 12750 0.04303212836384773
INFO: 12760 0.05213706195354462
INFO: 12770 0.028592173010110855
INFO: 12780 0.04567602649331093
INFO: 12790 0.0873042568564415
INFO: 12800 0.041900768876075745
INFO: 12810 0.06138274073600769
INFO: 12820 0.05863533914089203
INFO: 12830 0.04584796726703644
INFO: 12840 0.039396800100803375
INFO: 12850 0.05055433511734009
INFO: 12860 0.03848135098814964
INFO: 12870 0.03349430114030838
INFO: 12880 0.041002366691827774
INFO: 12890 0.04614169895648956
INFO: 12900 0.03988668695092201
INFO: 12910 0.08379784971475601
INFO: 12920 0.06427135318517685
INFO: 12930 0.06596924364566803
INFO: 12940 0.05410044640302658
INFO: 12950 0.04317111149430275
INFO: 12960 0.07546856999397278
INFO: 12970 0.039990801364183426
INFO: 12980 0.05724199116230011
INFO: 12990 0.049271222203969955
INFO: 13000 0.05460858717560768
INFO: Checkpoint 13000 saved !
INFO: I: 11507, U: 15237
INFO: I: 17764, U: 21471
INFO: I: 12957, U: 17244
INFO: I: 9920, U: 13260
INFO: I: 8852, U: 11746
INFO: I: 12329, U: 15990
INFO: I: 8117, U: 11053
INFO: I: 13042, U: 15918
INFO: I: 13035, U: 16656
INFO: I: 13146, U: 16569
INFO: I: 13410, U: 17118
INFO: I: 13342, U: 16370
INFO: I: 13091, U: 16522
INFO: I: 12139, U: 15435
INFO: I: 14512, U: 17700
INFO: I: 14868, U: 18070
INFO: I: 13805, U: 16877
INFO: I: 11821, U: 15291
INFO: I: 11317, U: 14555
INFO: I: 14565, U: 18005
INFO: Step:13000, Valid_Dice:0.8803390794124486
INFO: 13010 0.03864365816116333
INFO: 13020 0.04046768695116043
INFO: 13030 0.09372226893901825
INFO: 13040 0.05467601493000984
INFO: 13050 0.10097987949848175
INFO: 13060 0.04832056537270546
INFO: 13070 0.05258907377719879
INFO: 13080 0.05697765573859215
INFO: 13090 0.06117447465658188
INFO: 13100 0.06545180827379227
INFO: 13110 0.04908353462815285
INFO: 13120 0.05802714079618454
INFO: 13130 0.03259943425655365
INFO: 13140 0.035622723400592804
INFO: 13150 0.039439667016267776
INFO: 13160 0.047091010957956314
INFO: 13170 0.04541538655757904
INFO: 13180 0.03662024065852165
INFO: 13190 0.04889310151338577
INFO: 13200 0.03989095240831375
INFO: 13210 0.057210881263017654
INFO: 13220 0.0454673208296299
INFO: 13230 0.03988449648022652
INFO: 13240 0.049249209463596344
INFO: 13250 0.0709385797381401
INFO: 13260 0.05494959279894829
INFO: 13270 0.04807288199663162
INFO: 13280 0.06677649915218353
INFO: 13290 0.055315662175416946
INFO: 13300 0.04042622819542885
INFO: 13310 0.0965886265039444
INFO: 13320 0.035377223044633865
INFO: 13330 0.040697477757930756
INFO: 13340 0.05109540745615959
INFO: 13350 0.0634397491812706
INFO: 13360 0.03442047908902168
INFO: 13370 0.05580902844667435
INFO: 13380 0.04727274924516678
INFO: 13390 0.0447097048163414
INFO: 13400 0.04635169729590416
INFO: 13410 0.03338835388422012
INFO: 13420 0.055366430431604385
INFO: 13430 0.031408123672008514
INFO: 13440 0.04906477779150009
INFO: 13450 0.047954123467206955
INFO: 13460 0.04902995377779007
INFO: 13470 0.04677881300449371
INFO: 13480 0.057467687875032425
INFO: 13490 0.05399731546640396
INFO: 13500 0.06410985440015793
INFO: Checkpoint 13500 saved !
INFO: I: 11668, U: 16017
INFO: I: 17104, U: 21599
INFO: I: 13169, U: 17306
INFO: I: 10009, U: 13567
INFO: I: 9099, U: 11968
INFO: I: 12279, U: 16062
INFO: I: 8478, U: 11331
INFO: I: 13235, U: 16292
INFO: I: 13215, U: 16492
INFO: I: 13406, U: 16626
INFO: I: 13490, U: 17151
INFO: I: 13500, U: 16425
INFO: I: 12901, U: 16470
INFO: I: 12336, U: 15797
INFO: I: 14699, U: 17855
INFO: I: 14981, U: 17956
INFO: I: 13862, U: 17160
INFO: I: 11865, U: 15273
INFO: I: 11767, U: 15260
INFO: I: 14530, U: 17674
INFO: Step:13500, Valid_Dice:0.8798778381329916
INFO: 13510 0.03823520243167877
INFO: 13520 0.05273857340216637
INFO: 13530 0.024453232064843178
INFO: 13540 0.049034833908081055
INFO: 13550 0.07851921021938324
INFO: 13560 0.04826803132891655
INFO: 13570 0.029605988413095474
INFO: 13580 0.0730409026145935
INFO: 13590 0.0452689528465271
INFO: 13600 0.03716115653514862
INFO: 13610 0.044899675995111465
INFO: 13620 0.035461027175188065
INFO: 13630 0.060300908982753754
INFO: 13640 0.0346781387925148
INFO: 13650 0.04876064881682396
INFO: 13660 0.0565609484910965
INFO: 13670 0.03867456689476967
INFO: 13680 0.04261920973658562
INFO: 13690 0.07582759857177734
INFO: 13700 0.045646362006664276
INFO: 13710 0.04270850494503975
INFO: 13720 0.04372744634747505
INFO: 13730 0.04831844940781593
INFO: 13740 0.04248503968119621
INFO: 13750 0.05143100768327713
INFO: 13760 0.05117494985461235
INFO: 13770 0.04153912514448166
INFO: 13780 0.04953029379248619
INFO: 13790 0.03588559478521347
INFO: 13800 0.06191936135292053
INFO: 13810 0.03819292038679123
INFO: 13820 0.04048413038253784
INFO: 13830 0.045846737921237946
INFO: 13840 0.046694785356521606
INFO: 13850 0.0489644892513752
INFO: 13860 0.03810020908713341
INFO: 13870 0.05152209475636482
INFO: 13880 0.06345757097005844
INFO: 13890 0.03843402862548828
INFO: 13900 0.05355352908372879
INFO: 13910 0.05144873633980751
INFO: 13920 0.039829596877098083
INFO: 13930 0.04353060945868492
INFO: 13940 0.056717101484537125
INFO: 13950 0.038153618574142456
INFO: 13960 0.05201533064246178
INFO: 13970 0.0725884884595871
INFO: 13980 0.0385248102247715
INFO: 13990 0.058440856635570526
INFO: 14000 0.04733720421791077
INFO: Checkpoint 14000 saved !
INFO: I: 10476, U: 14592
INFO: I: 15889, U: 20303
INFO: I: 11841, U: 16167
INFO: I: 8976, U: 12116
INFO: I: 8099, U: 10869
INFO: I: 11241, U: 15057
INFO: I: 7326, U: 10229
INFO: I: 12165, U: 14965
INFO: I: 11958, U: 15257
INFO: I: 12214, U: 15545
INFO: I: 12368, U: 15812
INFO: I: 12061, U: 15488
INFO: I: 11892, U: 15540
INFO: I: 11145, U: 14457
INFO: I: 13191, U: 16694
INFO: I: 13477, U: 17092
INFO: I: 12823, U: 15940
INFO: I: 10351, U: 14636
INFO: I: 10600, U: 13749
INFO: I: 13393, U: 16669
INFO: Step:14000, Valid_Dice:0.8673497452560601
INFO: 14010 0.0644572526216507
INFO: 14020 0.047722477465867996
INFO: 14030 0.039286863058805466
INFO: 14040 0.0440121628344059
INFO: 14050 0.03846829757094383
INFO: 14060 0.044909246265888214
INFO: 14070 0.05566491559147835
INFO: 14080 0.05724729597568512
INFO: 14090 0.05356317013502121
INFO: 14100 0.045192088931798935
INFO: 14110 0.03214360028505325
INFO: 14120 0.047207240015268326
INFO: 14130 0.03904583305120468
INFO: 14140 0.12290581315755844
INFO: 14150 0.037848375737667084
INFO: 14160 0.06381256133317947
INFO: 14170 0.052308935672044754
INFO: 14180 0.050451360642910004
INFO: 14190 0.048021234571933746
INFO: 14200 0.0525166392326355
INFO: 14210 0.044615738093853
INFO: 14220 0.052612852305173874
INFO: 14230 0.06607437878847122
INFO: 14240 0.03673895448446274
INFO: 14250 0.04155677929520607
INFO: 14260 0.04992666095495224
INFO: 14270 0.077126145362854
INFO: 14280 0.05573420971632004
INFO: 14290 0.058764781802892685
INFO: 14300 0.03114614635705948
INFO: 14310 0.0498606339097023
INFO: 14320 0.023891128599643707
INFO: 14330 0.04812251403927803
INFO: 14340 0.05913526564836502
INFO: 14350 0.057715076953172684
INFO: 14360 0.04142773896455765
INFO: 14370 0.04040523245930672
INFO: 14380 0.04163962975144386
INFO: 14390 0.03840593993663788
INFO: 14400 0.04268826171755791
INFO: 14410 0.034216783940792084
INFO: 14420 0.03484589233994484
INFO: 14430 0.047832947224378586
INFO: 14440 0.03914764150977135
INFO: 14450 0.05074946954846382
INFO: 14460 0.0332154706120491
INFO: 14470 0.04004397615790367
INFO: 14480 0.06297911703586578
INFO: 14490 0.05845984071493149
INFO: 14500 0.047515228390693665
INFO: Checkpoint 14500 saved !
INFO: I: 11331, U: 14850
INFO: I: 17105, U: 21129
INFO: I: 12814, U: 16885
INFO: I: 9827, U: 12992
INFO: I: 8925, U: 11619
INFO: I: 12159, U: 15604
INFO: I: 8215, U: 11003
INFO: I: 12996, U: 15723
INFO: I: 12960, U: 16015
INFO: I: 13132, U: 16266
INFO: I: 13264, U: 16535
INFO: I: 13245, U: 16105
INFO: I: 12873, U: 16144
INFO: I: 12043, U: 15217
INFO: I: 14190, U: 17247
INFO: I: 14727, U: 17605
INFO: I: 13666, U: 16575
INFO: I: 11376, U: 14995
INFO: I: 11574, U: 14777
INFO: I: 14232, U: 17225
INFO: Step:14500, Valid_Dice:0.8852261857431788
INFO: 14510 0.049444157630205154
INFO: 14520 0.05204420164227486
INFO: 14530 0.08079257607460022
INFO: 14540 0.04743625968694687
INFO: 14550 0.05036866292357445
INFO: 14560 0.049023497849702835
INFO: 14570 0.052205078303813934
INFO: 14580 0.04845770448446274
INFO: 14590 0.04732325300574303
INFO: 14600 0.05403811112046242
INFO: 14610 0.03341858834028244
INFO: 14620 0.045119185000658035
INFO: 14630 0.06332675367593765
INFO: 14640 0.045460183173418045
INFO: 14650 0.09952006489038467
INFO: 14660 0.05713654309511185
INFO: 14670 0.036252617835998535
INFO: 14680 0.07327050715684891
INFO: 14690 0.047225043177604675
INFO: 14700 0.0681317150592804
INFO: 14710 0.05588521063327789
INFO: 14720 0.04872966930270195
INFO: 14730 0.02791452594101429
INFO: 14740 0.04774856939911842
INFO: 14750 0.031014300882816315
INFO: 14760 0.061395689845085144
INFO: 14770 0.05122314393520355
INFO: 14780 0.07272721081972122
INFO: 14790 0.04230023920536041
INFO: 14800 0.04681047424674034
INFO: 14810 0.035016197711229324
INFO: 14820 0.052537720650434494
INFO: 14830 0.04695594683289528
INFO: 14840 0.035653386265039444
INFO: 14850 0.04401378333568573
INFO: 14860 0.0534406378865242
INFO: 14870 0.05198901891708374
INFO: 14880 0.053625915199518204
INFO: 14890 0.05709705129265785
INFO: 14900 0.04225068911910057
INFO: 14910 0.04147230088710785
INFO: 14920 0.043574657291173935
INFO: 14930 0.056225597858428955
INFO: 14940 0.11262021213769913
INFO: 14950 0.04519641026854515
INFO: 14960 0.05067875236272812
INFO: 14970 0.078467957675457
INFO: 14980 0.05190877616405487
INFO: 14990 0.030480990186333656
INFO: 15000 0.059726908802986145
INFO: Checkpoint 15000 saved !
INFO: I: 11286, U: 14902
INFO: I: 17005, U: 21005
INFO: I: 12607, U: 16634
INFO: I: 9816, U: 12887
INFO: I: 8928, U: 11584
INFO: I: 12174, U: 15598
INFO: I: 8198, U: 10901
INFO: I: 12966, U: 15624
INFO: I: 12918, U: 15935
INFO: I: 13077, U: 16136
INFO: I: 13069, U: 16288
INFO: I: 13034, U: 15926
INFO: I: 12726, U: 16107
INFO: I: 11967, U: 15096
INFO: I: 14027, U: 17054
INFO: I: 14505, U: 17457
INFO: I: 13650, U: 16542
INFO: I: 11083, U: 14805
INFO: I: 11519, U: 14537
INFO: I: 14154, U: 17140
INFO: Step:15000, Valid_Dice:0.8852101714827191
INFO: 15010 0.04410646855831146
INFO: 15020 0.05949730798602104
INFO: 15030 0.0479336641728878
INFO: 15040 0.06869775801897049
INFO: 15050 0.04996920004487038
INFO: 15060 0.042665548622608185
INFO: 15070 0.042216308414936066
INFO: 15080 0.04683643952012062
INFO: 15090 0.05327169969677925
INFO: 15100 0.046658795326948166
INFO: 15110 0.04536360502243042
INFO: 15120 0.04831907898187637
INFO: 15130 0.04184102639555931
INFO: 15140 0.03139423951506615
INFO: 15150 0.0382554829120636
INFO: 15160 0.05590534582734108
INFO: 15170 0.04039286449551582
INFO: 15180 0.0430571585893631
INFO: 15190 0.04609367623925209
INFO: 15200 0.042842209339141846
INFO: 15210 0.04119187965989113
INFO: 15220 0.059779200702905655
INFO: 15230 0.06372598558664322
INFO: 15240 0.0501762330532074
INFO: 15250 0.06947404891252518
INFO: 15260 0.04699978604912758
INFO: 15270 0.048630405217409134
INFO: 15280 0.04217112064361572
INFO: 15290 0.05196351185441017
INFO: 15300 0.04752446338534355
INFO: 15310 0.04469272494316101
INFO: 15320 0.054260436445474625
INFO: 15330 0.04942421242594719
INFO: 15340 0.05007544532418251
INFO: 15350 0.039277512580156326
INFO: 15360 0.04462509974837303
INFO: 15370 0.046279773116111755
INFO: 15380 0.04585928097367287
INFO: 15390 0.04922888055443764
INFO: 15400 0.039136238396167755
INFO: 15410 0.04505220428109169
INFO: 15420 0.05503808706998825
INFO: 15430 0.04140568897128105
INFO: 15440 0.045650165528059006
INFO: 15450 0.06102821230888367
INFO: 15460 0.05793913081288338
INFO: 15470 0.05564422160387039
INFO: 15480 0.04733869805932045
INFO: 15490 0.03615003451704979
INFO: 15500 0.04849822446703911
INFO: Checkpoint 15500 saved !
INFO: I: 11498, U: 15031
INFO: I: 17089, U: 21522
INFO: I: 13037, U: 17153
INFO: I: 9925, U: 12930
INFO: I: 8980, U: 11768
INFO: I: 12409, U: 15952
INFO: I: 8316, U: 11000
INFO: I: 13185, U: 15995
INFO: I: 13078, U: 16308
INFO: I: 13356, U: 16668
INFO: I: 13443, U: 16885
INFO: I: 13376, U: 16203
INFO: I: 12814, U: 16542
INFO: I: 12208, U: 15443
INFO: I: 14448, U: 17593
INFO: I: 14860, U: 17781
INFO: I: 13818, U: 16875
INFO: I: 11888, U: 15299
INFO: I: 11630, U: 14825
INFO: I: 14398, U: 17556
INFO: Step:15500, Valid_Dice:0.884202737207262
INFO: 15510 0.03184640035033226
INFO: 15520 0.04915117099881172
INFO: 15530 0.03687601909041405
INFO: 15540 0.03968055918812752
INFO: 15550 0.04990721493959427
INFO: 15560 0.05431365966796875
INFO: 15570 0.050281424075365067
INFO: 15580 0.06372765451669693
INFO: 15590 0.03584384545683861
INFO: 15600 0.039523087441921234
INFO: 15610 0.04656160995364189
INFO: 15620 0.0468139722943306
INFO: 15630 0.06360118091106415
INFO: 15640 0.03711751103401184
INFO: 15650 0.041187215596437454
INFO: 15660 0.055721864104270935
INFO: 15670 0.04093332961201668
INFO: 15680 0.04392107203602791
INFO: 15690 0.037348948419094086
INFO: 15700 0.05085271596908569
INFO: 15710 0.03295883908867836
INFO: 15720 0.039712172001600266
INFO: 15730 0.03753313422203064
INFO: 15740 0.03676382452249527
INFO: 15750 0.042315129190683365
INFO: 15760 0.06572259217500687
INFO: 15770 0.054940301924943924
INFO: 15780 0.04669284448027611
INFO: 15790 0.05605771392583847
INFO: 15800 0.050139036029577255
INFO: 15810 0.04229799658060074
INFO: 15820 0.040696632117033005
INFO: 15830 0.04211624711751938
INFO: 15840 0.04252435266971588
INFO: 15850 0.04801202192902565
INFO: 15860 0.045590486377477646
INFO: 15870 0.06612953543663025
INFO: 15880 0.051883623003959656
INFO: 15890 0.04038914293050766
INFO: 15900 0.05075381323695183
INFO: 15910 0.03764014691114426
INFO: 15920 0.040986187756061554
INFO: 15930 0.043377675116062164
INFO: 15940 0.03678110986948013
INFO: 15950 0.04046553000807762
INFO: 15960 0.06029625982046127
INFO: 15970 0.06555602699518204
INFO: 15980 0.027348801493644714
INFO: 15990 0.041076838970184326
INFO: 16000 0.05048123747110367
INFO: Checkpoint 16000 saved !
INFO: I: 11385, U: 14834
INFO: I: 16091, U: 20986
INFO: I: 12926, U: 16947
INFO: I: 9850, U: 12951
INFO: I: 8828, U: 11503
INFO: I: 11728, U: 15499
INFO: I: 8033, U: 10872
INFO: I: 12998, U: 15682
INFO: I: 12867, U: 16009
INFO: I: 13021, U: 16167
INFO: I: 13225, U: 16488
INFO: I: 13188, U: 16174
INFO: I: 12399, U: 16190
INFO: I: 12082, U: 15258
INFO: I: 14219, U: 17305
INFO: I: 14725, U: 17667
INFO: I: 13429, U: 16560
INFO: I: 11607, U: 15059
INFO: I: 11362, U: 14402
INFO: I: 14072, U: 17368
INFO: Step:16000, Valid_Dice:0.8814855776339299
INFO: 16010 0.03714849427342415
INFO: 16020 0.05340348556637764
INFO: 16030 0.06334920972585678
INFO: 16040 0.057845428586006165
INFO: 16050 0.029157720506191254
INFO: 16060 0.05741065740585327
INFO: 16070 0.040298402309417725
INFO: 16080 0.05106924846768379
INFO: 16090 0.04780977964401245
INFO: 16100 0.043146781623363495
INFO: 16110 0.04244733974337578
INFO: 16120 0.06503608822822571
INFO: 16130 0.04738057032227516
INFO: 16140 0.043858032673597336
INFO: 16150 0.04853973537683487
INFO: 16160 0.055955834686756134
INFO: 16170 0.06040562689304352
INFO: 16180 0.03885312378406525
INFO: 16190 0.05127190053462982
INFO: 16200 0.06409333646297455
INFO: 16210 0.05244291201233864
INFO: 16220 0.04551507905125618
INFO: 16230 0.02998809516429901
INFO: 16240 0.03517415374517441
INFO: 16250 0.06301534175872803
INFO: 16260 0.0671265497803688
INFO: 16270 0.037366319447755814
INFO: 16280 0.034128010272979736
INFO: 16290 0.048293616622686386
INFO: 16300 0.03818642348051071
INFO: 16310 0.049508146941661835
INFO: 16320 0.052720386534929276
INFO: 16330 0.03029218688607216
INFO: 16340 0.06953469663858414
INFO: 16350 0.04841044172644615
INFO: 16360 0.07150287181138992
INFO: 16370 0.037323806434869766
INFO: 16380 0.049236103892326355
INFO: 16390 0.040481310337781906
INFO: 16400 0.05000816658139229
INFO: 16410 0.042816076427698135
INFO: 16420 0.03193453326821327
INFO: 16430 0.042909443378448486
INFO: 16440 0.04656437784433365
INFO: 16450 0.047838594764471054
INFO: 16460 0.06969568133354187
INFO: 16470 0.040404465049505234
INFO: 16480 0.044712603092193604
INFO: 16490 0.06268902868032455
INFO: 16500 0.0399710014462471
INFO: Checkpoint 16500 saved !
INFO: I: 11108, U: 14575
INFO: I: 15768, U: 20893
INFO: I: 12625, U: 16751
INFO: I: 9508, U: 12575
INFO: I: 8857, U: 11496
INFO: I: 11585, U: 15414
INFO: I: 8054, U: 10747
INFO: I: 12773, U: 15515
INFO: I: 12621, U: 15669
INFO: I: 12878, U: 16025
INFO: I: 13121, U: 16399
INFO: I: 13085, U: 16036
INFO: I: 12061, U: 16035
INFO: I: 11986, U: 15131
INFO: I: 14106, U: 17183
INFO: I: 14454, U: 17488
INFO: I: 13394, U: 16390
INFO: I: 11566, U: 15099
INFO: I: 11363, U: 14486
INFO: I: 13992, U: 17137
INFO: Step:16500, Valid_Dice:0.8799769157830877
INFO: 16510 0.04450969025492668
INFO: 16520 0.021263565868139267
INFO: 16530 0.049415260553359985
INFO: 16540 0.06091458722949028
INFO: 16550 0.0389702133834362
INFO: 16560 0.05522841960191727
INFO: 16570 0.05063574016094208
INFO: 16580 0.03952321782708168
INFO: 16590 0.05255255848169327
INFO: 16600 0.05637997388839722
INFO: 16610 0.06904449313879013
INFO: 16620 0.04100390896201134
INFO: 16630 0.058130308985710144
INFO: 16640 0.06250639259815216
INFO: 16650 0.05675077065825462
INFO: 16660 0.05865534022450447
INFO: 16670 0.05649915710091591
INFO: 16680 0.04424174129962921
INFO: 16690 0.05146973952651024
INFO: 16700 0.046562209725379944
INFO: 16710 0.046052370220422745
INFO: 16720 0.04362191632390022
INFO: 16730 0.07613975554704666
INFO: 16740 0.0527060367166996
INFO: 16750 0.06267515569925308
INFO: 16760 0.04153483733534813
INFO: 16770 0.036152612417936325
INFO: 16780 0.03735104203224182
INFO: 16790 0.028441326692700386
INFO: 16800 0.05785718932747841
INFO: 16810 0.06029719114303589
INFO: 16820 0.02733813412487507
INFO: 16830 0.04150687903165817
INFO: 16840 0.05798231065273285
INFO: 16850 0.04618530347943306
INFO: 16860 0.038436662405729294
INFO: 16870 0.04676724225282669
INFO: 16880 0.040398091077804565
INFO: 16890 0.04529301077127457
INFO: 16900 0.07482580840587616
INFO: 16910 0.041744258254766464
INFO: 16920 0.041408173739910126
INFO: 16930 0.0546259768307209
INFO: 16940 0.0379047654569149
INFO: 16950 0.01856532320380211
INFO: 16960 0.047571782022714615
INFO: 16970 0.041880931705236435
INFO: 16980 0.049845002591609955
INFO: 16990 0.04141390696167946
INFO: 17000 0.03882640227675438
INFO: Checkpoint 17000 saved !
INFO: I: 11525, U: 15225
INFO: I: 17867, U: 21445
INFO: I: 13040, U: 17190
INFO: I: 9993, U: 13330
INFO: I: 9039, U: 11984
INFO: I: 12502, U: 15903
INFO: I: 8409, U: 11230
INFO: I: 13136, U: 15985
INFO: I: 13207, U: 16506
INFO: I: 13268, U: 16523
INFO: I: 13466, U: 17043
INFO: I: 13434, U: 16423
INFO: I: 13194, U: 16540
INFO: I: 12276, U: 15630
INFO: I: 14442, U: 17568
INFO: I: 15021, U: 18054
INFO: I: 13887, U: 16991
INFO: I: 11817, U: 15308
INFO: I: 11706, U: 15016
INFO: I: 14598, U: 17754
INFO: Step:17000, Valid_Dice:0.8839323799641953
INFO: 17010 0.07810788601636887
INFO: 17020 0.031605225056409836
INFO: 17030 0.0546037033200264
INFO: 17040 0.07908479124307632
INFO: 17050 0.043010685592889786
INFO: 17060 0.04797372221946716
INFO: 17070 0.03774425759911537
INFO: 17080 0.04973646253347397
INFO: 17090 0.048713747411966324
INFO: 17100 0.037341583520174026
INFO: 17110 0.05807094648480415
INFO: 17120 0.06113429740071297
INFO: 17130 0.11299670487642288
INFO: 17140 0.051839929074048996
INFO: 17150 0.06426801532506943
INFO: 17160 0.04601603001356125
INFO: 17170 0.029929980635643005
INFO: 17180 0.04261971637606621
INFO: 17190 0.041081853210926056
INFO: 17200 0.04159447178244591
INFO: 17210 0.06075906381011009
INFO: 17220 0.03957205265760422
INFO: 17230 0.040294792503118515
INFO: 17240 0.047602951526641846
INFO: 17250 0.024167679250240326
INFO: 17260 0.030839992687106133
INFO: 17270 0.052071765065193176
INFO: 17280 0.035839349031448364
INFO: 17290 0.1004779264330864
INFO: 17300 0.05787014588713646
INFO: 17310 0.05130784958600998
INFO: 17320 0.03294974938035011
INFO: 17330 0.047990161925554276
INFO: 17340 0.037591081112623215
INFO: 17350 0.06277481466531754
INFO: 17360 0.05518116429448128
INFO: 17370 0.10331645607948303
INFO: 17380 0.03549885377287865
INFO: 17390 0.039341218769550323
INFO: 17400 0.05769273638725281
INFO: 17410 0.0404990129172802
INFO: 17420 0.04908984899520874
INFO: 17430 0.04179605469107628
INFO: 17440 0.05310233682394028
INFO: 17450 0.04586608707904816
INFO: 17460 0.04712412878870964
INFO: 17470 0.05332956463098526
INFO: 17480 0.060509875416755676
INFO: 17490 0.06444660574197769
INFO: 17500 0.05349872261285782
INFO: Checkpoint 17500 saved !
INFO: I: 11255, U: 14842
INFO: I: 17671, U: 21050
INFO: I: 12766, U: 16854
INFO: I: 9819, U: 12905
INFO: I: 8863, U: 11450
INFO: I: 12323, U: 15710
INFO: I: 8090, U: 10709
INFO: I: 12942, U: 15590
INFO: I: 13045, U: 16089
INFO: I: 13144, U: 16173
INFO: I: 13253, U: 16546
INFO: I: 13107, U: 15950
INFO: I: 12914, U: 16234
INFO: I: 12047, U: 15151
INFO: I: 14323, U: 17257
INFO: I: 14658, U: 17568
INFO: I: 13743, U: 16650
INFO: I: 11426, U: 15027
INFO: I: 11380, U: 14334
INFO: I: 14440, U: 17447
INFO: Step:17500, Valid_Dice:0.8876411842325211
INFO: 17510 0.04730915650725365
INFO: 17520 0.03987215459346771
INFO: 17530 0.08417433500289917
INFO: 17540 0.04742780700325966
INFO: 17550 0.05985713005065918
INFO: 17560 0.035874854773283005
INFO: 17570 0.05930010974407196
INFO: 17580 0.041364409029483795
INFO: 17590 0.05633296072483063
INFO: 17600 0.04094097763299942
INFO: 17610 0.04150104895234108
INFO: 17620 0.03140364959836006
INFO: 17630 0.045960307121276855
INFO: 17640 0.0659017488360405
INFO: 17650 0.03755796700716019
INFO: 17660 0.03740508481860161
INFO: 17670 0.04456959292292595
INFO: 17680 0.060240138322114944
INFO: 17690 0.05241392180323601
INFO: 17700 0.031523026525974274
INFO: 17710 0.034568849951028824
INFO: 17720 0.03358850255608559
INFO: 17730 0.05329858511686325
INFO: 17740 0.047286372631788254
INFO: 17750 0.04477803781628609
INFO: 17760 0.05033711716532707
INFO: 17770 0.03973259776830673
INFO: 17780 0.036885619163513184
INFO: 17790 0.04310774430632591
INFO: 17800 0.038491278886795044
INFO: 17810 0.048305999487638474
INFO: 17820 0.053812816739082336
INFO: 17830 0.03581959381699562
INFO: 17840 0.034074049443006516
INFO: 17850 0.04657118394970894
INFO: 17860 0.03627310320734978
INFO: 17870 0.04607542231678963
INFO: 17880 0.052852775901556015
INFO: 17890 0.05415375903248787
INFO: 17900 0.05088421702384949
INFO: 17910 0.03940402343869209
INFO: 17920 0.043757978826761246
INFO: 17930 0.069041907787323
INFO: 17940 0.045391716063022614
INFO: 17950 0.028368066996335983
INFO: 17960 0.06520462781190872
INFO: 17970 0.04479449987411499
INFO: 17980 0.05718063935637474
INFO: 17990 0.041543200612068176
INFO: 18000 0.04422635957598686
INFO: Checkpoint 18000 saved !
INFO: I: 10862, U: 14335
INFO: I: 16855, U: 20759
INFO: I: 12371, U: 16428
INFO: I: 9648, U: 12612
INFO: I: 8482, U: 11143
INFO: I: 11894, U: 15258
INFO: I: 7799, U: 10467
INFO: I: 12658, U: 15185
INFO: I: 12589, U: 15619
INFO: I: 12691, U: 15754
INFO: I: 12764, U: 15960
INFO: I: 12707, U: 15738
INFO: I: 12636, U: 15851
INFO: I: 11674, U: 14738
INFO: I: 13913, U: 16932
INFO: I: 14306, U: 17308
INFO: I: 13377, U: 16189
INFO: I: 11032, U: 14820
INFO: I: 11060, U: 13958
INFO: I: 14018, U: 16939
INFO: Step:18000, Valid_Dice:0.8840794216755228
INFO: 18010 0.046637363731861115
INFO: 18020 0.036054033786058426
INFO: 18030 0.10083457827568054
INFO: 18040 0.05022655054926872
INFO: 18050 0.03652428835630417
INFO: 18060 0.08009850978851318
INFO: 18070 0.04260189086198807
INFO: 18080 0.042279839515686035
INFO: 18090 0.04985007271170616
INFO: 18100 0.050935398787260056
INFO: 18110 0.021557364612817764
INFO: 18120 0.0358845517039299
INFO: 18130 0.03865038976073265
INFO: 18140 0.047405537217855453
INFO: 18150 0.040259379893541336
INFO: 18160 0.05278089642524719
INFO: 18170 0.06620439141988754
INFO: 18180 0.06566859781742096
INFO: 18190 0.03823061287403107
INFO: 18200 0.0680096447467804
INFO: 18210 0.08999666571617126
INFO: 18220 0.03609451279044151
INFO: 18230 0.051192764192819595
INFO: 18240 0.058052320033311844
INFO: 18250 0.048862606287002563
INFO: 18260 0.041249945759773254
INFO: 18270 0.036218516528606415
INFO: 18280 0.032910026609897614
INFO: 18290 0.05339774116873741
INFO: 18300 0.043153777718544006
INFO: 18310 0.05380675196647644
INFO: 18320 0.051223937422037125
INFO: 18330 0.0478096604347229
INFO: 18340 0.03597011789679527
INFO: 18350 0.0383722260594368
INFO: 18360 0.04667001962661743
INFO: 18370 0.034718919545412064
INFO: 18380 0.060785166919231415
INFO: 18390 0.05963049456477165
INFO: 18400 0.04395994171500206
INFO: 18410 0.05382926017045975
INFO: 18420 0.041750963777303696
INFO: 18430 0.049162738025188446
INFO: 18440 0.044942088425159454
INFO: 18450 0.027863074094057083
INFO: 18460 0.03395307436585426
INFO: 18470 0.03910890966653824
INFO: 18480 0.03673335909843445
INFO: 18490 0.035802680999040604
INFO: 18500 0.044296618551015854
INFO: Checkpoint 18500 saved !
INFO: I: 11411, U: 14836
INFO: I: 16543, U: 21135
INFO: I: 12864, U: 16914
INFO: I: 10016, U: 13200
INFO: I: 8829, U: 11495
INFO: I: 12240, U: 15719
INFO: I: 8378, U: 11131
INFO: I: 13019, U: 15713
INFO: I: 12840, U: 16006
INFO: I: 13220, U: 16308
INFO: I: 13216, U: 16531
INFO: I: 13168, U: 15994
INFO: I: 12855, U: 16297
INFO: I: 11951, U: 15112
INFO: I: 14249, U: 17257
INFO: I: 14731, U: 17670
INFO: I: 13668, U: 16650
INFO: I: 11542, U: 15045
INFO: I: 11400, U: 14437
INFO: I: 14299, U: 17426
INFO: Step:18500, Valid_Dice:0.8847019150670855
INFO: 18510 0.04111495241522789
INFO: 18520 0.037728991359472275
INFO: 18530 0.03908640518784523
INFO: 18540 0.0557226687669754
INFO: 18550 0.040414296090602875
INFO: 18560 0.0456664003431797
INFO: 18570 0.02830190397799015
INFO: 18580 0.047283366322517395
INFO: 18590 0.04685739800333977
INFO: 18600 0.04833601787686348
INFO: 18610 0.045295752584934235
INFO: 18620 0.045323438942432404
INFO: 18630 0.05150756984949112
INFO: 18640 0.049014437943696976
INFO: 18650 0.03619571030139923
INFO: 18660 0.03414808213710785
INFO: 18670 0.04624650999903679
INFO: 18680 0.04300844296813011
INFO: 18690 0.0522078201174736
INFO: 18700 0.04319100081920624
INFO: 18710 0.062930628657341
INFO: 18720 0.04230065271258354
INFO: 18730 0.032104991376399994
INFO: 18740 0.04846184328198433
INFO: 18750 0.042790159583091736
INFO: 18760 0.039846599102020264
INFO: 18770 0.04135292395949364
INFO: 18780 0.05278471112251282
INFO: 18790 0.04125158116221428
INFO: 18800 0.046065568923950195
INFO: 18810 0.03849204629659653
INFO: 18820 0.055930137634277344
INFO: 18830 0.049099165946245193
INFO: 18840 0.029942668974399567
INFO: 18850 0.06672663241624832
INFO: 18860 0.055060673505067825
INFO: 18870 0.05107026919722557
INFO: 18880 0.0528293214738369
INFO: 18890 0.045767705887556076
INFO: 18900 0.04392686113715172
INFO: 18910 0.0445382222533226
INFO: 18920 0.04593654349446297
INFO: 18930 0.043405067175626755
INFO: 18940 0.053933680057525635
INFO: 18950 0.030817653983831406
INFO: 18960 0.0733477920293808
INFO: 18970 0.07932133972644806
INFO: 18980 0.03693027421832085
INFO: 18990 0.03943730518221855
INFO: 19000 0.05134034901857376
INFO: Checkpoint 19000 saved !
INFO: I: 11371, U: 14793
INFO: I: 15915, U: 20978
INFO: I: 12888, U: 16980
INFO: I: 9781, U: 13014
INFO: I: 8851, U: 11587
INFO: I: 11986, U: 15578
INFO: I: 7989, U: 10866
INFO: I: 12988, U: 15754
INFO: I: 12901, U: 16003
INFO: I: 13056, U: 16181
INFO: I: 13294, U: 16572
INFO: I: 13236, U: 16177
INFO: I: 12432, U: 16115
INFO: I: 12144, U: 15339
INFO: I: 14335, U: 17405
INFO: I: 14686, U: 17639
INFO: I: 13616, U: 16649
INFO: I: 11618, U: 15100
INFO: I: 11560, U: 14798
INFO: I: 14330, U: 17334
INFO: Step:19000, Valid_Dice:0.8817291562576862
INFO: 19010 0.0513552725315094
INFO: 19020 0.055388450622558594
INFO: 19030 0.04861094802618027
INFO: 19040 0.026941902935504913
INFO: 19050 0.04020337387919426
INFO: 19060 0.03850322589278221
INFO: 19070 0.04393317922949791
INFO: 19080 0.03194090723991394
INFO: 19090 0.051582276821136475
INFO: 19100 0.03090464510023594
INFO: 19110 0.03967824950814247
INFO: 19120 0.043559033423662186
INFO: 19130 0.0608396902680397
INFO: 19140 0.05280230566859245
INFO: 19150 0.04471455514431
INFO: 19160 0.039739105850458145
INFO: 19170 0.05658159777522087
INFO: 19180 0.04204966500401497
INFO: 19190 0.04457384720444679
INFO: 19200 0.05005757510662079
INFO: 19210 0.03998696058988571
INFO: 19220 0.0749458596110344
INFO: 19230 0.04923444986343384
INFO: 19240 0.02434435486793518
INFO: 19250 0.04564375430345535
INFO: 19260 0.04751702770590782
INFO: 19270 0.04170197620987892
INFO: 19280 0.04923251271247864
INFO: 19290 0.044946618378162384
INFO: 19300 0.034442346543073654
INFO: 19310 0.044877927750349045
INFO: 19320 0.04814007505774498
INFO: 19330 0.060707513242959976
INFO: 19340 0.056159790605306625
INFO: 19350 0.039385754615068436
INFO: 19360 0.04799683019518852
INFO: 19370 0.028470400720834732
INFO: 19380 0.05075351521372795
INFO: 19390 0.06531520932912827
INFO: 19400 0.0414373017847538
INFO: 19410 0.05250941216945648
INFO: 19420 0.04882952943444252
INFO: 19430 0.04751920327544212
INFO: 19440 0.05432681366801262
INFO: 19450 0.05803601071238518
INFO: 19460 0.06452566385269165
INFO: 19470 0.03629312664270401
INFO: 19480 0.04231107234954834
INFO: 19490 0.050798188894987106
INFO: 19500 0.04606882482767105
INFO: Checkpoint 19500 saved !
INFO: I: 11109, U: 14618
INFO: I: 17259, U: 20968
INFO: I: 12760, U: 16810
INFO: I: 9897, U: 13004
INFO: I: 8818, U: 11480
INFO: I: 12181, U: 15572
INFO: I: 8106, U: 10832
INFO: I: 12887, U: 15542
INFO: I: 12857, U: 15860
INFO: I: 13158, U: 16258
INFO: I: 13166, U: 16434
INFO: I: 13036, U: 15973
INFO: I: 12755, U: 16113
INFO: I: 11942, U: 15087
INFO: I: 14419, U: 17391
INFO: I: 14637, U: 17578
INFO: I: 13610, U: 16487
INFO: I: 11511, U: 15036
INFO: I: 11561, U: 14734
INFO: I: 14303, U: 17238
INFO: Step:19500, Valid_Dice:0.8861088028506808
INFO: 19510 0.03937002643942833
INFO: 19520 0.03472136706113815
INFO: 19530 0.04458038508892059
INFO: 19540 0.04555876925587654
INFO: 19550 0.035627659410238266
INFO: 19560 0.034689366817474365
INFO: 19570 0.04236222058534622
INFO: 19580 0.06263822317123413
INFO: 19590 0.033707231283187866
INFO: 19600 0.037294600158929825
INFO: 19610 0.02921503596007824
INFO: 19620 0.07139338552951813
INFO: 19630 0.07425156235694885
INFO: 19640 0.053222913295030594
INFO: 19650 0.052215129137039185
INFO: 19660 0.05422903969883919
INFO: 19670 0.053618159145116806
INFO: 19680 0.06536546349525452
INFO: 19690 0.04321548715233803
INFO: 19700 0.03784864395856857
INFO: 19710 0.051878541707992554
INFO: 19720 0.06506206095218658
INFO: 19730 0.05936461314558983
INFO: 19740 0.037660859525203705
INFO: 19750 0.05565101280808449
INFO: 19760 0.055447377264499664
INFO: 19770 0.04929778352379799
INFO: 19780 0.04128319025039673
INFO: 19790 0.07690907269716263
INFO: 19800 0.04026959091424942
INFO: 19810 0.04194129630923271
INFO: 19820 0.037329528480768204
INFO: 19830 0.052286189049482346
INFO: 19840 0.046470098197460175
INFO: 19850 0.03971647471189499
INFO: 19860 0.05571281909942627
INFO: 19870 0.04982740432024002
INFO: 19880 0.025776373222470284
INFO: 19890 0.05080018565058708
INFO: 19900 0.04724286496639252
INFO: 19910 0.03575257584452629
INFO: 19920 0.04596159979701042
INFO: 19930 0.06314978003501892
INFO: 19940 0.03180777654051781
INFO: 19950 0.05771294981241226
INFO: 19960 0.07138241082429886
INFO: 19970 0.04315732419490814
INFO: 19980 0.0409812293946743
INFO: 19990 0.06773405522108078
INFO: 20000 0.05668250843882561
INFO: Checkpoint 20000 saved !
INFO: I: 11252, U: 14882
INFO: I: 17515, U: 21020
INFO: I: 12749, U: 16739
INFO: I: 9819, U: 12946
INFO: I: 8732, U: 11311
INFO: I: 12146, U: 15540
INFO: I: 8005, U: 10638
INFO: I: 12843, U: 15452
INFO: I: 12879, U: 15829
INFO: I: 13155, U: 16156
INFO: I: 13124, U: 16340
INFO: I: 13151, U: 15907
INFO: I: 12797, U: 16053
INFO: I: 11902, U: 14942
INFO: I: 14218, U: 17168
INFO: I: 14583, U: 17458
INFO: I: 13628, U: 16507
INFO: I: 11250, U: 14921
INFO: I: 11367, U: 14317
INFO: I: 14252, U: 17141
INFO: Step:20000, Valid_Dice:0.8875558564421041
INFO: 20010 0.04354157671332359
INFO: 20020 0.04317277669906616
INFO: 20030 0.0446840338408947
INFO: 20040 0.052428606897592545
INFO: 20050 0.04152930527925491
INFO: 20060 0.04286056011915207
INFO: 20070 0.045705169439315796
INFO: 20080 0.03645339235663414
INFO: 20090 0.04035848379135132
INFO: 20100 0.040149036794900894
INFO: 20110 0.041626349091529846
INFO: 20120 0.03656597435474396
INFO: 20130 0.04698072001338005
INFO: 20140 0.040609318763017654
INFO: 20150 0.04235474392771721
INFO: 20160 0.04967036098241806
INFO: 20170 0.049090683460235596
INFO: 20180 0.047942519187927246
INFO: 20190 0.03598421812057495
INFO: 20200 0.0472262017428875
INFO: 20210 0.049153588712215424
INFO: 20220 0.056355781853199005
INFO: 20230 0.046928368508815765
INFO: 20240 0.0477437898516655
INFO: 20250 0.046160608530044556
INFO: 20260 0.03254510462284088
INFO: 20270 0.03400203958153725
INFO: 20280 0.06412103027105331
INFO: 20290 0.04503394663333893
INFO: 20300 0.046273961663246155
INFO: 20310 0.049986112862825394
INFO: 20320 0.04201579838991165
INFO: 20330 0.047932218760252
INFO: 20340 0.07262550294399261
INFO: 20350 0.039318058639764786
INFO: 20360 0.04578946530818939
INFO: 20370 0.046095263212919235
INFO: 20380 0.0640067607164383
INFO: 20390 0.04785335436463356
INFO: 20400 0.04540381208062172
INFO: 20410 0.04347285255789757
INFO: 20420 0.034013744443655014
INFO: 20430 0.05542546883225441
INFO: 20440 0.04813436046242714
INFO: 20450 0.07277020812034607
INFO: 20460 0.04475601762533188
INFO: 20470 0.04282769560813904
INFO: 20480 0.05002252012491226
INFO: 20490 0.03951660171151161
INFO: 20500 0.03370669484138489
INFO: Checkpoint 20500 saved !
INFO: I: 11429, U: 14977
INFO: I: 17705, U: 21142
INFO: I: 12924, U: 16997
INFO: I: 9937, U: 13220
INFO: I: 8901, U: 11515
INFO: I: 12313, U: 15803
INFO: I: 8286, U: 10906
INFO: I: 13025, U: 15711
INFO: I: 13077, U: 16265
INFO: I: 13154, U: 16281
INFO: I: 13334, U: 16661
INFO: I: 13180, U: 16072
INFO: I: 12928, U: 16253
INFO: I: 12088, U: 15212
INFO: I: 14368, U: 17285
INFO: I: 14732, U: 17685
INFO: I: 13789, U: 16756
INFO: I: 11504, U: 15019
INFO: I: 11551, U: 14535
INFO: I: 14459, U: 17503
INFO: Step:20500, Valid_Dice:0.8870764201200128
INFO: 20510 0.05385373532772064
INFO: 20520 0.0735064446926117
INFO: 20530 0.035420164465904236
INFO: 20540 0.052833251655101776
INFO: 20550 0.03744380921125412
INFO: 20560 0.04966999962925911
INFO: 20570 0.05224468559026718
INFO: 20580 0.04629336670041084
INFO: 20590 0.05522747337818146
INFO: 20600 0.06275975704193115
INFO: 20610 0.0748617947101593
INFO: 20620 0.04344881698489189
INFO: 20630 0.029321933165192604
INFO: 20640 0.041838422417640686
INFO: 20650 0.05365351587533951
INFO: 20660 0.03187995404005051
INFO: 20670 0.05469169840216637
INFO: 20680 0.03678685799241066
INFO: 20690 0.05187958478927612
INFO: 20700 0.06254321336746216
INFO: 20710 0.030434295535087585
INFO: 20720 0.06093784049153328
INFO: 20730 0.06897778064012527
INFO: 20740 0.036089420318603516
INFO: 20750 0.0413224883377552
INFO: 20760 0.04619098827242851
INFO: 20770 0.051233164966106415
INFO: 20780 0.05421825498342514
INFO: 20790 0.03492393344640732
INFO: 20800 0.043243054300546646
INFO: 20810 0.03407031297683716
INFO: 20820 0.0738874301314354
INFO: 20830 0.04688253626227379
INFO: 20840 0.028955582529306412
INFO: 20850 0.051110655069351196
INFO: 20860 0.040822308510541916
INFO: 20870 0.06891708076000214
INFO: 20880 0.06629576534032822
INFO: 20890 0.039726294577121735
INFO: 20900 0.04081497713923454
INFO: 20910 0.05569407343864441
INFO: 20920 0.04656922444701195
INFO: 20930 0.03963508829474449
INFO: 20940 0.03944934532046318
INFO: 20950 0.062323588877916336
INFO: 20960 0.05198889225721359
INFO: 20970 0.048403918743133545
INFO: 20980 0.05131315439939499
INFO: 20990 0.03534867614507675
INFO: 21000 0.0567295178771019
INFO: Checkpoint 21000 saved !
INFO: I: 11632, U: 15220
INFO: I: 18173, U: 21677
INFO: I: 13099, U: 17261
INFO: I: 10220, U: 13637
INFO: I: 9102, U: 11830
INFO: I: 12661, U: 16016
INFO: I: 8402, U: 11221
INFO: I: 13199, U: 15979
INFO: I: 13301, U: 16434
INFO: I: 13444, U: 16658
INFO: I: 13469, U: 17008
INFO: I: 13471, U: 16360
INFO: I: 13320, U: 16628
INFO: I: 12316, U: 15635
INFO: I: 14724, U: 17827
INFO: I: 15042, U: 17888
INFO: I: 13861, U: 16984
INFO: I: 11868, U: 15255
INFO: I: 11781, U: 14925
INFO: I: 14636, U: 17763
INFO: Step:21000, Valid_Dice:0.886772856017472
INFO: 21010 0.03827762231230736
INFO: 21020 0.058711517602205276
INFO: 21030 0.05109588801860809
INFO: 21040 0.042864326387643814
INFO: 21050 0.05590210109949112
INFO: 21060 0.05810859426856041
INFO: 21070 0.053276050835847855
INFO: 21080 0.04810186102986336
INFO: 21090 0.050226807594299316
INFO: 21100 0.05399777367711067
INFO: 21110 0.061830323189496994
INFO: 21120 0.033406276255846024
INFO: 21130 0.047553449869155884
INFO: 21140 0.048169489949941635
INFO: 21150 0.0481107197701931
INFO: 21160 0.04017949849367142
INFO: 21170 0.04570185765624046
INFO: 21180 0.05670177564024925
INFO: 21190 0.03305928781628609
INFO: 21200 0.04651692137122154
INFO: 21210 0.04922010377049446
INFO: 21220 0.053285591304302216
INFO: 21230 0.0479244701564312
INFO: 21240 0.04504772648215294
INFO: 21250 0.06706031411886215
INFO: 21260 0.04945887625217438
INFO: 21270 0.06696265935897827
INFO: 21280 0.036194995045661926
INFO: 21290 0.04812416434288025
INFO: 21300 0.05796757712960243
INFO: 21310 0.03809720277786255
INFO: 21320 0.030783329159021378
INFO: 21330 0.03124798648059368
INFO: 21340 0.059671033173799515
INFO: 21350 0.04678346589207649
INFO: 21360 0.053320325911045074
INFO: 21370 0.03504219278693199
INFO: 21380 0.03698718920350075
INFO: 21390 0.04613305628299713
INFO: 21400 0.03621504455804825
INFO: 21410 0.05585046857595444
INFO: 21420 0.047536175698041916
INFO: 21430 0.05588741600513458
INFO: 21440 0.03244610130786896
INFO: 21450 0.044911134988069534
INFO: 21460 0.03528984263539314
INFO: 21470 0.04149250313639641
INFO: 21480 0.04019807279109955
INFO: 21490 0.0305035337805748
INFO: 21500 0.04554755985736847
INFO: Checkpoint 21500 saved !
INFO: I: 11494, U: 15118
INFO: I: 17604, U: 21326
INFO: I: 13009, U: 17168
INFO: I: 10119, U: 13496
INFO: I: 8987, U: 11748
INFO: I: 12243, U: 15905
INFO: I: 8286, U: 11075
INFO: I: 13049, U: 15791
INFO: I: 13082, U: 16360
INFO: I: 13260, U: 16528
INFO: I: 13283, U: 16806
INFO: I: 13393, U: 16375
INFO: I: 12994, U: 16432
INFO: I: 12211, U: 15516
INFO: I: 14619, U: 17733
INFO: I: 14973, U: 17982
INFO: I: 13803, U: 16816
INFO: I: 11830, U: 15250
INFO: I: 11600, U: 14828
INFO: I: 14438, U: 17663
INFO: Step:21500, Valid_Dice:0.8837902267068566
INFO: 21510 0.06564009934663773
INFO: 21520 0.04691651463508606
INFO: 21530 0.05026386305689812
INFO: 21540 0.047326188534498215
INFO: 21550 0.03322427719831467
INFO: 21560 0.05136336758732796
INFO: 21570 0.04676622152328491
INFO: 21580 0.03845321387052536
INFO: 21590 0.05537891387939453
INFO: 21600 0.05260083079338074
INFO: 21610 0.03807882219552994
INFO: 21620 0.03508065268397331
INFO: 21630 0.03533430024981499
INFO: 21640 0.03900018334388733
INFO: 21650 0.048150163143873215
INFO: 21660 0.04889760538935661
INFO: 21670 0.04560226574540138
INFO: 21680 0.05698397755622864
INFO: 21690 0.04617001488804817
INFO: 21700 0.05857774615287781
INFO: 21710 0.037310246378183365
INFO: 21720 0.05557193607091904
INFO: 21730 0.042925819754600525
INFO: 21740 0.052027374505996704
INFO: 21750 0.04942904785275459
INFO: 21760 0.03750962018966675
INFO: 21770 0.05017159506678581
INFO: 21780 0.0263514406979084
INFO: 21790 0.06348135322332382
INFO: 21800 0.06167784333229065
INFO: 21810 0.04762494936585426
INFO: 21820 0.05101071298122406
INFO: 21830 0.03989234194159508
INFO: 21840 0.0445624515414238
INFO: 21850 0.025897754356265068
INFO: 21860 0.04841943830251694
INFO: 21870 0.03771631792187691
INFO: 21880 0.03830491006374359
INFO: 21890 0.0489647351205349
INFO: 21900 0.04830844700336456
INFO: 21910 0.04217123985290527
INFO: 21920 0.04071682319045067
INFO: 21930 0.03637794032692909
INFO: 21940 0.03646847978234291
INFO: 21950 0.08156690746545792
INFO: 21960 0.050840526819229126
INFO: 21970 0.05096524953842163
INFO: 21980 0.034984298050403595
INFO: 21990 0.038718122988939285
INFO: 22000 0.0449877567589283
INFO: Checkpoint 22000 saved !
INFO: I: 10867, U: 14416
INFO: I: 16458, U: 20717
INFO: I: 12492, U: 16509
INFO: I: 9530, U: 12691
INFO: I: 8525, U: 11263
INFO: I: 11739, U: 15299
INFO: I: 7912, U: 10643
INFO: I: 12713, U: 15329
INFO: I: 12591, U: 15665
INFO: I: 12719, U: 15886
INFO: I: 12832, U: 16040
INFO: I: 12821, U: 15804
INFO: I: 12542, U: 15888
INFO: I: 11721, U: 14751
INFO: I: 13911, U: 17034
INFO: I: 14122, U: 17285
INFO: I: 13369, U: 16231
INFO: I: 11170, U: 14910
INFO: I: 11354, U: 14241
INFO: I: 13971, U: 16953
INFO: Step:22000, Valid_Dice:0.881793059080531
INFO: 22010 0.04704174026846886
INFO: 22020 0.03207678347826004
INFO: 22030 0.03771108388900757
INFO: 22040 0.06152653694152832
INFO: 22050 0.06625375896692276
INFO: 22060 0.033885326236486435
INFO: 22070 0.03919932246208191
INFO: 22080 0.04021003842353821
INFO: 22090 0.04994262009859085
INFO: 22100 0.037466783076524734
INFO: 22110 0.05125913769006729
INFO: 22120 0.05149582400918007
INFO: 22130 0.03137950599193573
INFO: 22140 0.040875568985939026
INFO: 22150 0.037570852786302567
INFO: 22160 0.04980022460222244
INFO: 22170 0.04494559019804001
INFO: 22180 0.048557087779045105
INFO: 22190 0.03732069581747055
INFO: 22200 0.03211020678281784
INFO: 22210 0.044558338820934296
INFO: 22220 0.03829161450266838
INFO: 22230 0.05984996259212494
INFO: 22240 0.04409479722380638
INFO: 22250 0.04097000136971474
INFO: 22260 0.036894943565130234
INFO: 22270 0.04773269221186638
INFO: 22280 0.04359368607401848
INFO: 22290 0.03477216139435768
INFO: 22300 0.0804227963089943
INFO: 22310 0.044090405106544495
INFO: 22320 0.07532163709402084
INFO: 22330 0.030257685109972954
INFO: 22340 0.03345804661512375
INFO: 22350 0.04135837405920029
INFO: 22360 0.035823967307806015
INFO: 22370 0.06244981661438942
INFO: 22380 0.048341892659664154
INFO: 22390 0.043938010931015015
INFO: 22400 0.06226205453276634
INFO: 22410 0.0603518970310688
INFO: 22420 0.03930693492293358
INFO: 22430 0.030256114900112152
INFO: 22440 0.042685944586992264
INFO: 22450 0.03899600729346275
INFO: 22460 0.04245869070291519
INFO: 22470 0.04869341850280762
INFO: 22480 0.05018562451004982
INFO: 22490 0.04058939963579178
INFO: 22500 0.05665593221783638
INFO: Checkpoint 22500 saved !
INFO: I: 11634, U: 15113
INFO: I: 18012, U: 21632
INFO: I: 13170, U: 17364
INFO: I: 10203, U: 13521
INFO: I: 9021, U: 11771
INFO: I: 12691, U: 16046
INFO: I: 8327, U: 11026
INFO: I: 13187, U: 15926
INFO: I: 13225, U: 16452
INFO: I: 13423, U: 16659
INFO: I: 13515, U: 16939
INFO: I: 13495, U: 16367
INFO: I: 13215, U: 16574
INFO: I: 12302, U: 15607
INFO: I: 14739, U: 17729
INFO: I: 15112, U: 17992
INFO: I: 13963, U: 17059
INFO: I: 11920, U: 15261
INFO: I: 11743, U: 14906
INFO: I: 14658, U: 17781
INFO: Step:22500, Valid_Dice:0.8872990432073751
INFO: 22510 0.04858233779668808
INFO: 22520 0.03799578174948692
INFO: 22530 0.029990408569574356
INFO: 22540 0.041781678795814514
INFO: 22550 0.050759270787239075
INFO: 22560 0.037271980196237564
INFO: 22570 0.04809337854385376
INFO: 22580 0.04029800742864609
INFO: 22590 0.06539586931467056
INFO: 22600 0.04078979417681694
INFO: 22610 0.039762746542692184
INFO: 22620 0.049389902502298355
INFO: 22630 0.03503851965069771
INFO: 22640 0.03488179296255112
INFO: 22650 0.05550048127770424
INFO: 22660 0.04413734748959541
INFO: 22670 0.06455983221530914
INFO: 22680 0.038390446454286575
INFO: 22690 0.0654863491654396
INFO: 22700 0.03896748274564743
INFO: 22710 0.04579124227166176
INFO: 22720 0.05950849503278732
INFO: 22730 0.045644719153642654
INFO: 22740 0.03885577991604805
INFO: 22750 0.05210170894861221
INFO: 22760 0.04856214299798012
INFO: 22770 0.060306958854198456
INFO: 22780 0.04332506284117699
INFO: 22790 0.03942291811108589
INFO: 22800 0.06971081346273422
INFO: 22810 0.0568448044359684
INFO: 22820 0.04731004685163498
INFO: 22830 0.044681794941425323
INFO: 22840 0.04128112271428108
INFO: 22850 0.06642309576272964
INFO: 22860 0.029353545978665352
INFO: 22870 0.050417669117450714
INFO: 22880 0.045105982571840286
INFO: 22890 0.0735832005739212
INFO: 22900 0.04514509439468384
INFO: 22910 0.03750913217663765
INFO: 22920 0.04531233012676239
INFO: 22930 0.03734498471021652
INFO: 22940 0.04511459171772003
INFO: 22950 0.04831613972783089
INFO: 22960 0.030723867937922478
INFO: 22970 0.07444935292005539
INFO: 22980 0.05741705372929573
INFO: 22990 0.06702864170074463
INFO: 23000 0.05144011974334717
INFO: Checkpoint 23000 saved !
INFO: I: 11096, U: 14508
INFO: I: 17396, U: 20886
INFO: I: 12497, U: 16521
INFO: I: 9667, U: 12792
INFO: I: 8655, U: 11300
INFO: I: 11909, U: 15351
INFO: I: 7858, U: 10606
INFO: I: 12758, U: 15274
INFO: I: 12699, U: 15715
INFO: I: 12890, U: 15946
INFO: I: 12930, U: 16103
INFO: I: 12915, U: 15856
INFO: I: 12689, U: 15967
INFO: I: 11814, U: 14883
INFO: I: 14116, U: 17152
INFO: I: 14508, U: 17420
INFO: I: 13455, U: 16285
INFO: I: 11202, U: 14913
INFO: I: 11368, U: 14382
INFO: I: 14065, U: 16975
INFO: Step:23000, Valid_Dice:0.8855509159271902
INFO: 23010 0.047425150871276855
INFO: 23020 0.054076988250017166
INFO: 23030 0.029868124052882195
INFO: 23040 0.044292252510786057
INFO: 23050 0.046247340738773346
INFO: 23060 0.043958891183137894
INFO: 23070 0.04048236832022667
INFO: 23080 0.03202971816062927
INFO: 23090 0.04408056661486626
INFO: 23100 0.06387116014957428
INFO: 23110 0.036257293075323105
INFO: 23120 0.04651511833071709
INFO: 23130 0.032364849001169205
INFO: 23140 0.05587408319115639
INFO: 23150 0.031025290489196777
INFO: 23160 0.053491998463869095
INFO: 23170 0.060601554811000824
INFO: 23180 0.048941075801849365
INFO: 23190 0.04409866780042648
INFO: 23200 0.05240454897284508
INFO: 23210 0.03928127512335777
INFO: 23220 0.04214286059141159
INFO: 23230 0.03605547919869423
INFO: 23240 0.09442224353551865
INFO: 23250 0.04260752722620964
INFO: 23260 0.037311721593141556
INFO: 23270 0.053886815905570984
INFO: 23280 0.036432575434446335
INFO: 23290 0.047165397554636
INFO: 23300 0.04392251744866371
INFO: 23310 0.0382276214659214
INFO: 23320 0.046864062547683716
INFO: 23330 0.05125373601913452
INFO: 23340 0.05445842444896698
INFO: 23350 0.027207592502236366
INFO: 23360 0.0604671947658062
INFO: 23370 0.04834843799471855
INFO: 23380 0.026435546576976776
INFO: 23390 0.04759036377072334
INFO: 23400 0.05133036524057388
INFO: 23410 0.03770022466778755
INFO: 23420 0.059659477323293686
INFO: 23430 0.0425431951880455
INFO: 23440 0.04206070676445961
INFO: 23450 0.04840988665819168
INFO: 23460 0.05713368579745293
INFO: 23470 0.05260542780160904
INFO: 23480 0.07200314849615097
INFO: 23490 0.04636743664741516
INFO: 23500 0.05081174522638321
INFO: Checkpoint 23500 saved !
INFO: I: 11596, U: 15391
INFO: I: 17924, U: 21651
INFO: I: 13065, U: 17282
INFO: I: 10378, U: 14508
INFO: I: 9096, U: 11974
INFO: I: 12459, U: 16016
INFO: I: 8657, U: 11824
INFO: I: 13151, U: 15944
INFO: I: 13140, U: 16442
INFO: I: 13416, U: 16732
INFO: I: 13436, U: 16887
INFO: I: 13436, U: 16379
INFO: I: 13123, U: 16605
INFO: I: 12249, U: 15515
INFO: I: 14614, U: 17761
INFO: I: 14983, U: 17960
INFO: I: 13898, U: 16900
INFO: I: 11859, U: 15286
INFO: I: 11777, U: 15265
INFO: I: 14534, U: 17740
INFO: Step:23500, Valid_Dice:0.8819820323381746
INFO: 23510 0.05079050362110138
INFO: 23520 0.049982521682977676
INFO: 23530 0.02981579676270485
INFO: 23540 0.04142894223332405
INFO: 23550 0.03651771321892738
INFO: 23560 0.05232676863670349
INFO: 23570 0.06547828018665314
INFO: 23580 0.05852126330137253
INFO: 23590 0.04198485240340233
INFO: 23600 0.029322924092411995
INFO: 23610 0.03557824715971947
INFO: 23620 0.04820171371102333
INFO: 23630 0.0565420426428318
INFO: 23640 0.0374617800116539
INFO: 23650 0.0737549439072609
INFO: 23660 0.04854954406619072
INFO: 23670 0.04782312363386154
INFO: 23680 0.09293971955776215
INFO: 23690 0.04969603940844536
INFO: 23700 0.04845703765749931
INFO: 23710 0.062043849378824234
INFO: 23720 0.059581536799669266
INFO: 23730 0.06596929579973221
INFO: 23740 0.05551745742559433
INFO: 23750 0.040566712617874146
INFO: 23760 0.041217438876628876
INFO: 23770 0.0307015310972929
INFO: 23780 0.053941283375024796
INFO: 23790 0.03627632558345795
INFO: 23800 0.04815598204731941
INFO: 23810 0.034294307231903076
INFO: 23820 0.032217592000961304
INFO: 23830 0.04040192812681198
INFO: 23840 0.04945960268378258
INFO: 23850 0.05373280495405197
INFO: 23860 0.02914765663444996
INFO: 23870 0.04489023983478546
INFO: 23880 0.05764045566320419
INFO: 23890 0.04450073465704918
INFO: 23900 0.047906871885061264
INFO: 23910 0.03702232241630554
INFO: 23920 0.03613460436463356
INFO: 23930 0.028392955660820007
INFO: 23940 0.03386658802628517
INFO: 23950 0.061177272349596024
INFO: 23960 0.03560665249824524
INFO: 23970 0.04086625203490257
INFO: 23980 0.04043315723538399
INFO: 23990 0.04868577420711517
INFO: 24000 0.060312915593385696
INFO: Checkpoint 24000 saved !
INFO: I: 11241, U: 14766
INFO: I: 16587, U: 20994
INFO: I: 12837, U: 16886
INFO: I: 9838, U: 12905
INFO: I: 8843, U: 11563
INFO: I: 12150, U: 15651
INFO: I: 8120, U: 10899
INFO: I: 12979, U: 15630
INFO: I: 12921, U: 16017
INFO: I: 13066, U: 16252
INFO: I: 13159, U: 16470
INFO: I: 13010, U: 16007
INFO: I: 12656, U: 16180
INFO: I: 12066, U: 15212
INFO: I: 14196, U: 17276
INFO: I: 14642, U: 17517
INFO: I: 13514, U: 16476
INFO: I: 11735, U: 15128
INFO: I: 11478, U: 14444
INFO: I: 14282, U: 17363
INFO: Step:24000, Valid_Dice:0.8842879455860393
INFO: 24010 0.04255303740501404
INFO: 24020 0.03833461180329323
INFO: 24030 0.04294428601861
INFO: 24040 0.03352827951312065
INFO: 24050 0.05101028084754944
INFO: 24060 0.0344243086874485
INFO: 24070 0.04866008833050728
INFO: 24080 0.03617722541093826
INFO: 24090 0.040120311081409454
INFO: 24100 0.04459979385137558
INFO: 24110 0.035315051674842834
INFO: 24120 0.03987371176481247
INFO: 24130 0.04289058595895767
INFO: 24140 0.051026809960603714
INFO: 24150 0.042155176401138306
INFO: 24160 0.0498867928981781
INFO: 24170 0.0527498722076416
INFO: 24180 0.033418964594602585
INFO: 24190 0.045836932957172394
INFO: 24200 0.03059203177690506
INFO: 24210 0.024368399754166603
INFO: 24220 0.050179094076156616
INFO: 24230 0.06578517705202103
INFO: 24240 0.04857751354575157
INFO: 24250 0.056802134960889816
INFO: 24260 0.04398961737751961
INFO: 24270 0.0563584603369236
INFO: 24280 0.03383058309555054
INFO: 24290 0.04981463775038719
INFO: 24300 0.03378163278102875
INFO: 24310 0.03415633365511894
INFO: 24320 0.050250206142663956
INFO: 24330 0.04657486081123352
INFO: 24340 0.04298076406121254
INFO: 24350 0.03432566672563553
INFO: 24360 0.050931885838508606
INFO: 24370 0.038152631372213364
INFO: 24380 0.054862696677446365
INFO: 24390 0.03315485268831253
INFO: 24400 0.02962389588356018
INFO: 24410 0.05231684446334839
INFO: 24420 0.03818616271018982
INFO: 24430 0.046248577535152435
INFO: 24440 0.0354384109377861
INFO: 24450 0.03430595621466637
INFO: 24460 0.04865175113081932
INFO: 24470 0.04918481782078743
INFO: 24480 0.04297487437725067
INFO: 24490 0.05305100232362747
INFO: 24500 0.026066333055496216
INFO: Checkpoint 24500 saved !
INFO: I: 11345, U: 14776
INFO: I: 17793, U: 21472
INFO: I: 12879, U: 16872
INFO: I: 10052, U: 13180
INFO: I: 8928, U: 11553
INFO: I: 12342, U: 15734
INFO: I: 8037, U: 10690
INFO: I: 13053, U: 15670
INFO: I: 13067, U: 16080
INFO: I: 13264, U: 16411
INFO: I: 13285, U: 16573
INFO: I: 13276, U: 16109
INFO: I: 12973, U: 16418
INFO: I: 12056, U: 15172
INFO: I: 14434, U: 17418
INFO: I: 14810, U: 17655
INFO: I: 13770, U: 16750
INFO: I: 11670, U: 15121
INFO: I: 11467, U: 14307
INFO: I: 14423, U: 17509
INFO: Step:24500, Valid_Dice:0.8881064714518215
INFO: 24510 0.06114528328180313
INFO: 24520 0.038464613258838654
INFO: 24530 0.041079260408878326
INFO: 24540 0.033323124051094055
INFO: 24550 0.04442622512578964
INFO: 24560 0.04098266735672951
INFO: 24570 0.05267442762851715
INFO: 24580 0.05146398767828941
INFO: 24590 0.036850426346063614
INFO: 24600 0.042445600032806396
INFO: 24610 0.0629642978310585
INFO: 24620 0.0593583919107914
INFO: 24630 0.034919723868370056
INFO: 24640 0.04902470111846924
INFO: 24650 0.0288852509111166
INFO: 24660 0.07161790132522583
INFO: 24670 0.038771700114011765
INFO: 24680 0.049931302666664124
INFO: 24690 0.04058588296175003
INFO: 24700 0.05297516658902168
INFO: 24710 0.04029896855354309
INFO: 24720 0.061726804822683334
INFO: 24730 0.04115847125649452
INFO: 24740 0.03800103813409805
INFO: 24750 0.061718590557575226
INFO: 24760 0.048862751573324203
INFO: 24770 0.04916415736079216
INFO: 24780 0.036340001970529556
INFO: 24790 0.034484174102544785
INFO: 24800 0.037508539855480194
INFO: 24810 0.05215882509946823
INFO: 24820 0.04042791202664375
INFO: 24830 0.04918000474572182
INFO: 24840 0.04768528416752815
INFO: 24850 0.036074958741664886
INFO: 24860 0.033488813787698746
INFO: 24870 0.03688468039035797
INFO: 24880 0.054463744163513184
INFO: 24890 0.03284882381558418
INFO: 24900 0.05850021913647652
INFO: 24910 0.05613422766327858
INFO: 24920 0.039277661591768265
INFO: 24930 0.049237728118896484
INFO: 24940 0.1049816757440567
INFO: 24950 0.03747550770640373
INFO: 24960 0.03533637151122093
INFO: 24970 0.08459822088479996
INFO: 24980 0.055413868278265
INFO: 24990 0.03165723383426666
INFO: 25000 0.03598307445645332
INFO: Checkpoint 25000 saved !
INFO: I: 11077, U: 14467
INFO: I: 17150, U: 20715
INFO: I: 12698, U: 16736
INFO: I: 9693, U: 12587
INFO: I: 8573, U: 11233
INFO: I: 12144, U: 15453
INFO: I: 7632, U: 10383
INFO: I: 12738, U: 15294
INFO: I: 12861, U: 15877
INFO: I: 12859, U: 15862
INFO: I: 13100, U: 16311
INFO: I: 12911, U: 15865
INFO: I: 12759, U: 15956
INFO: I: 11887, U: 14938
INFO: I: 14106, U: 17063
INFO: I: 14354, U: 17381
INFO: I: 13578, U: 16403
INFO: I: 11409, U: 14987
INFO: I: 11104, U: 14013
INFO: I: 14227, U: 17126
INFO: Step:25000, Valid_Dice:0.8866620011368351
INFO: 25010 0.041064247488975525
INFO: 25020 0.03829776495695114
INFO: 25030 0.039678338915109634
INFO: 25040 0.032150693237781525
INFO: 25050 0.05753102898597717
INFO: 25060 0.04361558333039284
INFO: 25070 0.030021414160728455
INFO: 25080 0.0471486933529377
INFO: 25090 0.07660193741321564
INFO: 25100 0.04328130930662155
INFO: 25110 0.04375602304935455
INFO: 25120 0.04371478781104088
INFO: 25130 0.03312339633703232
INFO: 25140 0.045644860714673996
INFO: 25150 0.050776463001966476
INFO: 25160 0.06357751786708832
INFO: 25170 0.036791857331991196
INFO: 25180 0.05813254415988922
INFO: 25190 0.04585404694080353
INFO: 25200 0.050492726266384125
INFO: 25210 0.05246638134121895
INFO: 25220 0.047127313911914825
INFO: 25230 0.057923197746276855
INFO: 25240 0.037562962621450424
INFO: 25250 0.04555647447705269
INFO: 25260 0.03191925957798958
INFO: 25270 0.05305895954370499
INFO: 25280 0.060527294874191284
INFO: 25290 0.04330325499176979
INFO: 25300 0.05421026796102524
INFO: 25310 0.05513891577720642
INFO: 25320 0.07082069665193558
INFO: 25330 0.03631176799535751
INFO: 25340 0.050473857671022415
INFO: 25350 0.039585307240486145
INFO: 25360 0.049560729414224625
INFO: 25370 0.045086707919836044
INFO: 25380 0.045504502952098846
INFO: 25390 0.0377902016043663
INFO: 25400 0.054140355437994
INFO: 25410 0.03224429488182068
INFO: 25420 0.04361315444111824
INFO: 25430 0.044252995401620865
INFO: 25440 0.05083012580871582
INFO: 25450 0.04551849514245987
INFO: 25460 0.06653354316949844
INFO: 25470 0.03735985606908798
INFO: 25480 0.051552966237068176
INFO: 25490 0.03469080477952957
INFO: 25500 0.0328749343752861
INFO: Checkpoint 25500 saved !
INFO: I: 11213, U: 14680
INFO: I: 17436, U: 21265
INFO: I: 12864, U: 16936
INFO: I: 9968, U: 12893
INFO: I: 8763, U: 11452
INFO: I: 12156, U: 15683
INFO: I: 8092, U: 10858
INFO: I: 13034, U: 15546
INFO: I: 12993, U: 16027
INFO: I: 13150, U: 16271
INFO: I: 13176, U: 16441
INFO: I: 13212, U: 16078
INFO: I: 13004, U: 16303
INFO: I: 12093, U: 15119
INFO: I: 14419, U: 17447
INFO: I: 14784, U: 17626
INFO: I: 13693, U: 16600
INFO: I: 11769, U: 15231
INFO: I: 11499, U: 14399
INFO: I: 14494, U: 17573
INFO: Step:25500, Valid_Dice:0.8875812235128704
INFO: 25510 0.0545165054500103
INFO: 25520 0.0452396459877491
INFO: 25530 0.04453727975487709
INFO: 25540 0.04880831390619278
INFO: 25550 0.03914949670433998
INFO: 25560 0.03388838469982147
INFO: 25570 0.04000897333025932
INFO: 25580 0.040371790528297424
INFO: 25590 0.03350810706615448
INFO: 25600 0.025763852521777153
INFO: 25610 0.03274419158697128
INFO: 25620 0.0446246936917305
INFO: 25630 0.05840729922056198
INFO: 25640 0.03829242289066315
INFO: 25650 0.03263845667243004
INFO: 25660 0.06498420983552933
INFO: 25670 0.04377365484833717
INFO: 25680 0.04757671058177948
INFO: 25690 0.048418689519166946
INFO: 25700 0.05131547152996063
INFO: 25710 0.048364050686359406
INFO: 25720 0.052543628960847855
INFO: 25730 0.03569617494940758
INFO: 25740 0.038919541984796524
INFO: 25750 0.04534376040101051
INFO: 25760 0.04853164032101631
INFO: 25770 0.04522626847028732
INFO: 25780 0.03183316811919212
INFO: 25790 0.056065578013658524
INFO: 25800 0.03879868984222412
INFO: 25810 0.044964272528886795
INFO: 25820 0.04043702036142349
INFO: 25830 0.10042128711938858
INFO: 25840 0.04226119443774223
INFO: 25850 0.036745067685842514
INFO: 25860 0.05293746292591095
INFO: 25870 0.047354552894830704
INFO: 25880 0.050538670271635056
INFO: 25890 0.04877369478344917
INFO: 25900 0.05362163856625557
INFO: 25910 0.0436190702021122
INFO: 25920 0.04488663375377655
INFO: 25930 0.04317393898963928
INFO: 25940 0.04042546823620796
INFO: 25950 0.03898738697171211
INFO: 25960 0.04018886387348175
INFO: 25970 0.0439610481262207
INFO: 25980 0.04458998516201973
INFO: 25990 0.08605363219976425
INFO: 26000 0.03402378410100937
INFO: Checkpoint 26000 saved !
INFO: I: 11754, U: 15434
INFO: I: 17830, U: 21684
INFO: I: 13248, U: 17590
INFO: I: 10173, U: 13544
INFO: I: 9159, U: 12020
INFO: I: 12731, U: 16142
INFO: I: 8425, U: 11260
INFO: I: 13266, U: 16136
INFO: I: 13354, U: 16615
INFO: I: 13520, U: 16852
INFO: I: 13622, U: 17178
INFO: I: 13605, U: 16642
INFO: I: 13281, U: 16766
INFO: I: 12407, U: 15776
INFO: I: 14765, U: 17914
INFO: I: 15168, U: 18187
INFO: I: 13967, U: 17120
INFO: I: 12028, U: 15363
INFO: I: 11821, U: 15282
INFO: I: 14676, U: 17847
INFO: Step:26000, Valid_Dice:0.8842082326445373
INFO: 26010 0.04745328053832054
INFO: 26020 0.039463043212890625
INFO: 26030 0.04495949670672417
INFO: 26040 0.08380088210105896
INFO: 26050 0.05410908907651901
INFO: 26060 0.0409400500357151
INFO: 26070 0.058254826813936234
INFO: 26080 0.08480159938335419
INFO: 26090 0.044010911136865616
INFO: 26100 0.03872453421354294
INFO: 26110 0.03522191941738129
INFO: 26120 0.03626113384962082
INFO: 26130 0.04122921824455261
INFO: 26140 0.0345890112221241
INFO: 26150 0.04708882421255112
INFO: 26160 0.03683873265981674
INFO: 26170 0.056337419897317886
INFO: 26180 0.053039368242025375
INFO: 26190 0.04315724968910217
INFO: 26200 0.03344849869608879
INFO: 26210 0.03397810831665993
INFO: 26220 0.06298059970140457
INFO: 26230 0.03484673425555229
INFO: 26240 0.03203440457582474
INFO: 26250 0.042460475116968155
INFO: 26260 0.05775981396436691
INFO: 26270 0.05366240814328194
INFO: 26280 0.040696319192647934
INFO: 26290 0.029200976714491844
INFO: 26300 0.03890695795416832
INFO: 26310 0.06531738489866257
INFO: 26320 0.03670572489500046
INFO: 26330 0.049791119992733
INFO: 26340 0.05805228278040886
INFO: 26350 0.05334397405385971
INFO: 26360 0.055527374148368835
INFO: 26370 0.05427006259560585
INFO: 26380 0.06386960297822952
INFO: 26390 0.050072718411684036
INFO: 26400 0.04204434156417847
INFO: 26410 0.03912276774644852
INFO: 26420 0.055491480976343155
INFO: 26430 0.05008987337350845
INFO: 26440 0.0532638244330883
INFO: 26450 0.07671191543340683
INFO: 26460 0.044237133115530014
INFO: 26470 0.0491473525762558
INFO: 26480 0.034757982939481735
INFO: 26490 0.039384227246046066
INFO: 26500 0.055393584072589874
INFO: Checkpoint 26500 saved !
INFO: I: 11402, U: 14948
INFO: I: 17454, U: 21314
INFO: I: 12941, U: 17037
INFO: I: 10107, U: 13315
INFO: I: 8952, U: 11625
INFO: I: 12645, U: 15929
INFO: I: 8236, U: 10937
INFO: I: 13085, U: 15775
INFO: I: 13095, U: 16131
INFO: I: 13374, U: 16503
INFO: I: 13266, U: 16566
INFO: I: 13339, U: 16245
INFO: I: 13308, U: 16536
INFO: I: 12088, U: 15233
INFO: I: 14534, U: 17551
INFO: I: 14898, U: 17746
INFO: I: 13702, U: 16722
INFO: I: 11662, U: 15181
INFO: I: 11621, U: 14637
INFO: I: 14519, U: 17616
INFO: Step:26500, Valid_Dice:0.887487134519389
INFO: 26510 0.07392117381095886
INFO: 26520 0.04142395779490471
INFO: 26530 0.05857086181640625
INFO: 26540 0.05985890328884125
INFO: 26550 0.048455044627189636
INFO: 26560 0.03988942876458168
INFO: 26570 0.04268009215593338
INFO: 26580 0.04051123932003975
INFO: 26590 0.0372246652841568
INFO: 26600 0.03653045743703842
INFO: 26610 0.04144648090004921
INFO: 26620 0.058932531625032425
INFO: 26630 0.036890264600515366
INFO: 26640 0.05426595360040665
INFO: 26650 0.07187114655971527
INFO: 26660 0.03732813894748688
INFO: 26670 0.022340955212712288
INFO: 26680 0.05086997523903847
INFO: 26690 0.04985903203487396
INFO: 26700 0.04408138245344162
INFO: 26710 0.04972950369119644
INFO: 26720 0.0466456338763237
INFO: 26730 0.03500326722860336
INFO: 26740 0.052604686468839645
INFO: 26750 0.06276048719882965
INFO: 26760 0.05396828427910805
INFO: 26770 0.044097673147916794
INFO: 26780 0.04273168370127678
INFO: 26790 0.041343651711940765
INFO: 26800 0.058560676872730255
INFO: 26810 0.03321443870663643
INFO: 26820 0.04599059000611305
INFO: 26830 0.040473710745573044
INFO: 26840 0.059905774891376495
INFO: 26850 0.07592076063156128
INFO: 26860 0.05134570971131325
INFO: 26870 0.04464458301663399
INFO: 26880 0.036197729408741
INFO: 26890 0.028902053833007812
INFO: 26900 0.039694879204034805
INFO: 26910 0.05571722984313965
INFO: 26920 0.055210646241903305
INFO: 26930 0.04507032781839371
INFO: 26940 0.04799123480916023
INFO: 26950 0.03087485581636429
INFO: 26960 0.042964398860931396
INFO: 26970 0.04042930155992508
INFO: 26980 0.053398460149765015
INFO: 26990 0.06101693585515022
INFO: 27000 0.03722834214568138
INFO: Checkpoint 27000 saved !
INFO: I: 11223, U: 14683
INFO: I: 16993, U: 20888
INFO: I: 12788, U: 16768
INFO: I: 9732, U: 12912
INFO: I: 8786, U: 11422
INFO: I: 12271, U: 15572
INFO: I: 7989, U: 10762
INFO: I: 12844, U: 15450
INFO: I: 12952, U: 15865
INFO: I: 13168, U: 16168
INFO: I: 13163, U: 16324
INFO: I: 13063, U: 15948
INFO: I: 12915, U: 16131
INFO: I: 11932, U: 15054
INFO: I: 14207, U: 17212
INFO: I: 14559, U: 17517
INFO: I: 13637, U: 16567
INFO: I: 11519, U: 15049
INFO: I: 11484, U: 14481
INFO: I: 14300, U: 17222
INFO: Step:27000, Valid_Dice:0.8868635813277681
INFO: 27010 0.03545673191547394
INFO: 27020 0.05039616674184799
INFO: 27030 0.044209882616996765
INFO: 27040 0.05141187831759453
INFO: 27050 0.06949839740991592
INFO: 27060 0.04180093854665756
INFO: 27070 0.04861132800579071
INFO: 27080 0.044860225170850754
INFO: 27090 0.05534451827406883
INFO: 27100 0.04354288801550865
INFO: 27110 0.10739980638027191
INFO: 27120 0.05585404485464096
INFO: 27130 0.04299485310912132
INFO: 27140 0.03722859546542168
INFO: 27150 0.037259459495544434
INFO: 27160 0.06396882236003876
INFO: 27170 0.046500030905008316
INFO: 27180 0.027978619560599327
INFO: 27190 0.03303007781505585
INFO: 27200 0.0633765384554863
INFO: 27210 0.0444609709084034
INFO: 27220 0.06806883215904236
INFO: 27230 0.04058052971959114
INFO: 27240 0.0505390428006649
INFO: 27250 0.041656602174043655
INFO: 27260 0.03552856668829918
INFO: 27270 0.04366913437843323
INFO: 27280 0.042644891887903214
INFO: 27290 0.057467468082904816
INFO: 27300 0.047776561230421066
INFO: 27310 0.04881667718291283
INFO: 27320 0.06663597375154495
INFO: 27330 0.03527654707431793
INFO: 27340 0.04843971133232117
INFO: 27350 0.03710009902715683
INFO: 27360 0.025643914937973022
INFO: 27370 0.03721550107002258
INFO: 27380 0.04798781871795654
INFO: 27390 0.0409279465675354
INFO: 27400 0.04476187005639076
INFO: 27410 0.04473566263914108
INFO: 27420 0.053781311959028244
INFO: 27430 0.05873611941933632
INFO: 27440 0.049010276794433594
INFO: 27450 0.029501544311642647
INFO: 27460 0.0693766325712204
INFO: 27470 0.08325981348752975
INFO: 27480 0.043170616030693054
INFO: 27490 0.05622772127389908
INFO: 27500 0.038454730063676834
INFO: Checkpoint 27500 saved !
INFO: I: 11180, U: 14617
INFO: I: 17008, U: 21019
INFO: I: 12666, U: 16631
INFO: I: 9847, U: 12920
INFO: I: 8782, U: 11417
INFO: I: 12304, U: 15577
INFO: I: 8141, U: 10857
INFO: I: 12883, U: 15475
INFO: I: 12769, U: 15681
INFO: I: 13128, U: 16237
INFO: I: 13093, U: 16249
INFO: I: 13039, U: 15887
INFO: I: 12836, U: 16156
INFO: I: 11868, U: 14862
INFO: I: 13980, U: 17059
INFO: I: 14483, U: 17418
INFO: I: 13542, U: 16371
INFO: I: 11321, U: 14961
INFO: I: 11510, U: 14448
INFO: I: 14105, U: 17011
INFO: Step:27500, Valid_Dice:0.8868574065534869
INFO: 27510 0.03264401853084564
INFO: 27520 0.046984314918518066
INFO: 27530 0.027867253869771957
INFO: 27540 0.04911394789814949
INFO: 27550 0.05542733147740364
INFO: 27560 0.03426530584692955
INFO: 27570 0.039731886237859726
INFO: 27580 0.04027168080210686
INFO: 27590 0.03065910004079342
INFO: 27600 0.05524159595370293
INFO: 27610 0.06033221259713173
INFO: 27620 0.0350198857486248
INFO: 27630 0.03901510685682297
INFO: 27640 0.042154960334300995
INFO: 27650 0.04101938381791115
INFO: 27660 0.04143315926194191
INFO: 27670 0.058065265417099
INFO: 27680 0.0397983081638813
INFO: 27690 0.05842414125800133
INFO: 27700 0.05770179629325867
INFO: 27710 0.033271729946136475
INFO: 27720 0.036149319261312485
INFO: 27730 0.04088672995567322
INFO: 27740 0.0383627749979496
INFO: 27750 0.05373871326446533
INFO: 27760 0.058202147483825684
INFO: 27770 0.039011888206005096
INFO: 27780 0.04554364085197449
INFO: 27790 0.04592570662498474
INFO: 27800 0.04684970900416374
INFO: 27810 0.04035872593522072
INFO: 27820 0.05086641013622284
INFO: 27830 0.05301855504512787
INFO: 27840 0.048064734786748886
INFO: 27850 0.06430868059396744
INFO: 27860 0.03741462528705597
INFO: 27870 0.05832335352897644
INFO: 27880 0.06621899455785751
INFO: 27890 0.031358931213617325
INFO: 27900 0.03462882712483406
INFO: 27910 0.06014576554298401
INFO: 27920 0.04288192465901375
INFO: 27930 0.04147334769368172
INFO: 27940 0.028087520971894264
INFO: 27950 0.04017505422234535
INFO: 27960 0.0452030710875988
INFO: 27970 0.025714745745062828
INFO: 27980 0.030115442350506783
INFO: 27990 0.04040993005037308
INFO: 28000 0.053725842386484146
INFO: Checkpoint 28000 saved !
INFO: I: 11689, U: 15270
INFO: I: 17935, U: 21561
INFO: I: 13121, U: 17327
INFO: I: 10227, U: 13742
INFO: I: 9130, U: 11997
INFO: I: 12661, U: 16239
INFO: I: 8532, U: 11435
INFO: I: 13225, U: 16062
INFO: I: 13270, U: 16599
INFO: I: 13492, U: 16790
INFO: I: 13558, U: 16984
INFO: I: 13403, U: 16285
INFO: I: 13150, U: 16730
INFO: I: 12272, U: 15607
INFO: I: 14604, U: 17620
INFO: I: 14997, U: 17966
INFO: I: 13941, U: 17110
INFO: I: 11977, U: 15306
INFO: I: 11794, U: 15139
INFO: I: 14609, U: 17797
INFO: Step:28000, Valid_Dice:0.8844722415037873
INFO: 28010 0.03823738917708397
INFO: 28020 0.03564384579658508
INFO: 28030 0.047552455216646194
INFO: 28040 0.042780254036188126
INFO: 28050 0.0501459464430809
INFO: 28060 0.04028260335326195
INFO: 28070 0.03747078776359558
INFO: 28080 0.03463125228881836
INFO: 28090 0.03187212347984314
INFO: 28100 0.04315349832177162
INFO: 28110 0.036812324076890945
INFO: 28120 0.04020438343286514
INFO: 28130 0.03912516310811043
INFO: 28140 0.05604836344718933
INFO: 28150 0.056092992424964905
INFO: 28160 0.039842184633016586
INFO: 28170 0.046070512384176254
INFO: 28180 0.04120858386158943
INFO: 28190 0.03141692653298378
INFO: 28200 0.04172666370868683
INFO: 28210 0.038098275661468506
INFO: 28220 0.03580804914236069
INFO: 28230 0.025007672607898712
INFO: 28240 0.0591636598110199
INFO: 28250 0.047678153961896896
INFO: 28260 0.03715813159942627
INFO: 28270 0.06348985433578491
INFO: 28280 0.04961654543876648
INFO: 28290 0.07143596559762955
INFO: 28300 0.05149798095226288
INFO: 28310 0.035124778747558594
INFO: 28320 0.05071713402867317
INFO: 28330 0.04139591008424759
INFO: 28340 0.04243018105626106
INFO: 28350 0.04051933065056801
INFO: 28360 0.04368799924850464
INFO: 28370 0.032414402812719345
INFO: 28380 0.032380178570747375
INFO: 28390 0.04394752159714699
INFO: 28400 0.052800390869379044
INFO: 28410 0.04122201353311539
INFO: 28420 0.06080062687397003
INFO: 28430 0.0443878099322319
INFO: 28440 0.048246078193187714
INFO: 28450 0.03897146135568619
INFO: 28460 0.05678991600871086
INFO: 28470 0.055341172963380814
INFO: 28480 0.04412701353430748
INFO: 28490 0.038165412843227386
INFO: 28500 0.05305340513586998
INFO: Checkpoint 28500 saved !
INFO: I: 11597, U: 15057
INFO: I: 17601, U: 21405
INFO: I: 13139, U: 17279
INFO: I: 10062, U: 13286
INFO: I: 9097, U: 11900
INFO: I: 12432, U: 15951
INFO: I: 8406, U: 11202
INFO: I: 13231, U: 16003
INFO: I: 13236, U: 16405
INFO: I: 13457, U: 16660
INFO: I: 13518, U: 16919
INFO: I: 13470, U: 16357
INFO: I: 13067, U: 16515
INFO: I: 12329, U: 15546
INFO: I: 14545, U: 17610
INFO: I: 14971, U: 17855
INFO: I: 13924, U: 17029
INFO: I: 12027, U: 15347
INFO: I: 11733, U: 14877
INFO: I: 14663, U: 17720
INFO: Step:28500, Valid_Dice:0.8866248323446205
INFO: 28510 0.05201054736971855
INFO: 28520 0.03565186634659767
INFO: 28530 0.03314460813999176
INFO: 28540 0.04768209904432297
INFO: 28550 0.04073606804013252
INFO: 28560 0.05285597965121269
INFO: 28570 0.036071304231882095
INFO: 28580 0.04811517149209976
INFO: 28590 0.05078825354576111
INFO: 28600 0.04492257535457611
INFO: 28610 0.03781807795166969
INFO: 28620 0.039351798593997955
INFO: 28630 0.053180303424596786
INFO: 28640 0.07014738768339157
INFO: 28650 0.03757896646857262
INFO: 28660 0.041304826736450195
INFO: 28670 0.046476636081933975
INFO: 28680 0.045306865125894547
INFO: 28690 0.04754503816366196
INFO: 28700 0.037750158458948135
INFO: 28710 0.04780915006995201
INFO: 28720 0.046354662626981735
INFO: 28730 0.034734807908535004
INFO: 28740 0.05091266334056854
INFO: 28750 0.03689415752887726
INFO: 28760 0.05338004231452942
INFO: 28770 0.03717338293790817
INFO: 28780 0.04424472525715828
INFO: 28790 0.04622751101851463
INFO: 28800 0.03776804730296135
INFO: 28810 0.037747349590063095
INFO: 28820 0.03893288969993591
INFO: 28830 0.04436624050140381
INFO: 28840 0.03637643903493881
INFO: 28850 0.03409931808710098
INFO: 28860 0.04929746687412262
INFO: 28870 0.04102209582924843
INFO: 28880 0.04548301547765732
INFO: 28890 0.056367140263319016
INFO: 28900 0.03508298471570015
INFO: 28910 0.029901251196861267
INFO: 28920 0.052183154970407486
INFO: 28930 0.040770549327135086
INFO: 28940 0.040004171431064606
INFO: 28950 0.034418586641550064
INFO: 28960 0.039852045476436615
INFO: 28970 0.04948834329843521
INFO: 28980 0.035590045154094696
INFO: 28990 0.042326636612415314
INFO: 29000 0.03700454533100128
INFO: Checkpoint 29000 saved !
INFO: I: 11327, U: 14692
INFO: I: 17408, U: 21058
INFO: I: 12803, U: 16886
INFO: I: 9935, U: 12894
INFO: I: 8783, U: 11420
INFO: I: 12261, U: 15541
INFO: I: 7909, U: 10600
INFO: I: 12918, U: 15493
INFO: I: 12965, U: 15937
INFO: I: 13118, U: 16125
INFO: I: 13221, U: 16443
INFO: I: 13148, U: 16024
INFO: I: 12797, U: 16135
INFO: I: 12075, U: 15193
INFO: I: 14161, U: 17367
INFO: I: 14684, U: 17563
INFO: I: 13660, U: 16566
INFO: I: 11637, U: 15113
INFO: I: 11345, U: 14278
INFO: I: 14416, U: 17395
INFO: Step:29000, Valid_Dice:0.8878182692294043
INFO: 29010 0.035266607999801636
INFO: 29020 0.039085935801267624
INFO: 29030 0.04286038875579834
INFO: 29040 0.0455448254942894
INFO: 29050 0.03641154244542122
INFO: 29060 0.04630925878882408
INFO: 29070 0.06872794032096863
INFO: 29080 0.04443209990859032
INFO: 29090 0.04650349169969559
INFO: 29100 0.05041131377220154
INFO: 29110 0.05994505062699318
INFO: 29120 0.036815010011196136
INFO: 29130 0.041897572576999664
INFO: 29140 0.03545188158750534
INFO: 29150 0.0347830094397068
INFO: 29160 0.04167870059609413
INFO: 29170 0.029298199340701103
INFO: 29180 0.04357112571597099
INFO: 29190 0.043931953608989716
INFO: 29200 0.0374511294066906
INFO: 29210 0.047783877700567245
INFO: 29220 0.03640720993280411
INFO: 29230 0.048497557640075684
INFO: 29240 0.04570412635803223
INFO: 29250 0.043208274990320206
INFO: 29260 0.04112451896071434
INFO: 29270 0.06282830983400345
INFO: 29280 0.039608221501111984
INFO: 29290 0.04723495617508888
INFO: 29300 0.04199287295341492
INFO: 29310 0.033546797931194305
INFO: 29320 0.03712967783212662
INFO: 29330 0.04857924208045006
INFO: 29340 0.052885059267282486
INFO: 29350 0.05365873500704765
INFO: 29360 0.0367252454161644
INFO: 29370 0.0382031686604023
INFO: 29380 0.031237317249178886
INFO: 29390 0.03816968947649002
INFO: 29400 0.06382888555526733
INFO: 29410 0.0445692352950573
INFO: 29420 0.027699746191501617
INFO: 29430 0.04163362830877304
INFO: 29440 0.0384119376540184
INFO: 29450 0.04447726905345917
INFO: 29460 0.03524472564458847
INFO: 29470 0.038715388625860214
INFO: 29480 0.07162895798683167
INFO: 29490 0.03128068149089813
INFO: 29500 0.044326454401016235
INFO: Checkpoint 29500 saved !
INFO: I: 11292, U: 14705
INFO: I: 17502, U: 21055
INFO: I: 12720, U: 16751
INFO: I: 9943, U: 13105
INFO: I: 8857, U: 11632
INFO: I: 12292, U: 15652
INFO: I: 8115, U: 10824
INFO: I: 12936, U: 15550
INFO: I: 12986, U: 15909
INFO: I: 13169, U: 16300
INFO: I: 13140, U: 16332
INFO: I: 13131, U: 16071
INFO: I: 12998, U: 16302
INFO: I: 11934, U: 15159
INFO: I: 14311, U: 17402
INFO: I: 14610, U: 17596
INFO: I: 13632, U: 16670
INFO: I: 11454, U: 15064
INFO: I: 11499, U: 14549
INFO: I: 14361, U: 17301
INFO: Step:29500, Valid_Dice:0.8863701143982462
INFO: 29510 0.045505888760089874
INFO: 29520 0.050035279244184494
INFO: 29530 0.04254249483346939
INFO: 29540 0.0610295832157135
INFO: 29550 0.04929400607943535
INFO: 29560 0.04599467292428017
INFO: 29570 0.04377280920743942
INFO: 29580 0.0492761954665184
INFO: 29590 0.05271046236157417
INFO: 29600 0.03121659904718399
INFO: 29610 0.06770447641611099
INFO: 29620 0.05567319318652153
INFO: 29630 0.037369970232248306
INFO: 29640 0.02910836786031723
INFO: 29650 0.04291766881942749
INFO: 29660 0.04948556795716286
INFO: 29670 0.04253535717725754
INFO: 29680 0.04096772521734238
INFO: 29690 0.05167632922530174
INFO: 29700 0.06056922674179077
INFO: 29710 0.048495713621377945
INFO: 29720 0.032827459275722504
INFO: 29730 0.0518021360039711
INFO: 29740 0.04535327106714249
INFO: 29750 0.05359600856900215
INFO: 29760 0.052743323147296906
INFO: 29770 0.05605399236083031
INFO: 29780 0.032781586050987244
INFO: 29790 0.03231515362858772
INFO: 29800 0.043141331523656845
INFO: 29810 0.04722288250923157
INFO: 29820 0.04058731719851494
INFO: 29830 0.04743412509560585
INFO: 29840 0.03706047311425209
INFO: 29850 0.0356067456305027
INFO: 29860 0.06825600564479828
INFO: 29870 0.053172893822193146
INFO: 29880 0.042255762964487076
INFO: 29890 0.032776929438114166
INFO: 29900 0.03615155071020126
INFO: 29910 0.05912879481911659
INFO: 29920 0.07641088217496872
INFO: 29930 0.0353400781750679
INFO: 29940 0.04094918072223663
INFO: 29950 0.04313698783516884
INFO: 29960 0.03228066861629486
INFO: 29970 0.03265272453427315
INFO: 29980 0.046861886978149414
INFO: 29990 0.044378526508808136
INFO: 30000 0.04091658443212509
INFO: Checkpoint 30000 saved !
INFO: I: 11434, U: 14846
INFO: I: 17931, U: 21552
INFO: I: 12926, U: 16962
INFO: I: 10199, U: 13590
INFO: I: 8890, U: 11639
INFO: I: 12424, U: 15901
INFO: I: 8371, U: 11141
INFO: I: 13116, U: 15717
INFO: I: 13116, U: 16199
INFO: I: 13405, U: 16591
INFO: I: 13442, U: 16813
INFO: I: 13356, U: 16132
INFO: I: 13098, U: 16563
INFO: I: 12121, U: 15230
INFO: I: 14449, U: 17444
INFO: I: 14885, U: 17774
INFO: I: 13861, U: 16875
INFO: I: 11650, U: 15117
INFO: I: 11469, U: 14364
INFO: I: 14518, U: 17599
INFO: Step:30000, Valid_Dice:0.8873328852425255
