INFO: Using device cuda
INFO: DataParallel(
  (module): IPN_V2(
    (input3d): InConv3d(
      (in_conv): Sequential(
        (0): Conv3d(2, 64, kernel_size=(3, 3, 3), stride=(1, 1, 1), padding=(1, 1, 1))
        (1): ReLU(inplace=True)
      )
    )
    (PLM1): PLM(
      (plm): Sequential(
        (0): MaxPool3d(kernel_size=[8, 1, 1], stride=[8, 1, 1], padding=0, dilation=1, ceil_mode=False)
        (1): Conv3d(64, 64, kernel_size=(3, 3, 3), stride=(1, 1, 1), padding=(1, 1, 1))
        (2): ReLU(inplace=True)
        (3): Conv3d(64, 64, kernel_size=(3, 3, 3), stride=(1, 1, 1), padding=(1, 1, 1))
        (4): ReLU(inplace=True)
      )
    )
    (PLM2): PLM(
      (plm): Sequential(
        (0): MaxPool3d(kernel_size=[5, 1, 1], stride=[5, 1, 1], padding=0, dilation=1, ceil_mode=False)
        (1): Conv3d(64, 64, kernel_size=(3, 3, 3), stride=(1, 1, 1), padding=(1, 1, 1))
        (2): ReLU(inplace=True)
        (3): Conv3d(64, 64, kernel_size=(3, 3, 3), stride=(1, 1, 1), padding=(1, 1, 1))
        (4): ReLU(inplace=True)
      )
    )
    (PLM3): PLM(
      (plm): Sequential(
        (0): MaxPool3d(kernel_size=[4, 1, 1], stride=[4, 1, 1], padding=0, dilation=1, ceil_mode=False)
        (1): Conv3d(64, 64, kernel_size=(3, 3, 3), stride=(1, 1, 1), padding=(1, 1, 1))
        (2): ReLU(inplace=True)
        (3): Conv3d(64, 64, kernel_size=(3, 3, 3), stride=(1, 1, 1), padding=(1, 1, 1))
        (4): ReLU(inplace=True)
      )
    )
    (input2d): skip(
      (double2dconv): DoubleConv(
        (double_conv): Sequential(
          (0): Conv2d(128, 64, kernel_size=(3, 3), stride=(1, 1), padding=(1, 1))
          (1): ReLU(inplace=True)
          (2): Conv2d(64, 64, kernel_size=(3, 3), stride=(1, 1), padding=(1, 1))
          (3): ReLU(inplace=True)
        )
      )
      (skip_conv): Conv3d(64, 64, kernel_size=(160, 1, 1), stride=(160, 1, 1))
    )
    (pp): UNet_3Plus(
      (conv1): DoubleConv(
        (double_conv): Sequential(
          (0): Conv2d(64, 64, kernel_size=(3, 3), stride=(1, 1), padding=(1, 1))
          (1): ReLU(inplace=True)
          (2): Conv2d(64, 64, kernel_size=(3, 3), stride=(1, 1), padding=(1, 1))
          (3): ReLU(inplace=True)
        )
      )
      (maxpool1): MaxPool2d(kernel_size=2, stride=2, padding=0, dilation=1, ceil_mode=False)
      (conv2): DoubleConv(
        (double_conv): Sequential(
          (0): Conv2d(64, 64, kernel_size=(3, 3), stride=(1, 1), padding=(1, 1))
          (1): ReLU(inplace=True)
          (2): Conv2d(64, 64, kernel_size=(3, 3), stride=(1, 1), padding=(1, 1))
          (3): ReLU(inplace=True)
        )
      )
      (maxpool2): MaxPool2d(kernel_size=2, stride=2, padding=0, dilation=1, ceil_mode=False)
      (conv3): DoubleConv(
        (double_conv): Sequential(
          (0): Conv2d(64, 64, kernel_size=(3, 3), stride=(1, 1), padding=(1, 1))
          (1): ReLU(inplace=True)
          (2): Conv2d(64, 64, kernel_size=(3, 3), stride=(1, 1), padding=(1, 1))
          (3): ReLU(inplace=True)
        )
      )
      (h1_PT_hd3): MaxPool2d(kernel_size=4, stride=4, padding=0, dilation=1, ceil_mode=True)
      (h1_PT_hd3_conv): Conv2d(64, 64, kernel_size=(3, 3), stride=(1, 1), padding=(1, 1))
      (h1_PT_hd3_relu): ReLU(inplace=True)
      (h2_PT_hd3): MaxPool2d(kernel_size=2, stride=2, padding=0, dilation=1, ceil_mode=True)
      (h2_PT_hd3_conv): Conv2d(64, 64, kernel_size=(3, 3), stride=(1, 1), padding=(1, 1))
      (h2_PT_hd3_relu): ReLU(inplace=True)
      (h3_Cat_hd3_conv): Conv2d(64, 64, kernel_size=(3, 3), stride=(1, 1), padding=(1, 1))
      (h3_Cat_hd3_relu): ReLU(inplace=True)
      (conv3d_1): Conv2d(192, 192, kernel_size=(3, 3), stride=(1, 1), padding=(1, 1))
      (relu3d_1): ReLU(inplace=True)
      (h1_PT_hd2): MaxPool2d(kernel_size=2, stride=2, padding=0, dilation=1, ceil_mode=True)
      (h1_PT_hd2_conv): Conv2d(64, 64, kernel_size=(3, 3), stride=(1, 1), padding=(1, 1))
      (h1_PT_hd2_relu): ReLU(inplace=True)
      (h2_Cat_hd2_conv): Conv2d(64, 64, kernel_size=(3, 3), stride=(1, 1), padding=(1, 1))
      (h2_Cat_hd2_relu): ReLU(inplace=True)
      (hd3_UT_hd2): Upsample(scale_factor=2.0, mode=bilinear)
      (hd3_UT_hd2_conv): Conv2d(192, 64, kernel_size=(3, 3), stride=(1, 1), padding=(1, 1))
      (hd3_UT_hd2_relu): ReLU(inplace=True)
      (conv2d_1): Conv2d(192, 192, kernel_size=(3, 3), stride=(1, 1), padding=(1, 1))
      (relu2d_1): ReLU(inplace=True)
      (h1_Cat_hd1_conv): Conv2d(64, 64, kernel_size=(3, 3), stride=(1, 1), padding=(1, 1))
      (h1_Cat_hd1_relu): ReLU(inplace=True)
      (hd2_UT_hd1): Upsample(scale_factor=2.0, mode=bilinear)
      (hd2_UT_hd1_conv): Conv2d(192, 64, kernel_size=(3, 3), stride=(1, 1), padding=(1, 1))
      (hd2_UT_hd1_relu): ReLU(inplace=True)
      (hd3_UT_hd1): Upsample(scale_factor=4.0, mode=bilinear)
      (hd3_UT_hd1_conv): Conv2d(192, 64, kernel_size=(3, 3), stride=(1, 1), padding=(1, 1))
      (hd3_UT_hd1_relu): ReLU(inplace=True)
      (conv1d_1): Conv2d(192, 64, kernel_size=(3, 3), stride=(1, 1), padding=(1, 1))
      (relu1d_1): ReLU(inplace=True)
      (outconv1): Conv2d(64, 2, kernel_size=(3, 3), stride=(1, 1), padding=(1, 1))
    )
  )
)
/home/yh3529/.conda/envs/torch-1.11/lib/python3.9/site-packages/torch/nn/functional.py:780: UserWarning: Note that order of the arguments: ceil_mode and return_indices will changeto match the args list in nn.MaxPool2d in a future release.
  warnings.warn("Note that order of the arguments: ceil_mode and return_indices will change"
INFO: 0 0.6938678026199341
INFO: Checkpoint 0 saved !
INFO: Step:0, Valid_Dice:0.015332713512874055
INFO: 10 0.6412262916564941
INFO: 20 0.25854188203811646
INFO: 30 0.29630789160728455
INFO: 40 0.2890922427177429
INFO: 50 0.28516051173210144
INFO: 60 0.22994066774845123
INFO: 70 0.3911452293395996
INFO: 80 0.27979210019111633
INFO: 90 0.2610912024974823
INFO: 100 0.24543318152427673
INFO: 110 0.31243956089019775
INFO: 120 0.3642629384994507
INFO: 130 0.3314771056175232
INFO: 140 0.22312216460704803
INFO: 150 0.34299254417419434
INFO: 160 0.2501338720321655
INFO: 170 0.29279232025146484
INFO: 180 0.3790302276611328
INFO: 190 0.16599012911319733
INFO: 200 0.30333784222602844
INFO: 210 0.39338061213493347
INFO: 220 0.33646446466445923
INFO: 230 0.3196844160556793
INFO: 240 0.3478288948535919
INFO: 250 0.2841707766056061
INFO: 260 0.30686572194099426
INFO: 270 0.33912941813468933
INFO: 280 0.43054285645484924
INFO: 290 0.39580634236335754
INFO: 300 0.4196333885192871
INFO: 310 0.26548394560813904
INFO: 320 0.2870834469795227
INFO: 330 0.4197962284088135
INFO: 340 0.25492891669273376
INFO: 350 0.19671137630939484
INFO: 360 0.2148021012544632
INFO: 370 0.37480807304382324
INFO: 380 0.26408082246780396
INFO: 390 0.2206387221813202
INFO: 400 0.2457517385482788
INFO: 410 0.32615169882774353
INFO: 420 0.3534839153289795
INFO: 430 0.28078949451446533
INFO: 440 0.21403472125530243
INFO: 450 0.3240121304988861
INFO: 460 0.28394415974617004
INFO: 470 0.31654056906700134
INFO: 480 0.37704095244407654
INFO: 490 0.31583231687545776
INFO: 500 0.26758623123168945
INFO: Checkpoint 500 saved !
INFO: Step:500, Valid_Dice:0.0
INFO: 510 0.30207470059394836
INFO: 520 0.341831237077713
INFO: 530 0.3525450825691223
INFO: 540 0.28692957758903503
INFO: 550 0.290321946144104
INFO: 560 0.355210542678833
INFO: 570 0.3249839246273041
INFO: 580 0.3999045491218567
INFO: 590 0.32583343982696533
INFO: 600 0.3199753761291504
INFO: 610 0.3722630739212036
INFO: 620 0.39339154958724976
INFO: 630 0.3457915782928467
INFO: 640 0.33538636565208435
INFO: 650 0.34031590819358826
INFO: 660 0.15789608657360077
INFO: 670 0.28185492753982544
INFO: 680 0.3321162760257721
INFO: 690 0.3171238303184509
INFO: 700 0.2580833435058594
INFO: 710 0.3447059690952301
INFO: 720 0.2583882510662079
INFO: 730 0.22456389665603638
INFO: 740 0.2622872591018677
INFO: 750 0.3835150897502899
INFO: 760 0.2524511516094208
INFO: 770 0.3043603003025055
INFO: 780 0.2493409365415573
INFO: 790 0.15577289462089539
INFO: 800 0.21195656061172485
INFO: 810 0.2262023389339447
INFO: 820 0.2309708446264267
INFO: 830 0.21697194874286652
INFO: 840 0.315430223941803
INFO: 850 0.22978205978870392
INFO: 860 0.15438981354236603
INFO: 870 0.2647719085216522
INFO: 880 0.212052583694458
INFO: 890 0.27487680315971375
INFO: 900 0.25364089012145996
INFO: 910 0.19088755548000336
INFO: 920 0.20464803278446198
INFO: 930 0.16349446773529053
INFO: 940 0.1550140231847763
INFO: 950 0.11852425336837769
INFO: 960 0.14578716456890106
INFO: 970 0.196146160364151
INFO: 980 0.13266347348690033
INFO: 990 0.12719345092773438
INFO: 1000 0.14137965440750122
INFO: Checkpoint 1000 saved !
INFO: Step:1000, Valid_Dice:0.11027406045457935
INFO: 1010 0.13286013901233673
INFO: 1020 0.16791827976703644
INFO: 1030 0.19639243185520172
INFO: 1040 0.1833256483078003
INFO: 1050 0.12718719244003296
INFO: 1060 0.18709875643253326
INFO: 1070 0.13081657886505127
INFO: 1080 0.11948305368423462
INFO: 1090 0.11217623203992844
INFO: 1100 0.158455029129982
INFO: 1110 0.18692484498023987
INFO: 1120 0.17405293881893158
INFO: 1130 0.12678055465221405
INFO: 1140 0.2060060352087021
INFO: 1150 0.17648662626743317
INFO: 1160 0.3431490659713745
INFO: 1170 0.11454814672470093
INFO: 1180 0.1489742398262024
INFO: 1190 0.14762094616889954
INFO: 1200 0.1477302461862564
INFO: 1210 0.11358007788658142
INFO: 1220 0.11235848069190979
INFO: 1230 0.11873680353164673
INFO: 1240 0.170663982629776
INFO: 1250 0.09224950522184372
INFO: 1260 0.13440905511379242
INFO: 1270 0.13677789270877838
INFO: 1280 0.1725684106349945
INFO: 1290 0.2014564722776413
INFO: 1300 0.11692729592323303
INFO: 1310 0.12456461042165756
INFO: 1320 0.2533203959465027
INFO: 1330 0.1025804802775383
INFO: 1340 0.15834929049015045
INFO: 1350 0.08948057144880295
INFO: 1360 0.14938098192214966
INFO: 1370 0.095215804874897
INFO: 1380 0.1859753131866455
INFO: 1390 0.14437778294086456
INFO: 1400 0.1489763706922531
INFO: 1410 0.09082221984863281
INFO: 1420 0.08454400300979614
INFO: 1430 0.11550895869731903
INFO: 1440 0.15379178524017334
INFO: 1450 0.08121701329946518
INFO: 1460 0.14393159747123718
INFO: 1470 0.12796325981616974
INFO: 1480 0.09406714141368866
INFO: 1490 0.10532818734645844
INFO: 1500 0.11743515729904175
INFO: Checkpoint 1500 saved !
INFO: Step:1500, Valid_Dice:0.0
INFO: 1510 0.1724487841129303
INFO: 1520 0.10489050298929214
INFO: 1530 0.1329183131456375
INFO: 1540 0.08960158377885818
INFO: 1550 0.09387673437595367
INFO: 1560 0.1286288946866989
INFO: 1570 0.08788712322711945
INFO: 1580 0.10609931498765945
INFO: 1590 0.1592763513326645
INFO: 1600 0.11697976291179657
INFO: 1610 0.11603668332099915
INFO: 1620 0.11886858195066452
INFO: 1630 0.10292965173721313
INFO: 1640 0.18864506483078003
INFO: 1650 0.13940709829330444
INFO: 1660 0.08515395224094391
INFO: 1670 0.09150710701942444
INFO: 1680 0.11712553352117538
INFO: 1690 0.14685474336147308
INFO: 1700 0.11489588767290115
INFO: 1710 0.10861372947692871
INFO: 1720 0.11446044594049454
INFO: 1730 0.07721520215272903
INFO: 1740 0.1074671596288681
INFO: 1750 0.13424862921237946
INFO: 1760 0.11987923830747604
INFO: 1770 0.0816032737493515
INFO: 1780 0.15554279088974
INFO: 1790 0.14935125410556793
INFO: 1800 0.10422425717115402
INFO: 1810 0.17047186195850372
INFO: 1820 0.08801823854446411
INFO: 1830 0.0950922742486
INFO: 1840 0.07836399227380753
INFO: 1850 0.09118389338254929
INFO: 1860 0.0715721845626831
INFO: 1870 0.12063833326101303
INFO: 1880 0.10831519961357117
INFO: 1890 0.21326597034931183
INFO: 1900 0.0767110139131546
INFO: 1910 0.0737450122833252
INFO: 1920 0.14745037257671356
INFO: 1930 0.10806972533464432
INFO: 1940 0.09398642927408218
INFO: 1950 0.08725705742835999
INFO: 1960 0.0977502167224884
INFO: 1970 0.08504468947649002
INFO: 1980 0.10896030068397522
INFO: 1990 0.10377929359674454
INFO: 2000 0.08226808160543442
INFO: Checkpoint 2000 saved !
INFO: Step:2000, Valid_Dice:0.0
INFO: 2010 0.10753180831670761
INFO: 2020 0.0699695572257042
INFO: 2030 0.07991383224725723
INFO: 2040 0.08966834843158722
INFO: 2050 0.06933089345693588
INFO: 2060 0.07848996669054031
INFO: 2070 0.08031442016363144
INFO: 2080 0.08928699046373367
INFO: 2090 0.11956115812063217
INFO: 2100 0.1000816747546196
INFO: 2110 0.09140007942914963
INFO: 2120 0.09936252981424332
INFO: 2130 0.07899417728185654
INFO: 2140 0.0917300283908844
INFO: 2150 0.09966698288917542
INFO: 2160 0.0806208997964859
INFO: 2170 0.05878936126828194
INFO: 2180 0.12111975252628326
INFO: 2190 0.16584858298301697
INFO: 2200 0.08621814846992493
INFO: 2210 0.11301299184560776
INFO: 2220 0.165797159075737
INFO: 2230 0.08529829978942871
INFO: 2240 0.08855674415826797
INFO: 2250 0.09683874249458313
INFO: 2260 0.08863406628370285
INFO: 2270 0.055047523230314255
INFO: 2280 0.11384498327970505
INFO: 2290 0.08713418245315552
INFO: 2300 0.08584222197532654
INFO: 2310 0.07854150235652924
INFO: 2320 0.07240310311317444
INFO: 2330 0.084300696849823
INFO: 2340 0.2720966935157776
INFO: 2350 0.07352980971336365
INFO: 2360 0.11634289473295212
INFO: 2370 0.07253412157297134
INFO: 2380 0.08342321962118149
INFO: 2390 0.08636102825403214
INFO: 2400 0.14080503582954407
INFO: 2410 0.07233778387308121
INFO: 2420 0.056882183998823166
INFO: 2430 0.09634047746658325
INFO: 2440 0.13355103135108948
INFO: 2450 0.09213148057460785
INFO: 2460 0.08798573911190033
INFO: 2470 0.09367416799068451
INFO: 2480 0.09694644808769226
INFO: 2490 0.1122220978140831
INFO: 2500 0.1305798888206482
INFO: Checkpoint 2500 saved !
INFO: Step:2500, Valid_Dice:0.0
INFO: 2510 0.07888096570968628
INFO: 2520 0.09560149908065796
INFO: 2530 0.0888557955622673
INFO: 2540 0.0897582545876503
INFO: 2550 0.09570340812206268
INFO: 2560 0.09555387496948242
INFO: 2570 0.2503657341003418
INFO: 2580 0.06895382702350616
INFO: 2590 0.17789117991924286
INFO: 2600 0.08504025638103485
INFO: 2610 0.10584882646799088
INFO: 2620 0.10057763755321503
INFO: 2630 0.0779450461268425
INFO: 2640 0.08602825552225113
INFO: 2650 0.10076384246349335
INFO: 2660 0.12708844244480133
INFO: 2670 0.06533730030059814
INFO: 2680 0.0786622166633606
INFO: 2690 0.07670304924249649
INFO: 2700 0.06755173951387405
INFO: 2710 0.08298788964748383
INFO: 2720 0.09843031316995621
INFO: 2730 0.08895415812730789
INFO: 2740 0.0909845232963562
INFO: 2750 0.07979278266429901
INFO: 2760 0.13880974054336548
INFO: 2770 0.07885628938674927
INFO: 2780 0.08251822739839554
INFO: 2790 0.18426860868930817
INFO: 2800 0.15000125765800476
INFO: 2810 0.10490197688341141
INFO: 2820 0.09291952848434448
INFO: 2830 0.0956370010972023
INFO: 2840 0.11770939826965332
INFO: 2850 0.09168290346860886
INFO: 2860 0.0963861420750618
INFO: 2870 0.09744390845298767
INFO: 2880 0.1184907928109169
INFO: 2890 0.07020878791809082
INFO: 2900 0.08751972764730453
INFO: 2910 0.09006767719984055
INFO: 2920 0.12660440802574158
INFO: 2930 0.12088332325220108
INFO: 2940 0.10368740558624268
INFO: 2950 0.0807376429438591
INFO: 2960 0.09589297324419022
INFO: 2970 0.07029932737350464
INFO: 2980 0.06558050215244293
INFO: 2990 0.0908568948507309
INFO: 3000 0.11039787530899048
INFO: Checkpoint 3000 saved !
INFO: Step:3000, Valid_Dice:0.0
INFO: 3010 0.07537788152694702
INFO: 3020 0.0694839134812355
INFO: 3030 0.0820777490735054
INFO: 3040 0.07927917689085007
INFO: 3050 0.06985440105199814
INFO: 3060 0.10366286337375641
INFO: 3070 0.10477954149246216
INFO: 3080 0.08158451318740845
INFO: 3090 0.07580842077732086
INFO: 3100 0.13529172539710999
INFO: 3110 0.06517735123634338
INFO: 3120 0.08120030164718628
INFO: 3130 0.12202617526054382
INFO: 3140 0.0904025211930275
INFO: 3150 0.08497823774814606
INFO: 3160 0.13662602007389069
INFO: 3170 0.08443007618188858
INFO: 3180 0.04604720324277878
INFO: 3190 0.09042400866746902
INFO: 3200 0.06508152186870575
INFO: 3210 0.10555466264486313
INFO: 3220 0.10613361746072769
INFO: 3230 0.07545273751020432
INFO: 3240 0.19880294799804688
INFO: 3250 0.07799306511878967
INFO: 3260 0.05640100687742233
INFO: 3270 0.0716901496052742
INFO: 3280 0.06237111985683441
INFO: 3290 0.1141103059053421
INFO: 3300 0.06366387009620667
INFO: 3310 0.10509701818227768
INFO: 3320 0.08019433915615082
INFO: 3330 0.10636211186647415
INFO: 3340 0.08343055099248886
INFO: 3350 0.12580402195453644
INFO: 3360 0.1052870973944664
INFO: 3370 0.10396730899810791
INFO: 3380 0.133514404296875
INFO: 3390 0.0683130994439125
INFO: 3400 0.07682546228170395
INFO: 3410 0.16691216826438904
INFO: 3420 0.08372125774621964
INFO: 3430 0.055722422897815704
INFO: 3440 0.07324198633432388
INFO: 3450 0.07743624597787857
INFO: 3460 0.053875360637903214
INFO: 3470 0.11905428767204285
INFO: 3480 0.09794100373983383
INFO: 3490 0.08725550025701523
INFO: 3500 0.06638336181640625
INFO: Checkpoint 3500 saved !
INFO: Step:3500, Valid_Dice:0.010001226883354461
INFO: 3510 0.07951410114765167
INFO: 3520 0.09018611162900925
INFO: 3530 0.09158376604318619
INFO: 3540 0.07404816895723343
INFO: 3550 0.07247983664274216
INFO: 3560 0.11713677644729614
INFO: 3570 0.07646238803863525
INFO: 3580 0.07289054244756699
INFO: 3590 0.11472462117671967
INFO: 3600 0.08067358285188675
INFO: 3610 0.08157119899988174
INFO: 3620 0.11347819864749908
INFO: 3630 0.08414727449417114
INFO: 3640 0.0957818478345871
INFO: 3650 0.09542210400104523
INFO: 3660 0.06982588022947311
INFO: 3670 0.06954743713140488
INFO: 3680 0.08453487604856491
INFO: 3690 0.06544401496648788
INFO: 3700 0.06689745932817459
INFO: 3710 0.10467005521059036
INFO: 3720 0.11879212409257889
INFO: 3730 0.05885396897792816
INFO: 3740 0.07385583221912384
INFO: 3750 0.07794731110334396
INFO: 3760 0.07394915819168091
INFO: 3770 0.06431414932012558
INFO: 3780 0.13692039251327515
INFO: 3790 0.08077322691679001
INFO: 3800 0.07998322695493698
INFO: 3810 0.07387014478445053
INFO: 3820 0.06927276402711868
INFO: 3830 0.07778964191675186
INFO: 3840 0.05946928262710571
INFO: 3850 0.15135948359966278
INFO: 3860 0.07165417820215225
INFO: 3870 0.08039788156747818
INFO: 3880 0.053647398948669434
INFO: 3890 0.08083487302064896
INFO: 3900 0.06657728552818298
INFO: 3910 0.08078237622976303
INFO: 3920 0.06446696817874908
INFO: 3930 0.072993203997612
INFO: 3940 0.06451848149299622
INFO: 3950 0.12299838662147522
INFO: 3960 0.0755758211016655
INFO: 3970 0.08379406481981277
INFO: 3980 0.054478779435157776
INFO: 3990 0.11736194789409637
INFO: 4000 0.06586741656064987
INFO: Checkpoint 4000 saved !
INFO: Step:4000, Valid_Dice:0.0001527035033579261
INFO: 4010 0.08097581565380096
INFO: 4020 0.08373492956161499
INFO: 4030 0.08808859437704086
INFO: 4040 0.11767285317182541
INFO: 4050 0.08490186929702759
INFO: 4060 0.07408908754587173
INFO: 4070 0.09514180570840836
INFO: 4080 0.1006447970867157
INFO: 4090 0.06747100502252579
INFO: 4100 0.08300281316041946
INFO: 4110 0.06935455650091171
INFO: 4120 0.05616023391485214
INFO: 4130 0.10118447989225388
INFO: 4140 0.05890744552016258
INFO: 4150 0.1010807529091835
INFO: 4160 0.11508151888847351
INFO: 4170 0.08657611161470413
INFO: 4180 0.08787119388580322
INFO: 4190 0.06106569990515709
INFO: 4200 0.07630874216556549
INFO: 4210 0.08191027492284775
INFO: 4220 0.1544020026922226
INFO: 4230 0.19901317358016968
INFO: 4240 0.08089326322078705
INFO: 4250 0.08457619696855545
INFO: 4260 0.061475902795791626
INFO: 4270 0.08473668992519379
INFO: 4280 0.07474061101675034
INFO: 4290 0.07360579818487167
INFO: 4300 0.09243790060281754
INFO: 4310 0.2110161930322647
INFO: 4320 0.0574522465467453
INFO: 4330 0.07528678327798843
INFO: 4340 0.06464333832263947
INFO: 4350 0.07804595679044724
INFO: 4360 0.05698845162987709
INFO: 4370 0.08191873133182526
INFO: 4380 0.11624342203140259
INFO: 4390 0.07263168692588806
INFO: 4400 0.05813394859433174
INFO: 4410 0.07546035200357437
INFO: 4420 0.095603346824646
INFO: 4430 0.08096946030855179
INFO: 4440 0.0916229635477066
INFO: 4450 0.06595229357481003
INFO: 4460 0.06073890998959541
INFO: 4470 0.06410345435142517
INFO: 4480 0.05516044795513153
INFO: 4490 0.09444037824869156
INFO: 4500 0.07754544913768768
INFO: Checkpoint 4500 saved !
INFO: Step:4500, Valid_Dice:0.05716906192913669
INFO: 4510 0.07015274465084076
INFO: 4520 0.09329670667648315
INFO: 4530 0.10294439643621445
INFO: 4540 0.08676305413246155
INFO: 4550 0.06378564238548279
INFO: 4560 0.08577562868595123
INFO: 4570 0.10854601114988327
INFO: 4580 0.06885480135679245
INFO: 4590 0.17174053192138672
INFO: 4600 0.07103344798088074
INFO: 4610 0.11060178279876709
INFO: 4620 0.10068746656179428
INFO: 4630 0.0643749013543129
INFO: 4640 0.07783016562461853
INFO: 4650 0.07836025208234787
INFO: 4660 0.06445302814245224
INFO: 4670 0.07679517567157745
INFO: 4680 0.06374843418598175
INFO: 4690 0.08717216551303864
INFO: 4700 0.07120843231678009
INFO: 4710 0.09427318722009659
INFO: 4720 0.0748937800526619
INFO: 4730 0.040011316537857056
INFO: 4740 0.09257129579782486
INFO: 4750 0.18268601596355438
INFO: 4760 0.09431258589029312
INFO: 4770 0.0653316006064415
INFO: 4780 0.08051600307226181
INFO: 4790 0.08452462404966354
INFO: 4800 0.15206873416900635
INFO: 4810 0.0844106450676918
INFO: 4820 0.08666478097438812
INFO: 4830 0.06013818830251694
INFO: 4840 0.08379794657230377
INFO: 4850 0.06989064067602158
INFO: 4860 0.07395738363265991
INFO: 4870 0.0831822007894516
INFO: 4880 0.08672396093606949
INFO: 4890 0.07510343939065933
INFO: 4900 0.04193022474646568
INFO: 4910 0.08336678147315979
INFO: 4920 0.08810821175575256
INFO: 4930 0.0658920407295227
INFO: 4940 0.089816614985466
INFO: 4950 0.08919552713632584
INFO: 4960 0.07153205573558807
INFO: 4970 0.06435272097587585
INFO: 4980 0.061655692756175995
INFO: 4990 0.06814408302307129
INFO: 5000 0.0446045882999897
INFO: Checkpoint 5000 saved !
INFO: Step:5000, Valid_Dice:0.02164414235748178
INFO: 5010 0.07938321679830551
INFO: 5020 0.14217720925807953
INFO: 5030 0.07811182737350464
INFO: 5040 0.06839936971664429
INFO: 5050 0.060310766100883484
INFO: 5060 0.15087737143039703
INFO: 5070 0.08613547682762146
INFO: 5080 0.09312555938959122
INFO: 5090 0.06609546393156052
INFO: 5100 0.10645198822021484
INFO: 5110 0.07936634868383408
INFO: 5120 0.09173096716403961
INFO: 5130 0.06685179471969604
INFO: 5140 0.09712610393762589
INFO: 5150 0.05659865587949753
INFO: 5160 0.0991806611418724
INFO: 5170 0.10801757872104645
INFO: 5180 0.06403683125972748
INFO: 5190 0.09861498326063156
INFO: 5200 0.08798829466104507
INFO: 5210 0.07683224231004715
INFO: 5220 0.05907899886369705
INFO: 5230 0.07011976093053818
INFO: 5240 0.08316514641046524
INFO: 5250 0.13653436303138733
INFO: 5260 0.06105935201048851
INFO: 5270 0.0966658666729927
INFO: 5280 0.0804656371474266
INFO: 5290 0.08868289738893509
INFO: 5300 0.07921116054058075
INFO: 5310 0.05267885699868202
INFO: 5320 0.07417085766792297
INFO: 5330 0.07619482278823853
INFO: 5340 0.06764009594917297
INFO: 5350 0.0925484150648117
INFO: 5360 0.08132047951221466
INFO: 5370 0.07040546834468842
INFO: 5380 0.06867311894893646
INFO: 5390 0.1141815185546875
INFO: 5400 0.05696842819452286
INFO: 5410 0.06856326758861542
INFO: 5420 0.06880700588226318
INFO: 5430 0.11357640475034714
INFO: 5440 0.08776842057704926
INFO: 5450 0.051237769424915314
INFO: 5460 0.09861109405755997
INFO: 5470 0.07108236104249954
INFO: 5480 0.07019459456205368
INFO: 5490 0.09680462628602982
INFO: 5500 0.05841458588838577
INFO: Checkpoint 5500 saved !
INFO: Step:5500, Valid_Dice:0.011907967910179191
INFO: 5510 0.06494135409593582
INFO: 5520 0.07433449476957321
INFO: 5530 0.07427611947059631
INFO: 5540 0.058413200080394745
INFO: 5550 0.08603005856275558
INFO: 5560 0.08020558208227158
INFO: 5570 0.09338784217834473
INFO: 5580 0.0714748278260231
INFO: 5590 0.04463512450456619
INFO: 5600 0.06741855293512344
INFO: 5610 0.08220227807760239
INFO: 5620 0.05820529907941818
INFO: 5630 0.05793101713061333
INFO: 5640 0.06639501452445984
INFO: 5650 0.07748059928417206
INFO: 5660 0.10353720933198929
INFO: 5670 0.1051281988620758
INFO: 5680 0.05108791962265968
INFO: 5690 0.11590561270713806
INFO: 5700 0.10080751031637192
INFO: 5710 0.1067546159029007
INFO: 5720 0.0797024816274643
INFO: 5730 0.07366185635328293
INFO: 5740 0.11840617656707764
INFO: 5750 0.08275409042835236
INFO: 5760 0.09735442698001862
INFO: 5770 0.06691358983516693
INFO: 5780 0.06709568202495575
INFO: 5790 0.057149890810251236
INFO: 5800 0.09669091552495956
INFO: 5810 0.075637087225914
INFO: 5820 0.1027720496058464
INFO: 5830 0.07217032462358475
INFO: 5840 0.052633702754974365
INFO: 5850 0.07247772067785263
INFO: 5860 0.0714377835392952
INFO: 5870 0.097122423350811
INFO: 5880 0.07102223485708237
INFO: 5890 0.09040834754705429
INFO: 5900 0.1348138153553009
INFO: 5910 0.08309775590896606
INFO: 5920 0.06827399134635925
INFO: 5930 0.07384634763002396
INFO: 5940 0.07217138260602951
INFO: 5950 0.09855666756629944
INFO: 5960 0.09683747589588165
INFO: 5970 0.1407473385334015
INFO: 5980 0.07655800879001617
INFO: 5990 0.03838741406798363
INFO: 6000 0.05860322341322899
INFO: Checkpoint 6000 saved !
INFO: Step:6000, Valid_Dice:0.0
INFO: 6010 0.11094319075345993
INFO: 6020 0.1307746320962906
INFO: 6030 0.07101378589868546
INFO: 6040 0.09399428963661194
INFO: 6050 0.06290663778781891
INFO: 6060 0.11100195348262787
INFO: 6070 0.11660660058259964
INFO: 6080 0.08560251444578171
INFO: 6090 0.07371194660663605
INFO: 6100 0.0677233561873436
INFO: 6110 0.05257681384682655
INFO: 6120 0.0782179906964302
INFO: 6130 0.10070382058620453
INFO: 6140 0.07658763229846954
INFO: 6150 0.05889878049492836
INFO: 6160 0.05962388962507248
INFO: 6170 0.0597354918718338
INFO: 6180 0.07582789659500122
INFO: 6190 0.12389956414699554
INFO: 6200 0.06029938906431198
INFO: 6210 0.06119531765580177
INFO: 6220 0.08556640893220901
INFO: 6230 0.06471741944551468
INFO: 6240 0.07874219119548798
INFO: 6250 0.07184863090515137
INFO: 6260 0.076632559299469
INFO: 6270 0.07934314012527466
INFO: 6280 0.08013913035392761
INFO: 6290 0.07676111906766891
INFO: 6300 0.08884590119123459
INFO: 6310 0.06027491018176079
INFO: 6320 0.08172428607940674
INFO: 6330 0.06996257603168488
INFO: 6340 0.0491846464574337
INFO: 6350 0.0735979750752449
INFO: 6360 0.14066970348358154
INFO: 6370 0.056009888648986816
INFO: 6380 0.06778198480606079
INFO: 6390 0.06610450148582458
INFO: 6400 0.06213640049099922
INFO: 6410 0.06204533576965332
INFO: 6420 0.06587044894695282
INFO: 6430 0.05438264086842537
INFO: 6440 0.0687849149107933
INFO: 6450 0.07342976331710815
INFO: 6460 0.06378109008073807
INFO: 6470 0.05104108899831772
INFO: 6480 0.08108434081077576
INFO: 6490 0.07101815193891525
INFO: 6500 0.09709262102842331
INFO: Checkpoint 6500 saved !
INFO: Step:6500, Valid_Dice:0.00035155193561257366
INFO: 6510 0.07029563188552856
INFO: 6520 0.05391247570514679
INFO: 6530 0.06474649161100388
INFO: 6540 0.07078078389167786
INFO: 6550 0.11321398615837097
INFO: 6560 0.07163777947425842
INFO: 6570 0.1411893516778946
INFO: 6580 0.08210400491952896
INFO: 6590 0.06418290734291077
INFO: 6600 0.060439229011535645
INFO: 6610 0.0690176859498024
INFO: 6620 0.14204321801662445
INFO: 6630 0.09301509708166122
INFO: 6640 0.07287503778934479
INFO: 6650 0.07419469952583313
INFO: 6660 0.09879004955291748
INFO: 6670 0.09862881898880005
INFO: 6680 0.07376974821090698
INFO: 6690 0.07046598196029663
INFO: 6700 0.09570790827274323
INFO: 6710 0.05059390142560005
INFO: 6720 0.08370169997215271
INFO: 6730 0.05597750097513199
INFO: 6740 0.09862682968378067
INFO: 6750 0.09612792730331421
INFO: 6760 0.06120603531599045
INFO: 6770 0.05950629711151123
INFO: 6780 0.07400710135698318
INFO: 6790 0.08002696931362152
INFO: 6800 0.05439683794975281
INFO: 6810 0.11884277313947678
INFO: 6820 0.062209468334913254
INFO: 6830 0.12030366063117981
INFO: 6840 0.07036115974187851
INFO: 6850 0.10531573742628098
INFO: 6860 0.05909037962555885
INFO: 6870 0.07912427186965942
INFO: 6880 0.05116605386137962
INFO: 6890 0.0511331707239151
INFO: 6900 0.08578614145517349
INFO: 6910 0.1034555435180664
INFO: 6920 0.08890316635370255
INFO: 6930 0.06560218334197998
INFO: 6940 0.0640992820262909
INFO: 6950 0.1597035825252533
INFO: 6960 0.07560692727565765
INFO: 6970 0.06525684893131256
INFO: 6980 0.07201055437326431
INFO: 6990 0.09715836495161057
INFO: 7000 0.05875375494360924
INFO: Checkpoint 7000 saved !
INFO: Step:7000, Valid_Dice:0.0017931577636331783
INFO: 7010 0.05984572693705559
INFO: 7020 0.059675563126802444
INFO: 7030 0.0789748802781105
INFO: 7040 0.07883933186531067
INFO: 7050 0.05383768305182457
INFO: 7060 0.05085338279604912
INFO: 7070 0.09293000400066376
INFO: 7080 0.11852153390645981
INFO: 7090 0.12166335433721542
INFO: 7100 0.05268607288599014
INFO: 7110 0.10181728005409241
INFO: 7120 0.05405787378549576
INFO: 7130 0.11728248000144958
INFO: 7140 0.05434746667742729
INFO: 7150 0.11785737425088882
INFO: 7160 0.15920224785804749
INFO: 7170 0.07113796472549438
INFO: 7180 0.2391413152217865
INFO: 7190 0.10102328658103943
INFO: 7200 0.07561399787664413
INFO: 7210 0.11649240553379059
INFO: 7220 0.06371264904737473
INFO: 7230 0.059344738721847534
INFO: 7240 0.06579375267028809
INFO: 7250 0.05395001173019409
INFO: 7260 0.06944143027067184
INFO: 7270 0.07844140380620956
INFO: 7280 0.07835454493761063
INFO: 7290 0.1370384693145752
INFO: 7300 0.06693810969591141
INFO: 7310 0.06291376054286957
INFO: 7320 0.08066829293966293
INFO: 7330 0.07806508988142014
INFO: 7340 0.08797261863946915
INFO: 7350 0.07758205384016037
INFO: 7360 0.15714627504348755
INFO: 7370 0.06108269467949867
INFO: 7380 0.059162892401218414
INFO: 7390 0.03832941874861717
INFO: 7400 0.09224409610033035
INFO: 7410 0.08215297013521194
INFO: 7420 0.0635514184832573
INFO: 7430 0.06935301423072815
INFO: 7440 0.12138454616069794
INFO: 7450 0.0901593416929245
INFO: 7460 0.07182211428880692
INFO: 7470 0.07412253320217133
INFO: 7480 0.19000354409217834
INFO: 7490 0.05808107927441597
INFO: 7500 0.0684649795293808
INFO: Checkpoint 7500 saved !
INFO: Step:7500, Valid_Dice:0.004380315121159103
INFO: 7510 0.061576832085847855
INFO: 7520 0.05704261362552643
INFO: 7530 0.07964452356100082
INFO: 7540 0.048474330455064774
INFO: 7550 0.05729019641876221
INFO: 7560 0.07050809264183044
INFO: 7570 0.1450669765472412
INFO: 7580 0.08487240225076675
INFO: 7590 0.0831325501203537
INFO: 7600 0.08434607833623886
INFO: 7610 0.06377507001161575
INFO: 7620 0.10266696661710739
INFO: 7630 0.0947829931974411
INFO: 7640 0.05871856212615967
INFO: 7650 0.0639520063996315
INFO: 7660 0.10192012786865234
INFO: 7670 0.09013345092535019
INFO: 7680 0.054617028683423996
INFO: 7690 0.06476631760597229
INFO: 7700 0.059275537729263306
INFO: 7710 0.09202151745557785
INFO: 7720 0.07714898139238358
INFO: 7730 0.06252411752939224
INFO: 7740 0.06006184592843056
INFO: 7750 0.09004446864128113
INFO: 7760 0.09569554775953293
INFO: 7770 0.08264703303575516
INFO: 7780 0.08054126799106598
INFO: 7790 0.06031949445605278
INFO: 7800 0.07298967242240906
INFO: 7810 0.06167270615696907
INFO: 7820 0.06001449003815651
INFO: 7830 0.07392723858356476
INFO: 7840 0.09304505586624146
INFO: 7850 0.06430850923061371
INFO: 7860 0.06305954605340958
INFO: 7870 0.051962029188871384
INFO: 7880 0.11718405783176422
INFO: 7890 0.055964503437280655
INFO: 7900 0.100369393825531
INFO: 7910 0.05725870281457901
INFO: 7920 0.054642219096422195
INFO: 7930 0.09138210862874985
INFO: 7940 0.07751303911209106
INFO: 7950 0.05836887285113335
INFO: 7960 0.0771438255906105
INFO: 7970 0.053773265331983566
INFO: 7980 0.07293830066919327
INFO: 7990 0.06752040982246399
INFO: 8000 0.07087746262550354
INFO: Checkpoint 8000 saved !
INFO: Step:8000, Valid_Dice:0.04775679605918471
INFO: 8010 0.07109826058149338
INFO: 8020 0.05617669224739075
INFO: 8030 0.09043429046869278
INFO: 8040 0.08033828437328339
INFO: 8050 0.08515167236328125
INFO: 8060 0.05771919712424278
INFO: 8070 0.055446844547986984
INFO: 8080 0.0997714102268219
INFO: 8090 0.08192720264196396
INFO: 8100 0.06957040727138519
INFO: 8110 0.06397777050733566
INFO: 8120 0.05658208578824997
INFO: 8130 0.05134613811969757
INFO: 8140 0.05380083620548248
INFO: 8150 0.051171399652957916
INFO: 8160 0.04824894666671753
INFO: 8170 0.060493871569633484
INFO: 8180 0.1097550019621849
INFO: 8190 0.08921077847480774
INFO: 8200 0.0780855193734169
INFO: 8210 0.0525892935693264
INFO: 8220 0.0634540468454361
INFO: 8230 0.12435561418533325
INFO: 8240 0.07978127151727676
INFO: 8250 0.08146588504314423
INFO: 8260 0.07266944646835327
INFO: 8270 0.04960423335433006
INFO: 8280 0.05768246948719025
INFO: 8290 0.07363447546958923
INFO: 8300 0.06793371587991714
INFO: 8310 0.12085245549678802
INFO: 8320 0.08241827040910721
INFO: 8330 0.049980003386735916
INFO: 8340 0.0876912996172905
INFO: 8350 0.05983172729611397
INFO: 8360 0.07069721817970276
INFO: 8370 0.09080398827791214
INFO: 8380 0.06660041213035583
INFO: 8390 0.08513346314430237
INFO: 8400 0.06232837960124016
INFO: 8410 0.05748126283288002
INFO: 8420 0.08010424673557281
INFO: 8430 0.05650373548269272
INFO: 8440 0.07015367597341537
INFO: 8450 0.11767080426216125
INFO: 8460 0.14529310166835785
INFO: 8470 0.0599723644554615
INFO: 8480 0.07471756637096405
INFO: 8490 0.0657675638794899
INFO: 8500 0.08167768269777298
INFO: Checkpoint 8500 saved !
INFO: Step:8500, Valid_Dice:0.0034507052118454584
INFO: 8510 0.0737905502319336
INFO: 8520 0.06406821310520172
INFO: 8530 0.10128389298915863
INFO: 8540 0.07447198778390884
INFO: 8550 0.07376828044652939
INFO: 8560 0.07270359992980957
INFO: 8570 0.0690036192536354
INFO: 8580 0.04962095245718956
INFO: 8590 0.08863337337970734
INFO: 8600 0.133829265832901
INFO: 8610 0.06738979369401932
INFO: 8620 0.052821021527051926
INFO: 8630 0.11112203449010849
INFO: 8640 0.04742421582341194
INFO: 8650 0.10461121797561646
INFO: 8660 0.11381755024194717
INFO: 8670 0.08365488797426224
INFO: 8680 0.06743195652961731
INFO: 8690 0.07667066901922226
INFO: 8700 0.10766410082578659
INFO: 8710 0.07753390073776245
INFO: 8720 0.0971577912569046
INFO: 8730 0.07961097359657288
INFO: 8740 0.059225428849458694
INFO: 8750 0.06202070787549019
INFO: 8760 0.060635484755039215
INFO: 8770 0.05800718814134598
INFO: 8780 0.06555430591106415
INFO: 8790 0.06369823217391968
INFO: 8800 0.09968098998069763
INFO: 8810 0.07536105811595917
INFO: 8820 0.07205965369939804
INFO: 8830 0.046099644154310226
INFO: 8840 0.0898909866809845
INFO: 8850 0.0686468631029129
INFO: 8860 0.04804757982492447
INFO: 8870 0.06983038038015366
INFO: 8880 0.04877326264977455
INFO: 8890 0.06140153855085373
INFO: 8900 0.06555517017841339
INFO: 8910 0.05780676379799843
INFO: 8920 0.06870073825120926
INFO: 8930 0.14256195724010468
INFO: 8940 0.08560947328805923
INFO: 8950 0.09716427326202393
INFO: 8960 0.05715211108326912
INFO: 8970 0.08588907867670059
INFO: 8980 0.07559008151292801
INFO: 8990 0.05203402787446976
INFO: 9000 0.04958314076066017
INFO: Checkpoint 9000 saved !
INFO: Step:9000, Valid_Dice:0.03817936829373572
INFO: 9010 0.09194578975439072
INFO: 9020 0.06237746402621269
INFO: 9030 0.10348249226808548
INFO: 9040 0.06465858221054077
INFO: 9050 0.0780968964099884
INFO: 9060 0.07642804831266403
INFO: 9070 0.06410542130470276
INFO: 9080 0.08126918971538544
INFO: 9090 0.07595653086900711
INFO: 9100 0.07829707115888596
INFO: 9110 0.07544314116239548
INFO: 9120 0.07371445000171661
INFO: 9130 0.07131040841341019
INFO: 9140 0.06775466352701187
INFO: 9150 0.07225704193115234
INFO: 9160 0.0755150243639946
INFO: 9170 0.07024861872196198
INFO: 9180 0.08307027816772461
INFO: 9190 0.07105472683906555
INFO: 9200 0.07920169830322266
INFO: 9210 0.06160445511341095
INFO: 9220 0.11735609173774719
INFO: 9230 0.06687057018280029
INFO: 9240 0.07644326984882355
INFO: 9250 0.09137041866779327
INFO: 9260 0.05558716878294945
INFO: 9270 0.08619121462106705
INFO: 9280 0.05561729148030281
INFO: 9290 0.07518281042575836
INFO: 9300 0.08135285973548889
INFO: 9310 0.06344814598560333
INFO: 9320 0.07332389056682587
INFO: 9330 0.055889423936605453
INFO: 9340 0.12319951504468918
INFO: 9350 0.05339633300900459
INFO: 9360 0.06444072723388672
INFO: 9370 0.05516566336154938
INFO: 9380 0.07189445942640305
INFO: 9390 0.10072097927331924
INFO: 9400 0.06096506863832474
INFO: 9410 0.051155488938093185
INFO: 9420 0.0622624009847641
INFO: 9430 0.08959732949733734
INFO: 9440 0.16303394734859467
INFO: 9450 0.08105440437793732
INFO: 9460 0.07766517251729965
INFO: 9470 0.10766395181417465
INFO: 9480 0.07940328121185303
INFO: 9490 0.0886576697230339
INFO: 9500 0.07508406043052673
INFO: Checkpoint 9500 saved !
INFO: Step:9500, Valid_Dice:0.0008606241486403398
INFO: 9510 0.06750091910362244
INFO: 9520 0.07628557085990906
INFO: 9530 0.07993520051240921
INFO: 9540 0.08387232571840286
INFO: 9550 0.15117581188678741
INFO: 9560 0.05723012611269951
INFO: 9570 0.062342189252376556
INFO: 9580 0.05233136564493179
INFO: 9590 0.07480619847774506
INFO: 9600 0.061251550912857056
INFO: 9610 0.057095494121313095
INFO: 9620 0.06841854006052017
INFO: 9630 0.11334870755672455
INFO: 9640 0.065445676445961
INFO: 9650 0.1005878895521164
INFO: 9660 0.0646938756108284
INFO: 9670 0.07506068050861359
INFO: 9680 0.05311911553144455
INFO: 9690 0.08587563037872314
INFO: 9700 0.05738728493452072
INFO: 9710 0.0670585110783577
INFO: 9720 0.04997662827372551
INFO: 9730 0.058949146419763565
INFO: 9740 0.15104550123214722
INFO: 9750 0.0759756863117218
INFO: 9760 0.08470574021339417
INFO: 9770 0.10442817211151123
INFO: 9780 0.07626067847013474
INFO: 9790 0.07309263944625854
INFO: 9800 0.0625438466668129
INFO: 9810 0.06640690565109253
INFO: 9820 0.05611259862780571
INFO: 9830 0.06597532331943512
INFO: 9840 0.06137070432305336
INFO: 9850 0.06165941804647446
INFO: 9860 0.06288307160139084
INFO: 9870 0.0680905431509018
INFO: 9880 0.0720481127500534
INFO: 9890 0.10992661118507385
INFO: 9900 0.05238894000649452
INFO: 9910 0.08192138373851776
INFO: 9920 0.0639725923538208
INFO: 9930 0.07803075015544891
INFO: 9940 0.07826759666204453
INFO: 9950 0.044066961854696274
INFO: 9960 0.14083725214004517
INFO: 9970 0.0755896121263504
INFO: 9980 0.06194782257080078
INFO: 9990 0.06872562319040298
INFO: 10000 0.09250994771718979
INFO: Checkpoint 10000 saved !
INFO: Step:10000, Valid_Dice:0.008525052727605096
INFO: 10010 0.07297807931900024
INFO: 10020 0.08869908004999161
INFO: 10030 0.0756252110004425
INFO: 10040 0.0808832123875618
INFO: 10050 0.09692426770925522
INFO: 10060 0.04635332152247429
INFO: 10070 0.1013021394610405
INFO: 10080 0.06196073070168495
INFO: 10090 0.07196605205535889
INFO: 10100 0.07095760852098465
INFO: 10110 0.06589210033416748
INFO: 10120 0.055267833173274994
INFO: 10130 0.07447721809148788
INFO: 10140 0.07657676935195923
INFO: 10150 0.06588787585496902
INFO: 10160 0.05891337990760803
INFO: 10170 0.07670982927083969
INFO: 10180 0.06736568361520767
INFO: 10190 0.07627234607934952
INFO: 10200 0.07537762820720673
INFO: 10210 0.07149220257997513
INFO: 10220 0.06436122953891754
INFO: 10230 0.049599334597587585
INFO: 10240 0.0639885887503624
INFO: 10250 0.08634831756353378
INFO: 10260 0.06797922402620316
INFO: 10270 0.11019229888916016
INFO: 10280 0.061185963451862335
INFO: 10290 0.0711226612329483
INFO: 10300 0.058820031583309174
INFO: 10310 0.06608518213033676
INFO: 10320 0.07471462339162827
INFO: 10330 0.06442293524742126
INFO: 10340 0.052168071269989014
INFO: 10350 0.08584573119878769
INFO: 10360 0.09244992583990097
INFO: 10370 0.06617431342601776
INFO: 10380 0.05514248088002205
INFO: 10390 0.08175139129161835
INFO: 10400 0.04981738328933716
INFO: 10410 0.05744023993611336
INFO: 10420 0.09356333315372467
INFO: 10430 0.10981191694736481
INFO: 10440 0.06464182585477829
INFO: 10450 0.10711482167243958
INFO: 10460 0.058479201048612595
INFO: 10470 0.07436636090278625
INFO: 10480 0.06311590224504471
INFO: 10490 0.07156562805175781
INFO: 10500 0.07990853488445282
INFO: Checkpoint 10500 saved !
INFO: Step:10500, Valid_Dice:0.035318226276218515
INFO: 10510 0.06080705672502518
INFO: 10520 0.06826391816139221
INFO: 10530 0.07620340585708618
INFO: 10540 0.060563825070858
INFO: 10550 0.07081741094589233
INFO: 10560 0.06478296965360641
INFO: 10570 0.05727516487240791
INFO: 10580 0.06278055161237717
INFO: 10590 0.057583216577768326
INFO: 10600 0.075877845287323
INFO: 10610 0.05765467509627342
INFO: 10620 0.06197972595691681
INFO: 10630 0.07544257491827011
INFO: 10640 0.06711278110742569
INFO: 10650 0.0683586448431015
INFO: 10660 0.07887419313192368
INFO: 10670 0.042306773364543915
INFO: 10680 0.0705762580037117
INFO: 10690 0.08347142487764359
INFO: 10700 0.08918138593435287
INFO: 10710 0.07258877903223038
INFO: 10720 0.04853517562150955
INFO: 10730 0.0682477355003357
INFO: 10740 0.04521181434392929
INFO: 10750 0.060072045773267746
INFO: 10760 0.08667290955781937
INFO: 10770 0.1016487330198288
INFO: 10780 0.04785449057817459
INFO: 10790 0.07876244932413101
INFO: 10800 0.07232308387756348
INFO: 10810 0.06189204007387161
INFO: 10820 0.06881524622440338
INFO: 10830 0.0838036835193634
INFO: 10840 0.08118333667516708
INFO: 10850 0.05679377540946007
INFO: 10860 0.06575224548578262
INFO: 10870 0.07274149358272552
INFO: 10880 0.058282218873500824
INFO: 10890 0.06812714040279388
INFO: 10900 0.051653698086738586
INFO: 10910 0.07296980172395706
INFO: 10920 0.07721162587404251
INFO: 10930 0.06671623885631561
INFO: 10940 0.10948361456394196
INFO: 10950 0.06598352640867233
INFO: 10960 0.0425192266702652
INFO: 10970 0.07431861758232117
INFO: 10980 0.07801570743322372
INFO: 10990 0.052941642701625824
INFO: 11000 0.06339696049690247
INFO: Checkpoint 11000 saved !
INFO: Step:11000, Valid_Dice:0.002018276273912216
INFO: 11010 0.06807035952806473
INFO: 11020 0.09640759974718094
INFO: 11030 0.08509092032909393
INFO: 11040 0.06271333247423172
INFO: 11050 0.04795713350176811
INFO: 11060 0.06467269361019135
INFO: 11070 0.05557197332382202
INFO: 11080 0.09342696517705917
INFO: 11090 0.0620596669614315
INFO: 11100 0.05484623461961746
INFO: 11110 0.06438714265823364
INFO: 11120 0.05575614050030708
INFO: 11130 0.08145268261432648
INFO: 11140 0.05041511356830597
INFO: 11150 0.06355004757642746
INFO: 11160 0.1309911012649536
INFO: 11170 0.052298326045274734
INFO: 11180 0.05906367301940918
INFO: 11190 0.09443263709545135
INFO: 11200 0.07069792598485947
INFO: 11210 0.06072280928492546
INFO: 11220 0.053358495235443115
INFO: 11230 0.061419617384672165
INFO: 11240 0.06857826560735703
INFO: 11250 0.05164247006177902
INFO: 11260 0.058138396590948105
INFO: 11270 0.06562694907188416
INFO: 11280 0.040061306208372116
INFO: 11290 0.09040770679712296
INFO: 11300 0.07069256901741028
INFO: 11310 0.08107665926218033
INFO: 11320 0.08447502553462982
INFO: 11330 0.10477714985609055
INFO: 11340 0.058316584676504135
INFO: 11350 0.0716511607170105
INFO: 11360 0.05345660448074341
INFO: 11370 0.05979577451944351
INFO: 11380 0.07002384960651398
INFO: 11390 0.08546986430883408
INFO: 11400 0.07972259819507599
INFO: 11410 0.06785517930984497
INFO: 11420 0.07123374938964844
INFO: 11430 0.05955805629491806
INFO: 11440 0.08313106000423431
INFO: 11450 0.08513479679822922
INFO: 11460 0.10639128088951111
INFO: 11470 0.07191196084022522
INFO: 11480 0.080577053129673
INFO: 11490 0.07552611082792282
INFO: 11500 0.05183437466621399
INFO: Checkpoint 11500 saved !
INFO: Step:11500, Valid_Dice:0.06205346694029423
INFO: 11510 0.05112829431891441
INFO: 11520 0.07312797755002975
INFO: 11530 0.06578812748193741
INFO: 11540 0.0669957622885704
INFO: 11550 0.041041746735572815
INFO: 11560 0.08813712000846863
INFO: 11570 0.0881003811955452
INFO: 11580 0.062427081167697906
INFO: 11590 0.08717212826013565
INFO: 11600 0.12618359923362732
INFO: 11610 0.05480086803436279
INFO: 11620 0.0978027805685997
INFO: 11630 0.06961485743522644
INFO: 11640 0.07323066145181656
INFO: 11650 0.0837341770529747
INFO: 11660 0.06001594290137291
INFO: 11670 0.11959469318389893
INFO: 11680 0.05093170329928398
INFO: 11690 0.06733730435371399
INFO: 11700 0.08848654478788376
INFO: 11710 0.056845299899578094
INFO: 11720 0.07771672308444977
INFO: 11730 0.08542705327272415
INFO: 11740 0.08832220733165741
INFO: 11750 0.09909655898809433
INFO: 11760 0.05293133109807968
INFO: 11770 0.056080412119627
INFO: 11780 0.06939574331045151
INFO: 11790 0.07281143218278885
INFO: 11800 0.06252063065767288
INFO: 11810 0.0740157812833786
INFO: 11820 0.0576147697865963
INFO: 11830 0.06656813621520996
INFO: 11840 0.058354321867227554
INFO: 11850 0.06019667908549309
INFO: 11860 0.08043869584798813
INFO: 11870 0.05743725597858429
INFO: 11880 0.08551879972219467
INFO: 11890 0.06053737923502922
INFO: 11900 0.0657917931675911
INFO: 11910 0.06964605301618576
INFO: 11920 0.029095135629177094
INFO: 11930 0.047901663929224014
INFO: 11940 0.06299479305744171
INFO: 11950 0.07734153419733047
INFO: 11960 0.10775120556354523
INFO: 11970 0.0908556878566742
INFO: 11980 0.051969774067401886
INFO: 11990 0.05578043311834335
INFO: 12000 0.0692446380853653
INFO: Checkpoint 12000 saved !
INFO: Step:12000, Valid_Dice:0.002457504277199756
INFO: 12010 0.06267570704221725
INFO: 12020 0.06884272396564484
INFO: 12030 0.0675818994641304
INFO: 12040 0.10210763663053513
INFO: 12050 0.08149930834770203
INFO: 12060 0.05136891454458237
INFO: 12070 0.20914778113365173
INFO: 12080 0.05228640139102936
INFO: 12090 0.06456152349710464
INFO: 12100 0.04037494212388992
INFO: 12110 0.07091227173805237
INFO: 12120 0.09818725287914276
INFO: 12130 0.05489790812134743
INFO: 12140 0.04456121474504471
INFO: 12150 0.057438310235738754
INFO: 12160 0.0628991574048996
INFO: 12170 0.10258260369300842
INFO: 12180 0.07385728508234024
INFO: 12190 0.06810572743415833
INFO: 12200 0.0477738119661808
INFO: 12210 0.044724684208631516
INFO: 12220 0.05558984354138374
INFO: 12230 0.06236628443002701
INFO: 12240 0.05873098224401474
INFO: 12250 0.08615221083164215
INFO: 12260 0.06538446992635727
INFO: 12270 0.07215417176485062
INFO: 12280 0.07380717992782593
INFO: 12290 0.09207277745008469
INFO: 12300 0.12573929131031036
INFO: 12310 0.06981035321950912
INFO: 12320 0.10548967123031616
INFO: 12330 0.0862233117222786
INFO: 12340 0.07012996077537537
INFO: 12350 0.0964212715625763
INFO: 12360 0.052217237651348114
INFO: 12370 0.1001967266201973
INFO: 12380 0.05502242594957352
INFO: 12390 0.048064086586236954
INFO: 12400 0.06541439145803452
INFO: 12410 0.11181528121232986
INFO: 12420 0.05596970394253731
INFO: 12430 0.07981475442647934
INFO: 12440 0.054818034172058105
INFO: 12450 0.07133685797452927
INFO: 12460 0.1122150644659996
INFO: 12470 0.08693570643663406
INFO: 12480 0.06642217934131622
INFO: 12490 0.066707082092762
INFO: 12500 0.07340657711029053
INFO: Checkpoint 12500 saved !
INFO: Step:12500, Valid_Dice:0.004637338404773475
INFO: 12510 0.04853428527712822
INFO: 12520 0.05700328201055527
INFO: 12530 0.0785524919629097
INFO: 12540 0.057884544134140015
INFO: 12550 0.0710824653506279
INFO: 12560 0.0559416264295578
INFO: 12570 0.09724527597427368
INFO: 12580 0.05988330766558647
INFO: 12590 0.0424969308078289
INFO: 12600 0.0758693516254425
INFO: 12610 0.05383239686489105
INFO: 12620 0.0746389701962471
INFO: 12630 0.04548732191324234
INFO: 12640 0.07211265712976456
INFO: 12650 0.06396084278821945
INFO: 12660 0.08392952382564545
INFO: 12670 0.08534849435091019
INFO: 12680 0.08802729845046997
INFO: 12690 0.06808515638113022
INFO: 12700 0.04231727123260498
INFO: 12710 0.0672077089548111
INFO: 12720 0.08449725806713104
INFO: 12730 0.06594321131706238
INFO: 12740 0.09936325997114182
INFO: 12750 0.07730326801538467
INFO: 12760 0.051733192056417465
INFO: 12770 0.07323218882083893
INFO: 12780 0.04194615036249161
INFO: 12790 0.045731835067272186
INFO: 12800 0.09397980570793152
INFO: 12810 0.07188773900270462
INFO: 12820 0.19005493819713593
INFO: 12830 0.08046247810125351
INFO: 12840 0.050242967903614044
INFO: 12850 0.05577566474676132
INFO: 12860 0.07780519127845764
INFO: 12870 0.05214366316795349
INFO: 12880 0.0762196034193039
INFO: 12890 0.07548288255929947
INFO: 12900 0.06961823999881744
INFO: 12910 0.06098482757806778
INFO: 12920 0.1584211140871048
INFO: 12930 0.0672631561756134
INFO: 12940 0.060679394751787186
INFO: 12950 0.08364187180995941
INFO: 12960 0.08471544086933136
INFO: 12970 0.05049077048897743
INFO: 12980 0.060712482780218124
INFO: 12990 0.05651349574327469
INFO: 13000 0.0819360613822937
INFO: Checkpoint 13000 saved !
INFO: Step:13000, Valid_Dice:0.05026417454598357
INFO: 13010 0.07298385351896286
INFO: 13020 0.07741153240203857
INFO: 13030 0.07841046154499054
INFO: 13040 0.07959312945604324
INFO: 13050 0.059125300496816635
INFO: 13060 0.07647767663002014
INFO: 13070 0.06436794996261597
INFO: 13080 0.07822037488222122
INFO: 13090 0.06260904669761658
INFO: 13100 0.05206209793686867
INFO: 13110 0.06295572966337204
INFO: 13120 0.12253834307193756
INFO: 13130 0.12534236907958984
INFO: 13140 0.06580718606710434
INFO: 13150 0.08709489554166794
INFO: 13160 0.05979377403855324
INFO: 13170 0.05791628360748291
INFO: 13180 0.054680321365594864
INFO: 13190 0.06566479802131653
INFO: 13200 0.05708172544836998
INFO: 13210 0.18797363340854645
INFO: 13220 0.051278967410326004
INFO: 13230 0.11603609472513199
INFO: 13240 0.06387677043676376
INFO: 13250 0.06464575231075287
INFO: 13260 0.08361439406871796
INFO: 13270 0.06470832228660583
INFO: 13280 0.07975228130817413
INFO: 13290 0.06421329081058502
INFO: 13300 0.06598507612943649
INFO: 13310 0.07914391160011292
INFO: 13320 0.11426357179880142
INFO: 13330 0.06547261029481888
INFO: 13340 0.04900282621383667
INFO: 13350 0.05889340862631798
INFO: 13360 0.08201353251934052
INFO: 13370 0.07308422029018402
INFO: 13380 0.12652741372585297
INFO: 13390 0.07438063621520996
INFO: 13400 0.07452882826328278
INFO: 13410 0.09532265365123749
INFO: 13420 0.06537581235170364
INFO: 13430 0.05979175865650177
INFO: 13440 0.0864778608083725
INFO: 13450 0.052044209092855453
INFO: 13460 0.08971557021141052
INFO: 13470 0.060624632984399796
INFO: 13480 0.06131593510508537
INFO: 13490 0.06952213495969772
INFO: 13500 0.08191203325986862
INFO: Checkpoint 13500 saved !
INFO: Step:13500, Valid_Dice:0.012189575911371386
INFO: 13510 0.05867154523730278
INFO: 13520 0.053673792630434036
INFO: 13530 0.07120928168296814
INFO: 13540 0.0904708281159401
INFO: 13550 0.06594236195087433
INFO: 13560 0.04580739885568619
INFO: 13570 0.050955671817064285
INFO: 13580 0.06904631108045578
INFO: 13590 0.07378913462162018
INFO: 13600 0.045613646507263184
INFO: 13610 0.050922881811857224
INFO: 13620 0.08042781800031662
INFO: 13630 0.08625420182943344
INFO: 13640 0.06634792685508728
INFO: 13650 0.05037620663642883
INFO: 13660 0.06191965192556381
INFO: 13670 0.08272798359394073
INFO: 13680 0.055271223187446594
INFO: 13690 0.07315074652433395
INFO: 13700 0.05336124449968338
INFO: 13710 0.05462866649031639
INFO: 13720 0.09713693708181381
INFO: 13730 0.05527380853891373
INFO: 13740 0.050422389060258865
INFO: 13750 0.04856346547603607
INFO: 13760 0.0655631497502327
INFO: 13770 0.15639732778072357
INFO: 13780 0.06900127232074738
INFO: 13790 0.05817534029483795
INFO: 13800 0.08109785616397858
INFO: 13810 0.06052030622959137
INFO: 13820 0.07597293704748154
INFO: 13830 0.05984445661306381
INFO: 13840 0.0953839123249054
INFO: 13850 0.07893386483192444
INFO: 13860 0.05958176404237747
INFO: 13870 0.05440739914774895
INFO: 13880 0.06347701698541641
INFO: 13890 0.08713144809007645
INFO: 13900 0.07990102469921112
INFO: 13910 0.05705612897872925
INFO: 13920 0.04948961362242699
INFO: 13930 0.08158700913190842
INFO: 13940 0.12105191498994827
INFO: 13950 0.05855462700128555
INFO: 13960 0.053128503262996674
INFO: 13970 0.12205959111452103
INFO: 13980 0.06504422426223755
INFO: 13990 0.08980846405029297
INFO: 14000 0.07315997034311295
INFO: Checkpoint 14000 saved !
INFO: Step:14000, Valid_Dice:0.003210957068349765
INFO: 14010 0.1080026626586914
INFO: 14020 0.07879868149757385
INFO: 14030 0.07479476183652878
INFO: 14040 0.06789237260818481
INFO: 14050 0.07618910074234009
INFO: 14060 0.11508926749229431
INFO: 14070 0.048733003437519073
INFO: 14080 0.05679341405630112
INFO: 14090 0.07321673631668091
INFO: 14100 0.0754840299487114
INFO: 14110 0.0726090595126152
INFO: 14120 0.07169938087463379
INFO: 14130 0.08149063587188721
INFO: 14140 0.0629102811217308
INFO: 14150 0.060866717249155045
INFO: 14160 0.05497493967413902
INFO: 14170 0.1091511994600296
INFO: 14180 0.09642627835273743
INFO: 14190 0.05925820767879486
INFO: 14200 0.0493609718978405
INFO: 14210 0.06924164295196533
INFO: 14220 0.07116356492042542
INFO: 14230 0.06476800888776779
INFO: 14240 0.06309231370687485
INFO: 14250 0.0762796401977539
INFO: 14260 0.05767032504081726
INFO: 14270 0.06898678094148636
INFO: 14280 0.07176636904478073
INFO: 14290 0.07742646336555481
INFO: 14300 0.0761173740029335
INFO: 14310 0.06050954759120941
INFO: 14320 0.08436083048582077
INFO: 14330 0.0708591565489769
INFO: 14340 0.07658929377794266
INFO: 14350 0.05778626725077629
INFO: 14360 0.06220169737935066
INFO: 14370 0.04347064718604088
INFO: 14380 0.080795057117939
INFO: 14390 0.08022686839103699
INFO: 14400 0.0657493993639946
INFO: 14410 0.06030530855059624
INFO: 14420 0.0442376472055912
INFO: 14430 0.11381421238183975
INFO: 14440 0.058179039508104324
INFO: 14450 0.06799688935279846
INFO: 14460 0.10865191370248795
INFO: 14470 0.06168486177921295
INFO: 14480 0.06955019384622574
INFO: 14490 0.08895052224397659
INFO: 14500 0.06425433605909348
INFO: Checkpoint 14500 saved !
INFO: Step:14500, Valid_Dice:0.008860569075849048
INFO: 14510 0.0482756607234478
INFO: 14520 0.08250853419303894
INFO: 14530 0.06193237751722336
INFO: 14540 0.08456763625144958
INFO: 14550 0.09448004513978958
INFO: 14560 0.10718484222888947
INFO: 14570 0.09020079672336578
INFO: 14580 0.055285364389419556
INFO: 14590 0.07196760922670364
INFO: 14600 0.11070986092090607
INFO: 14610 0.10486755520105362
INFO: 14620 0.050379399210214615
INFO: 14630 0.08311711996793747
INFO: 14640 0.07456175237894058
INFO: 14650 0.09553883969783783
INFO: 14660 0.05615224689245224
INFO: 14670 0.08357801288366318
INFO: 14680 0.054046422243118286
INFO: 14690 0.07215927541255951
INFO: 14700 0.06730255484580994
INFO: 14710 0.09343002736568451
INFO: 14720 0.10258930921554565
INFO: 14730 0.09051811695098877
INFO: 14740 0.08046980202198029
INFO: 14750 0.06398776173591614
INFO: 14760 0.058926671743392944
INFO: 14770 0.06314790993928909
INFO: 14780 0.07843969762325287
INFO: 14790 0.045841678977012634
INFO: 14800 0.0554836168885231
INFO: 14810 0.22714297473430634
INFO: 14820 0.05588286742568016
INFO: 14830 0.06196439266204834
INFO: 14840 0.05019357055425644
INFO: 14850 0.08217441290616989
INFO: 14860 0.06459522992372513
INFO: 14870 0.07451629638671875
INFO: 14880 0.06797260046005249
INFO: 14890 0.07565727829933167
INFO: 14900 0.05760253965854645
INFO: 14910 0.07276079803705215
INFO: 14920 0.08249997347593307
INFO: 14930 0.09352270513772964
INFO: 14940 0.07332760095596313
INFO: 14950 0.11545734852552414
INFO: 14960 0.06583653390407562
INFO: 14970 0.0793548971414566
INFO: 14980 0.05422618240118027
INFO: 14990 0.06105087324976921
INFO: 15000 0.06480475515127182
INFO: Checkpoint 15000 saved !
INFO: Step:15000, Valid_Dice:0.00029255241436963633
INFO: 15010 0.06296645849943161
INFO: 15020 0.16748061776161194
INFO: 15030 0.058949872851371765
INFO: 15040 0.0616358146071434
INFO: 15050 0.06941866129636765
INFO: 15060 0.09774690121412277
INFO: 15070 0.054947007447481155
INFO: 15080 0.07049929350614548
INFO: 15090 0.07559438794851303
INFO: 15100 0.06267382949590683
INFO: 15110 0.12611594796180725
INFO: 15120 0.11452177911996841
INFO: 15130 0.14639754593372345
INFO: 15140 0.0551198348402977
INFO: 15150 0.08277454972267151
INFO: 15160 0.0761633887887001
INFO: 15170 0.06539362668991089
INFO: 15180 0.038997117429971695
INFO: 15190 0.08053891360759735
INFO: 15200 0.07634298503398895
INFO: 15210 0.1014050841331482
INFO: 15220 0.07757781445980072
INFO: 15230 0.060096368193626404
INFO: 15240 0.060569677501916885
INFO: 15250 0.05714177340269089
INFO: 15260 0.1190931648015976
INFO: 15270 0.07178665697574615
INFO: 15280 0.06541735678911209
INFO: 15290 0.053606580942869186
INFO: 15300 0.079255111515522
INFO: 15310 0.07793408632278442
INFO: 15320 0.0727791115641594
INFO: 15330 0.0685235857963562
INFO: 15340 0.04531153663992882
INFO: 15350 0.051156576722860336
INFO: 15360 0.05677960067987442
INFO: 15370 0.07227922976016998
INFO: 15380 0.0437973216176033
INFO: 15390 0.07366594672203064
INFO: 15400 0.0584542416036129
INFO: 15410 0.05350174009799957
INFO: 15420 0.03594887629151344
INFO: 15430 0.05398602411150932
INFO: 15440 0.07805831730365753
INFO: 15450 0.07020603120326996
INFO: 15460 0.07119303941726685
INFO: 15470 0.056123167276382446
INFO: 15480 0.06530662626028061
INFO: 15490 0.0644315704703331
INFO: 15500 0.06338341534137726
INFO: Checkpoint 15500 saved !
INFO: Step:15500, Valid_Dice:0.0016174025148632761
INFO: 15510 0.06811176240444183
INFO: 15520 0.1099194586277008
INFO: 15530 0.07698850333690643
INFO: 15540 0.054721418768167496
INFO: 15550 0.05446232482790947
INFO: 15560 0.06756897270679474
INFO: 15570 0.09631679952144623
INFO: 15580 0.06819653511047363
INFO: 15590 0.055972594767808914
INFO: 15600 0.059060998260974884
INFO: 15610 0.0623827688395977
INFO: 15620 0.09026207029819489
INFO: 15630 0.07004353404045105
INFO: 15640 0.058810826390981674
INFO: 15650 0.05949009582400322
INFO: 15660 0.05751471593976021
INFO: 15670 0.0987844467163086
INFO: 15680 0.12503288686275482
INFO: 15690 0.060414012521505356
INFO: 15700 0.07810568809509277
INFO: 15710 0.043596189469099045
INFO: 15720 0.07855261117219925
INFO: 15730 0.07578881829977036
INFO: 15740 0.0676252469420433
INFO: 15750 0.0602855458855629
INFO: 15760 0.06216378137469292
INFO: 15770 0.08463757485151291
INFO: 15780 0.05589849874377251
INFO: 15790 0.06038764491677284
INFO: 15800 0.056847911328077316
INFO: 15810 0.060040540993213654
INFO: 15820 0.0705791562795639
INFO: 15830 0.09669805318117142
INFO: 15840 0.0689898431301117
INFO: 15850 0.059971924871206284
INFO: 15860 0.0681101530790329
INFO: 15870 0.08744526654481888
INFO: 15880 0.06438255310058594
INFO: 15890 0.059723712503910065
INFO: 15900 0.07298814505338669
INFO: 15910 0.09776564687490463
INFO: 15920 0.10346386581659317
INFO: 15930 0.07039115577936172
INFO: 15940 0.07215611636638641
INFO: 15950 0.050987329334020615
INFO: 15960 0.07859183847904205
INFO: 15970 0.08016152679920197
INFO: 15980 0.04030118137598038
INFO: 15990 0.07336294651031494
INFO: 16000 0.07078064978122711
INFO: Checkpoint 16000 saved !
INFO: Step:16000, Valid_Dice:0.0
INFO: 16010 0.06661063432693481
INFO: 16020 0.08319441974163055
INFO: 16030 0.06150088459253311
INFO: 16040 0.10403714329004288
INFO: 16050 0.06091003492474556
INFO: 16060 0.048417359590530396
INFO: 16070 0.10046423226594925
INFO: 16080 0.050640638917684555
INFO: 16090 0.06359291076660156
INFO: 16100 0.05606481432914734
INFO: 16110 0.06595058739185333
INFO: 16120 0.06436239182949066
INFO: 16130 0.048669200390577316
INFO: 16140 0.06328277289867401
INFO: 16150 0.09699294716119766
INFO: 16160 0.06946805864572525
INFO: 16170 0.08038255572319031
INFO: 16180 0.08589183539152145
INFO: 16190 0.08238206803798676
INFO: 16200 0.062036506831645966
INFO: 16210 0.05375448614358902
INFO: 16220 0.06993917375802994
INFO: 16230 0.0642450600862503
INFO: 16240 0.11524494737386703
INFO: 16250 0.04667963087558746
INFO: 16260 0.05675698071718216
INFO: 16270 0.05360764265060425
INFO: 16280 0.06299417465925217
INFO: 16290 0.10567057132720947
INFO: 16300 0.07633538544178009
INFO: 16310 0.0773632600903511
INFO: 16320 0.04557615891098976
INFO: 16330 0.07126818597316742
INFO: 16340 0.05964835360646248
INFO: 16350 0.04457790032029152
INFO: 16360 0.0632271096110344
INFO: 16370 0.05629174783825874
INFO: 16380 0.08402501046657562
INFO: 16390 0.0764055997133255
INFO: 16400 0.08527176827192307
INFO: 16410 0.08068419992923737
INFO: 16420 0.05580688640475273
INFO: 16430 0.08150434494018555
INFO: 16440 0.05429038032889366
INFO: 16450 0.08083344995975494
INFO: 16460 0.07754699885845184
INFO: 16470 0.06391648203134537
INFO: 16480 0.0586763434112072
INFO: 16490 0.09476421773433685
INFO: 16500 0.11270388215780258
INFO: Checkpoint 16500 saved !
INFO: Step:16500, Valid_Dice:0.002626591989801935
INFO: 16510 0.060088157653808594
INFO: 16520 0.05617725849151611
INFO: 16530 0.07140988856554031
INFO: 16540 0.08037926256656647
INFO: 16550 0.06717889755964279
INFO: 16560 0.06546502560377121
INFO: 16570 0.08197620511054993
INFO: 16580 0.06851223111152649
INFO: 16590 0.07116354256868362
INFO: 16600 0.09001176059246063
INFO: 16610 0.06171245127916336
INFO: 16620 0.08556485176086426
INFO: 16630 0.053837474435567856
INFO: 16640 0.060943566262722015
INFO: 16650 0.10684804618358612
INFO: 16660 0.056378282606601715
INFO: 16670 0.047849491238594055
INFO: 16680 0.09275451302528381
INFO: 16690 0.16688454151153564
INFO: 16700 0.07054916024208069
INFO: 16710 0.044367678463459015
INFO: 16720 0.05139372497797012
INFO: 16730 0.06634918600320816
INFO: 16740 0.05764438584446907
INFO: 16750 0.05103529617190361
INFO: 16760 0.07447712123394012
INFO: 16770 0.07133875787258148
INFO: 16780 0.08168777823448181
INFO: 16790 0.0693904384970665
INFO: 16800 0.062488995492458344
INFO: 16810 0.06202489137649536
INFO: 16820 0.05806892737746239
INFO: 16830 0.05929796025156975
INFO: 16840 0.051398277282714844
INFO: 16850 0.06236958131194115
INFO: 16860 0.08358648419380188
INFO: 16870 0.12140908092260361
INFO: 16880 0.05232923477888107
INFO: 16890 0.06646139174699783
INFO: 16900 0.07913362979888916
INFO: 16910 0.09492867439985275
INFO: 16920 0.0570860430598259
INFO: 16930 0.07185380160808563
INFO: 16940 0.05700311437249184
INFO: 16950 0.10885889828205109
INFO: 16960 0.07657807320356369
INFO: 16970 0.06172236427664757
INFO: 16980 0.07883328944444656
INFO: 16990 0.06403493881225586
INFO: 17000 0.08631038665771484
INFO: Checkpoint 17000 saved !
INFO: Step:17000, Valid_Dice:0.0019673336016598647
INFO: 17010 0.06361417472362518
INFO: 17020 0.1055355817079544
INFO: 17030 0.06625360250473022
INFO: 17040 0.055480968207120895
INFO: 17050 0.07198051363229752
INFO: 17060 0.16717177629470825
INFO: 17070 0.06324528902769089
INFO: 17080 0.07741525024175644
INFO: 17090 0.057978883385658264
INFO: 17100 0.06884538382291794
INFO: 17110 0.06460749357938766
INFO: 17120 0.16551584005355835
INFO: 17130 0.07668396830558777
INFO: 17140 0.07150803506374359
INFO: 17150 0.05466118082404137
INFO: 17160 0.07537714391946793
INFO: 17170 0.07819165289402008
INFO: 17180 0.061075609177351
INFO: 17190 0.0677836462855339
INFO: 17200 0.05542512238025665
INFO: 17210 0.06366637349128723
INFO: 17220 0.06241806596517563
INFO: 17230 0.05925334617495537
INFO: 17240 0.06457123160362244
INFO: 17250 0.04741188511252403
INFO: 17260 0.053558241575956345
INFO: 17270 0.05876362323760986
INFO: 17280 0.07990165054798126
INFO: 17290 0.039724528789520264
INFO: 17300 0.059230223298072815
INFO: 17310 0.08805382996797562
INFO: 17320 0.07854528725147247
INFO: 17330 0.05942321941256523
INFO: 17340 0.06975705921649933
INFO: 17350 0.0816510021686554
INFO: 17360 0.0674554780125618
INFO: 17370 0.0800415500998497
INFO: 17380 0.0651944950222969
INFO: 17390 0.07934555411338806
INFO: 17400 0.05562564730644226
INFO: 17410 0.06193678453564644
INFO: 17420 0.07001784443855286
INFO: 17430 0.05008159950375557
INFO: 17440 0.06024814397096634
INFO: 17450 0.09394843876361847
INFO: 17460 0.09519123286008835
INFO: 17470 0.10412567108869553
INFO: 17480 0.0748225674033165
INFO: 17490 0.0914134681224823
INFO: 17500 0.07186675816774368
INFO: Checkpoint 17500 saved !
INFO: Step:17500, Valid_Dice:0.019282037358576653
INFO: 17510 0.08417485654354095
INFO: 17520 0.062367118895053864
INFO: 17530 0.043693624436855316
INFO: 17540 0.0451362244784832
INFO: 17550 0.07101529091596603
INFO: 17560 0.05477961525321007
INFO: 17570 0.05103334039449692
INFO: 17580 0.08199237287044525
INFO: 17590 0.058266643434762955
INFO: 17600 0.08059224486351013
INFO: 17610 0.0626240223646164
INFO: 17620 0.06572220474481583
INFO: 17630 0.08302276581525803
INFO: 17640 0.06501710414886475
INFO: 17650 0.06691564619541168
INFO: 17660 0.0630858764052391
INFO: 17670 0.06845913082361221
INFO: 17680 0.0676584541797638
INFO: 17690 0.07232891768217087
INFO: 17700 0.06208403781056404
INFO: 17710 0.06377805024385452
INFO: 17720 0.04965965449810028
INFO: 17730 0.06173792853951454
INFO: 17740 0.08289986848831177
INFO: 17750 0.06696382164955139
INFO: 17760 0.05973132327198982
INFO: 17770 0.07217875868082047
INFO: 17780 0.07812443375587463
INFO: 17790 0.04756550490856171
INFO: 17800 0.08279621601104736
INFO: 17810 0.04207475110888481
INFO: 17820 0.03599274158477783
INFO: 17830 0.05872441455721855
INFO: 17840 0.044770851731300354
INFO: 17850 0.05702511593699455
INFO: 17860 0.05829480662941933
INFO: 17870 0.045050688087940216
INFO: 17880 0.06458280235528946
INFO: 17890 0.07570748031139374
INFO: 17900 0.05559014901518822
INFO: 17910 0.0857323706150055
INFO: 17920 0.11279788613319397
INFO: 17930 0.23461435735225677
INFO: 17940 0.07487845420837402
INFO: 17950 0.05715389549732208
INFO: 17960 0.05773640051484108
INFO: 17970 0.0701611191034317
INFO: 17980 0.06735148280858994
INFO: 17990 0.05889328569173813
INFO: 18000 0.0644230991601944
INFO: Checkpoint 18000 saved !
INFO: Step:18000, Valid_Dice:0.0016762621552179758
INFO: 18010 0.07614107429981232
INFO: 18020 0.06412486732006073
INFO: 18030 0.07694055885076523
INFO: 18040 0.06795373558998108
INFO: 18050 0.06472885608673096
INFO: 18060 0.07576810568571091
INFO: 18070 0.06411926448345184
INFO: 18080 0.06239601969718933
INFO: 18090 0.06575064361095428
INFO: 18100 0.07007909566164017
INFO: 18110 0.05753149464726448
INFO: 18120 0.04289200156927109
INFO: 18130 0.052530694752931595
INFO: 18140 0.08466146141290665
INFO: 18150 0.06025577336549759
INFO: 18160 0.055504344403743744
INFO: 18170 0.10433799028396606
INFO: 18180 0.07648412138223648
INFO: 18190 0.05510067567229271
INFO: 18200 0.07147518545389175
INFO: 18210 0.1098504364490509
INFO: 18220 0.06860232353210449
INFO: 18230 0.05576900765299797
INFO: 18240 0.07327952980995178
INFO: 18250 0.09229221194982529
INFO: 18260 0.07011000066995621
INFO: 18270 0.0501527339220047
INFO: 18280 0.06270734965801239
INFO: 18290 0.0733150839805603
INFO: 18300 0.07233281433582306
INFO: 18310 0.06688188761472702
INFO: 18320 0.06500262767076492
INFO: 18330 0.07288484275341034
INFO: 18340 0.06191879138350487
INFO: 18350 0.057029761373996735
INFO: 18360 0.06767547875642776
INFO: 18370 0.05408409237861633
INFO: 18380 0.06211032718420029
INFO: 18390 0.068581722676754
INFO: 18400 0.05179985240101814
INFO: 18410 0.058513812720775604
INFO: 18420 0.04960490018129349
INFO: 18430 0.0637226477265358
INFO: 18440 0.10552580654621124
INFO: 18450 0.05908329039812088
INFO: 18460 0.06373744457960129
INFO: 18470 0.06291896104812622
INFO: 18480 0.09663326293230057
INFO: 18490 0.07091668248176575
INFO: 18500 0.06053668260574341
INFO: Checkpoint 18500 saved !
INFO: Step:18500, Valid_Dice:0.015032685984077468
INFO: 18510 0.051109518855810165
INFO: 18520 0.05267442762851715
INFO: 18530 0.06504727900028229
INFO: 18540 0.08704082667827606
INFO: 18550 0.06236286461353302
INFO: 18560 0.04550027474761009
INFO: 18570 0.0635409951210022
INFO: 18580 0.05653758719563484
INFO: 18590 0.0649840235710144
INFO: 18600 0.047816984355449677
INFO: 18610 0.0774800255894661
INFO: 18620 0.10648518055677414
INFO: 18630 0.06288837641477585
INFO: 18640 0.0609842948615551
INFO: 18650 0.07660174369812012
INFO: 18660 0.0687786266207695
INFO: 18670 0.08597954362630844
INFO: 18680 0.0649041160941124
INFO: 18690 0.12653009593486786
INFO: 18700 0.06183290854096413
INFO: 18710 0.06424778699874878
INFO: 18720 0.0971648097038269
INFO: 18730 0.05774468928575516
INFO: 18740 0.05749921873211861
INFO: 18750 0.05752555653452873
INFO: 18760 0.07434549927711487
INFO: 18770 0.06036841869354248
INFO: 18780 0.051189497113227844
INFO: 18790 0.05299520120024681
INFO: 18800 0.09429344534873962
INFO: 18810 0.0778832733631134
INFO: 18820 0.06424462795257568
INFO: 18830 0.05105290934443474
INFO: 18840 0.044293470680713654
INFO: 18850 0.06543639302253723
INFO: 18860 0.04798225313425064
INFO: 18870 0.059319328516721725
INFO: 18880 0.0687580332159996
INFO: 18890 0.0692143514752388
INFO: 18900 0.056900061666965485
INFO: 18910 0.05310286208987236
INFO: 18920 0.05475886911153793
INFO: 18930 0.05235937610268593
INFO: 18940 0.04705235734581947
INFO: 18950 0.05401552841067314
INFO: 18960 0.09536980092525482
INFO: 18970 0.053009044378995895
INFO: 18980 0.06462881714105606
INFO: 18990 0.03646080195903778
INFO: 19000 0.06283330172300339
INFO: Checkpoint 19000 saved !
INFO: Step:19000, Valid_Dice:0.059776812169366825
INFO: 19010 0.09457172453403473
INFO: 19020 0.06746577471494675
INFO: 19030 0.06345158815383911
INFO: 19040 0.06834318488836288
INFO: 19050 0.054351434111595154
INFO: 19060 0.05076896771788597
INFO: 19070 0.047322340309619904
INFO: 19080 0.05895838141441345
INFO: 19090 0.06452900171279907
INFO: 19100 0.06780163943767548
INFO: 19110 0.05572792887687683
INFO: 19120 0.059580493718385696
INFO: 19130 0.06210443004965782
INFO: 19140 0.1023540124297142
INFO: 19150 0.05815141648054123
INFO: 19160 0.07436615228652954
INFO: 19170 0.05888112261891365
INFO: 19180 0.16580010950565338
INFO: 19190 0.08533686399459839
INFO: 19200 0.06885115057229996
INFO: 19210 0.047268569469451904
INFO: 19220 0.0606721006333828
INFO: 19230 0.09715104848146439
INFO: 19240 0.04742150008678436
INFO: 19250 0.07741303741931915
INFO: 19260 0.04965369775891304
INFO: 19270 0.059063464403152466
INFO: 19280 0.05489594116806984
INFO: 19290 0.06349127739667892
INFO: 19300 0.052970778197050095
INFO: 19310 0.11843971908092499
INFO: 19320 0.06470269709825516
INFO: 19330 0.06304004788398743
INFO: 19340 0.07582350820302963
INFO: 19350 0.04870833083987236
INFO: 19360 0.05384766310453415
INFO: 19370 0.08024537563323975
INFO: 19380 0.16060899198055267
INFO: 19390 0.04929709434509277
INFO: 19400 0.04400911182165146
INFO: 19410 0.059958044439554214
INFO: 19420 0.10919326543807983
INFO: 19430 0.048547908663749695
INFO: 19440 0.06969247758388519
INFO: 19450 0.06542514264583588
INFO: 19460 0.055268794298172
INFO: 19470 0.06270880252122879
INFO: 19480 0.040606383234262466
INFO: 19490 0.06569600850343704
INFO: 19500 0.06417540460824966
INFO: Checkpoint 19500 saved !
INFO: Step:19500, Valid_Dice:0.0747982691890398
INFO: 19510 0.07394393533468246
INFO: 19520 0.06460321694612503
INFO: 19530 0.04499664157629013
INFO: 19540 0.15340092778205872
INFO: 19550 0.05977411940693855
INFO: 19560 0.06423845142126083
INFO: 19570 0.08107014745473862
INFO: 19580 0.09409500658512115
INFO: 19590 0.0567711666226387
INFO: 19600 0.06626023352146149
INFO: 19610 0.057206250727176666
INFO: 19620 0.05597098544239998
INFO: 19630 0.0755699947476387
INFO: 19640 0.050833381712436676
INFO: 19650 0.08960715681314468
INFO: 19660 0.04853212833404541
INFO: 19670 0.06092230975627899
INFO: 19680 0.07296734303236008
INFO: 19690 0.05972836911678314
INFO: 19700 0.09716279059648514
INFO: 19710 0.0754658579826355
INFO: 19720 0.08121222257614136
INFO: 19730 0.07877324521541595
INFO: 19740 0.05813778191804886
INFO: 19750 0.09532302618026733
INFO: 19760 0.07356996089220047
INFO: 19770 0.0706227645277977
INFO: 19780 0.031389541923999786
INFO: 19790 0.05858951434493065
INFO: 19800 0.06222205236554146
INFO: 19810 0.055358897894620895
INFO: 19820 0.060934752225875854
INFO: 19830 0.07034671306610107
INFO: 19840 0.04043582081794739
INFO: 19850 0.041432321071624756
INFO: 19860 0.05867810174822807
INFO: 19870 0.07001326978206635
INFO: 19880 0.08271212130784988
INFO: 19890 0.07270227372646332
INFO: 19900 0.06044429913163185
INFO: 19910 0.09935406595468521
INFO: 19920 0.06549768149852753
INFO: 19930 0.060337986797094345
INFO: 19940 0.07547502219676971
INFO: 19950 0.09159230440855026
INFO: 19960 0.05860235169529915
INFO: 19970 0.05298805609345436
INFO: 19980 0.07929923385381699
INFO: 19990 0.048170048743486404
INFO: 20000 0.06715764105319977
INFO: Checkpoint 20000 saved !
INFO: Step:20000, Valid_Dice:0.001385415592956736
INFO: 20010 0.04208029806613922
INFO: 20020 0.06983304023742676
INFO: 20030 0.07355489581823349
INFO: 20040 0.05167616531252861
INFO: 20050 0.08062101155519485
INFO: 20060 0.05971969664096832
INFO: 20070 0.04922884702682495
INFO: 20080 0.05621732771396637
INFO: 20090 0.07345698773860931
INFO: 20100 0.062277618795633316
INFO: 20110 0.05802546441555023
INFO: 20120 0.07178185880184174
INFO: 20130 0.07025385648012161
INFO: 20140 0.06001432612538338
INFO: 20150 0.08983346074819565
INFO: 20160 0.048745762556791306
INFO: 20170 0.060590241104364395
INFO: 20180 0.08431176841259003
INFO: 20190 0.0349871963262558
INFO: 20200 0.07777556031942368
INFO: 20210 0.04673842713236809
INFO: 20220 0.08715537190437317
INFO: 20230 0.09415288269519806
INFO: 20240 0.05590422824025154
INFO: 20250 0.09255296736955643
INFO: 20260 0.059697505086660385
INFO: 20270 0.07046214491128922
INFO: 20280 0.08297407627105713
INFO: 20290 0.055361486971378326
INFO: 20300 0.11704599857330322
INFO: 20310 0.07355546951293945
INFO: 20320 0.0612010732293129
INFO: 20330 0.07643609493970871
INFO: 20340 0.0735340341925621
INFO: 20350 0.056022193282842636
INFO: 20360 0.06580517441034317
INFO: 20370 0.08434168994426727
INFO: 20380 0.05967137590050697
INFO: 20390 0.08059889823198318
INFO: 20400 0.06856893002986908
INFO: 20410 0.0838194265961647
INFO: 20420 0.06382504850625992
INFO: 20430 0.05722181499004364
INFO: 20440 0.07472474128007889
INFO: 20450 0.07229410856962204
INFO: 20460 0.08138731867074966
INFO: 20470 0.13834695518016815
INFO: 20480 0.07070110738277435
INFO: 20490 0.0627288669347763
INFO: 20500 0.062130507081747055
INFO: Checkpoint 20500 saved !
INFO: Step:20500, Valid_Dice:0.00032110405115726994
INFO: 20510 0.06185591593384743
INFO: 20520 0.08297194540500641
INFO: 20530 0.060452260076999664
INFO: 20540 0.08795225620269775
INFO: 20550 0.057951267808675766
INFO: 20560 0.09740124642848969
INFO: 20570 0.08547955006361008
INFO: 20580 0.0671168714761734
INFO: 20590 0.03663951903581619
INFO: 20600 0.11618421971797943
INFO: 20610 0.08282589167356491
INFO: 20620 0.04719574749469757
INFO: 20630 0.04759753867983818
INFO: 20640 0.05584804713726044
INFO: 20650 0.104194775223732
INFO: 20660 0.06668217480182648
INFO: 20670 0.07183972746133804
INFO: 20680 0.07198956608772278
INFO: 20690 0.040141455829143524
INFO: 20700 0.05080734193325043
INFO: 20710 0.0674147978425026
INFO: 20720 0.11151961982250214
INFO: 20730 0.06124071031808853
INFO: 20740 0.090020090341568
INFO: 20750 0.07840713858604431
INFO: 20760 0.1019558310508728
INFO: 20770 0.05129937827587128
INFO: 20780 0.06478755176067352
INFO: 20790 0.06267855316400528
INFO: 20800 0.08409988880157471
INFO: 20810 0.08440660685300827
INFO: 20820 0.06141373887658119
INFO: 20830 0.08401701599359512
INFO: 20840 0.05795823410153389
INFO: 20850 0.07947248220443726
INFO: 20860 0.06094268709421158
INFO: 20870 0.05578453466296196
INFO: 20880 0.05355114862322807
INFO: 20890 0.061902258545160294
INFO: 20900 0.07512326538562775
INFO: 20910 0.06276009976863861
INFO: 20920 0.07443544268608093
INFO: 20930 0.061083752661943436
INFO: 20940 0.06728558242321014
INFO: 20950 0.08529020100831985
INFO: 20960 0.08690764009952545
INFO: 20970 0.05250798910856247
INFO: 20980 0.06610020995140076
INFO: 20990 0.06667425483465195
INFO: 21000 0.05567879602313042
INFO: Checkpoint 21000 saved !
INFO: Step:21000, Valid_Dice:0.0003894331936779528
INFO: 21010 0.047039326280355453
INFO: 21020 0.08468503504991531
INFO: 21030 0.046061668545007706
INFO: 21040 0.08343775570392609
INFO: 21050 0.0694015622138977
INFO: 21060 0.0716349259018898
INFO: 21070 0.05611250177025795
INFO: 21080 0.07551728934049606
INFO: 21090 0.07140561193227768
INFO: 21100 0.10062721371650696
INFO: 21110 0.06517530232667923
INFO: 21120 0.04987874627113342
INFO: 21130 0.05642300844192505
INFO: 21140 0.0672619491815567
INFO: 21150 0.05885104835033417
INFO: 21160 0.0800306424498558
INFO: 21170 0.048651933670043945
INFO: 21180 0.09254207462072372
INFO: 21190 0.05061691254377365
INFO: 21200 0.04484796151518822
INFO: 21210 0.03540770709514618
INFO: 21220 0.05722333490848541
INFO: 21230 0.06987234205007553
INFO: 21240 0.05633039399981499
INFO: 21250 0.06259241700172424
INFO: 21260 0.06929904967546463
INFO: 21270 0.05583716928958893
INFO: 21280 0.052071087062358856
INFO: 21290 0.06198924407362938
INFO: 21300 0.06175926327705383
INFO: 21310 0.06771600246429443
INFO: 21320 0.04331152141094208
INFO: 21330 0.04784497246146202
INFO: 21340 0.0864013209939003
INFO: 21350 0.06280142813920975
INFO: 21360 0.06918913871049881
INFO: 21370 0.08530634641647339
INFO: 21380 0.07355915009975433
INFO: 21390 0.05783773213624954
INFO: 21400 0.08396391570568085
INFO: 21410 0.0555412583053112
INFO: 21420 0.10228906571865082
INFO: 21430 0.08147019892930984
INFO: 21440 0.05180861055850983
INFO: 21450 0.058219410479068756
INFO: 21460 0.05797659978270531
INFO: 21470 0.03991129621863365
INFO: 21480 0.175653874874115
INFO: 21490 0.09463236480951309
INFO: 21500 0.05576835945248604
INFO: Checkpoint 21500 saved !
INFO: Step:21500, Valid_Dice:0.0
INFO: 21510 0.04789744317531586
INFO: 21520 0.08802156895399094
INFO: 21530 0.06590048223733902
INFO: 21540 0.06163283810019493
INFO: 21550 0.06487765163183212
INFO: 21560 0.08566568791866302
INFO: 21570 0.05273296684026718
INFO: 21580 0.05786607041954994
INFO: 21590 0.05549963563680649
INFO: 21600 0.0548313707113266
INFO: 21610 0.06837198138237
INFO: 21620 0.07698051631450653
INFO: 21630 0.09245800226926804
INFO: 21640 0.06396631896495819
INFO: 21650 0.05925707891583443
INFO: 21660 0.1305461972951889
INFO: 21670 0.07356378436088562
INFO: 21680 0.05503879860043526
INFO: 21690 0.05385826528072357
INFO: 21700 0.07949957251548767
INFO: 21710 0.059775806963443756
INFO: 21720 0.06095869094133377
INFO: 21730 0.06543400883674622
INFO: 21740 0.07380553334951401
INFO: 21750 0.06832536309957504
INFO: 21760 0.06567159295082092
INFO: 21770 0.10484814643859863
INFO: 21780 0.06540296971797943
INFO: 21790 0.04828973859548569
INFO: 21800 0.08317476511001587
INFO: 21810 0.06337948888540268
INFO: 21820 0.06823182106018066
INFO: 21830 0.07454803586006165
INFO: 21840 0.06782692670822144
INFO: 21850 0.048757947981357574
INFO: 21860 0.0696873813867569
INFO: 21870 0.05515073984861374
INFO: 21880 0.054487548768520355
INFO: 21890 0.09234312176704407
INFO: 21900 0.05944599583745003
INFO: 21910 0.05979371443390846
INFO: 21920 0.0784016028046608
INFO: 21930 0.0429522842168808
INFO: 21940 0.05076130852103233
INFO: 21950 0.050062187016010284
INFO: 21960 0.059365008026361465
INFO: 21970 0.07588117569684982
INFO: 21980 0.06320718675851822
INFO: 21990 0.08323724567890167
INFO: 22000 0.052812885493040085
INFO: Checkpoint 22000 saved !
INFO: Step:22000, Valid_Dice:2.0562028772747067e-05
INFO: 22010 0.06688480079174042
INFO: 22020 0.05453259125351906
INFO: 22030 0.06588898599147797
INFO: 22040 0.047796376049518585
INFO: 22050 0.06193450838327408
INFO: 22060 0.061548829078674316
INFO: 22070 0.06626590341329575
INFO: 22080 0.05674803629517555
INFO: 22090 0.05929813161492348
INFO: 22100 0.06950295716524124
INFO: 22110 0.061538245528936386
INFO: 22120 0.06799943745136261
INFO: 22130 0.07037699222564697
INFO: 22140 0.04339764267206192
INFO: 22150 0.06058455631136894
INFO: 22160 0.08260931074619293
INFO: 22170 0.0889553502202034
INFO: 22180 0.041702575981616974
INFO: 22190 0.05605936422944069
INFO: 22200 0.050933998078107834
INFO: 22210 0.0594286248087883
INFO: 22220 0.062088146805763245
INFO: 22230 0.04869784414768219
INFO: 22240 0.048797279596328735
INFO: 22250 0.07206998020410538
INFO: 22260 0.05787535384297371
INFO: 22270 0.08666850626468658
INFO: 22280 0.09186099469661713
INFO: 22290 0.051418837159872055
INFO: 22300 0.05756883695721626
INFO: 22310 0.06098845228552818
INFO: 22320 0.07757961750030518
INFO: 22330 0.06613832712173462
INFO: 22340 0.07630515843629837
INFO: 22350 0.07024506479501724
INFO: 22360 0.06027282774448395
INFO: 22370 0.08192730695009232
INFO: 22380 0.06658004224300385
INFO: 22390 0.05689424276351929
INFO: 22400 0.056207966059446335
INFO: 22410 0.0707903653383255
INFO: 22420 0.10375693440437317
INFO: 22430 0.045891039073467255
INFO: 22440 0.06404042989015579
INFO: 22450 0.044702112674713135
INFO: 22460 0.06541994959115982
INFO: 22470 0.07680930197238922
INFO: 22480 0.05472336336970329
INFO: 22490 0.07034026086330414
INFO: 22500 0.04569770395755768
INFO: Checkpoint 22500 saved !
INFO: Step:22500, Valid_Dice:0.0001232454637978463
INFO: 22510 0.061125122010707855
INFO: 22520 0.06992535293102264
INFO: 22530 0.07646644115447998
INFO: 22540 0.059291254729032516
INFO: 22550 0.05884677916765213
INFO: 22560 0.043451182544231415
INFO: 22570 0.06664072722196579
INFO: 22580 0.0672997310757637
INFO: 22590 0.07473573088645935
INFO: 22600 0.1465653032064438
INFO: 22610 0.049734942615032196
INFO: 22620 0.05489238351583481
INFO: 22630 0.06136345863342285
INFO: 22640 0.05410855636000633
INFO: 22650 0.03828081488609314
INFO: 22660 0.042742542922496796
INFO: 22670 0.1071690171957016
INFO: 22680 0.06643453240394592
INFO: 22690 0.041901569813489914
INFO: 22700 0.042564455419778824
INFO: 22710 0.09302522242069244
INFO: 22720 0.06468424946069717
INFO: 22730 0.06417234241962433
INFO: 22740 0.07363254576921463
INFO: 22750 0.05675831809639931
INFO: 22760 0.06607813388109207
INFO: 22770 0.0565742664039135
INFO: 22780 0.0462467260658741
INFO: 22790 0.07323697209358215
INFO: 22800 0.03996669128537178
INFO: 22810 0.05695391818881035
INFO: 22820 0.06320411711931229
INFO: 22830 0.045532744377851486
INFO: 22840 0.056282367557287216
INFO: 22850 0.0366373136639595
INFO: 22860 0.07774858176708221
INFO: 22870 0.09830258786678314
INFO: 22880 0.05933399125933647
INFO: 22890 0.07634460180997849
INFO: 22900 0.09198778122663498
INFO: 22910 0.0704469233751297
INFO: 22920 0.05451731011271477
INFO: 22930 0.054754529148340225
INFO: 22940 0.06343208998441696
INFO: 22950 0.044115301221609116
INFO: 22960 0.06599334627389908
INFO: 22970 0.07670149207115173
INFO: 22980 0.05468839034438133
INFO: 22990 0.07433486729860306
INFO: 23000 0.09534796327352524
INFO: Checkpoint 23000 saved !
INFO: Step:23000, Valid_Dice:0.0001241911235216739
INFO: 23010 0.053717516362667084
INFO: 23020 0.05532410740852356
INFO: 23030 0.04106030985713005
INFO: 23040 0.050339072942733765
INFO: 23050 0.08189882338047028
INFO: 23060 0.06625141948461533
INFO: 23070 0.050951723009347916
INFO: 23080 0.06666330993175507
INFO: 23090 0.10604638606309891
INFO: 23100 0.06819416582584381
INFO: 23110 0.06937574595212936
INFO: 23120 0.059774842113256454
INFO: 23130 0.06868766993284225
INFO: 23140 0.08131882548332214
INFO: 23150 0.05514976754784584
INFO: 23160 0.06752216815948486
INFO: 23170 0.07016711682081223
INFO: 23180 0.06833790242671967
INFO: 23190 0.08592606335878372
INFO: 23200 0.0556938610970974
INFO: 23210 0.1680155098438263
INFO: 23220 0.06902087479829788
INFO: 23230 0.06589450687170029
INFO: 23240 0.042981505393981934
INFO: 23250 0.07284856587648392
INFO: 23260 0.06823775917291641
INFO: 23270 0.0638560876250267
INFO: 23280 0.07678001374006271
INFO: 23290 0.06468082219362259
INFO: 23300 0.09775606542825699
INFO: 23310 0.09393639117479324
INFO: 23320 0.07914210110902786
INFO: 23330 0.11913220584392548
INFO: 23340 0.05726487562060356
INFO: 23350 0.049968890845775604
INFO: 23360 0.060183942317962646
INFO: 23370 0.045951783657073975
INFO: 23380 0.06305650621652603
INFO: 23390 0.07383667677640915
INFO: 23400 0.06786812096834183
INFO: 23410 0.057895228266716
INFO: 23420 0.06131352484226227
INFO: 23430 0.056616827845573425
INFO: 23440 0.06816135346889496
INFO: 23450 0.05206741765141487
INFO: 23460 0.04006238281726837
INFO: 23470 0.07316267490386963
INFO: 23480 0.07214684039354324
INFO: 23490 0.04576731100678444
INFO: 23500 0.05671347677707672
INFO: Checkpoint 23500 saved !
INFO: Step:23500, Valid_Dice:0.016979734367976236
INFO: 23510 0.05043609067797661
INFO: 23520 0.0788666233420372
INFO: 23530 0.0983823612332344
INFO: 23540 0.0626293420791626
INFO: 23550 0.09598349779844284
INFO: 23560 0.04847530648112297
INFO: 23570 0.06198599189519882
INFO: 23580 0.06477560102939606
INFO: 23590 0.04597175121307373
INFO: 23600 0.049859777092933655
INFO: 23610 0.049961600452661514
INFO: 23620 0.09133125096559525
INFO: 23630 0.08321429789066315
INFO: 23640 0.047250065952539444
INFO: 23650 0.06733430922031403
INFO: 23660 0.14205801486968994
INFO: 23670 0.045495714992284775
INFO: 23680 0.06144065409898758
INFO: 23690 0.052846044301986694
INFO: 23700 0.07816991955041885
INFO: 23710 0.0656757727265358
INFO: 23720 0.04400775581598282
INFO: 23730 0.0699777826666832
INFO: 23740 0.07008520513772964
INFO: 23750 0.11700692027807236
INFO: 23760 0.07913020998239517
INFO: 23770 0.058573950082063675
INFO: 23780 0.06903685629367828
INFO: 23790 0.084815114736557
INFO: 23800 0.06453783810138702
INFO: 23810 0.07537922263145447
INFO: 23820 0.05003806948661804
INFO: 23830 0.04887603968381882
INFO: 23840 0.07504366338253021
INFO: 23850 0.0697171539068222
INFO: 23860 0.04809116944670677
INFO: 23870 0.06885921955108643
INFO: 23880 0.0858960896730423
INFO: 23890 0.1208815649151802
INFO: 23900 0.0614936389029026
INFO: 23910 0.10326772183179855
INFO: 23920 0.062276214361190796
INFO: 23930 0.04994986206293106
INFO: 23940 0.07570486515760422
INFO: 23950 0.053431443870067596
INFO: 23960 0.08447141200304031
INFO: 23970 0.06760704517364502
INFO: 23980 0.07466048747301102
INFO: 23990 0.06841932982206345
INFO: 24000 0.0969901829957962
INFO: Checkpoint 24000 saved !
INFO: Step:24000, Valid_Dice:0.0011856023373884848
INFO: 24010 0.05621657893061638
INFO: 24020 0.06033781170845032
INFO: 24030 0.08344543725252151
INFO: 24040 0.05994377285242081
INFO: 24050 0.04932546615600586
INFO: 24060 0.06020451709628105
INFO: 24070 0.0687340572476387
INFO: 24080 0.07889130711555481
INFO: 24090 0.07852271944284439
INFO: 24100 0.0699693113565445
INFO: 24110 0.058967236429452896
INFO: 24120 0.057849474251270294
INFO: 24130 0.07652460783720016
INFO: 24140 0.1284523904323578
INFO: 24150 0.05205288529396057
INFO: 24160 0.03919179365038872
INFO: 24170 0.04718504101037979
INFO: 24180 0.07445183396339417
INFO: 24190 0.05048906430602074
INFO: 24200 0.08333490788936615
INFO: 24210 0.059715814888477325
INFO: 24220 0.057676445692777634
INFO: 24230 0.05220551788806915
INFO: 24240 0.07101166993379593
INFO: 24250 0.06375262886285782
INFO: 24260 0.04383257403969765
INFO: 24270 0.05907316878437996
INFO: 24280 0.07005143165588379
INFO: 24290 0.06058172509074211
INFO: 24300 0.06385268270969391
INFO: 24310 0.06214141845703125
INFO: 24320 0.0619516596198082
INFO: 24330 0.04801467806100845
INFO: 24340 0.05144607648253441
INFO: 24350 0.08557289093732834
INFO: 24360 0.04517831280827522
INFO: 24370 0.051256757229566574
INFO: 24380 0.048789672553539276
INFO: 24390 0.05421990901231766
INFO: 24400 0.08113032579421997
INFO: 24410 0.06325893849134445
INFO: 24420 0.12324152886867523
INFO: 24430 0.051446057856082916
INFO: 24440 0.05508787930011749
INFO: 24450 0.07310429215431213
INFO: 24460 0.05035791173577309
INFO: 24470 0.05123601108789444
INFO: 24480 0.07743994146585464
INFO: 24490 0.055233921855688095
INFO: 24500 0.08605445921421051
INFO: Checkpoint 24500 saved !
INFO: Step:24500, Valid_Dice:0.005233608043606045
INFO: 24510 0.06491080671548843
INFO: 24520 0.07905736565589905
INFO: 24530 0.059661462903022766
INFO: 24540 0.08927934616804123
INFO: 24550 0.05571087822318077
INFO: 24560 0.05554255470633507
INFO: 24570 0.0577089786529541
INFO: 24580 0.04707276448607445
INFO: 24590 0.05603400245308876
INFO: 24600 0.061910632997751236
INFO: 24610 0.06294529885053635
INFO: 24620 0.06813611835241318
INFO: 24630 0.06290460377931595
INFO: 24640 0.09767162054777145
INFO: 24650 0.04788414388895035
INFO: 24660 0.03938886150717735
INFO: 24670 0.03670108690857887
INFO: 24680 0.0827760398387909
INFO: 24690 0.08111539483070374
INFO: 24700 0.0596456415951252
INFO: 24710 0.08514576405286789
INFO: 24720 0.054403550922870636
INFO: 24730 0.0749552845954895
INFO: 24740 0.06185079365968704
INFO: 24750 0.07045581191778183
INFO: 24760 0.05396202206611633
INFO: 24770 0.061155322939157486
INFO: 24780 0.05439075827598572
INFO: 24790 0.04497736692428589
INFO: 24800 0.05288638919591904
INFO: 24810 0.06808221340179443
INFO: 24820 0.0579749196767807
INFO: 24830 0.06933203339576721
INFO: 24840 0.054275233298540115
INFO: 24850 0.04485223814845085
INFO: 24860 0.0662740096449852
INFO: 24870 0.05481785908341408
INFO: 24880 0.06778884679079056
INFO: 24890 0.052967216819524765
INFO: 24900 0.14815554022789001
INFO: 24910 0.05441664531826973
INFO: 24920 0.07157619297504425
INFO: 24930 0.052245739847421646
INFO: 24940 0.06576124578714371
INFO: 24950 0.09390569478273392
INFO: 24960 0.05404091253876686
INFO: 24970 0.0623994916677475
INFO: 24980 0.05098668113350868
INFO: 24990 0.06671559810638428
INFO: 25000 0.05674241855740547
INFO: Checkpoint 25000 saved !
INFO: Step:25000, Valid_Dice:1.3450803676474005e-05
INFO: 25010 0.06596823781728745
INFO: 25020 0.043011005967855453
INFO: 25030 0.08728757500648499
INFO: 25040 0.05793119966983795
INFO: 25050 0.052393797785043716
INFO: 25060 0.08007940649986267
INFO: 25070 0.06498195230960846
INFO: 25080 0.06772291660308838
INFO: 25090 0.0970722958445549
INFO: 25100 0.05619454383850098
INFO: 25110 0.04934081435203552
INFO: 25120 0.05245829001069069
INFO: 25130 0.06207308918237686
INFO: 25140 0.04805849492549896
INFO: 25150 0.05899593606591225
INFO: 25160 0.07738416641950607
INFO: 25170 0.07131461799144745
INFO: 25180 0.053545232862234116
INFO: 25190 0.06718111038208008
INFO: 25200 0.05972310155630112
INFO: 25210 0.0467318519949913
INFO: 25220 0.0597858652472496
INFO: 25230 0.05328498035669327
INFO: 25240 0.10076835751533508
INFO: 25250 0.05717997997999191
INFO: 25260 0.053361352533102036
INFO: 25270 0.06709600985050201
INFO: 25280 0.07020411640405655
INFO: 25290 0.05880051106214523
INFO: 25300 0.04397222772240639
INFO: 25310 0.053954917937517166
INFO: 25320 0.07520994544029236
INFO: 25330 0.03788366541266441
INFO: 25340 0.05338193476200104
INFO: 25350 0.055231597274541855
INFO: 25360 0.060983650386333466
INFO: 25370 0.057493049651384354
INFO: 25380 0.05565352737903595
INFO: 25390 0.06908808648586273
INFO: 25400 0.05476214736700058
INFO: 25410 0.05203482136130333
INFO: 25420 0.07541503012180328
INFO: 25430 0.04723551124334335
INFO: 25440 0.05376477167010307
INFO: 25450 0.0626353845000267
INFO: 25460 0.05716114491224289
INFO: 25470 0.06533592194318771
INFO: 25480 0.07570091634988785
INFO: 25490 0.04596906155347824
INFO: 25500 0.05819552019238472
INFO: Checkpoint 25500 saved !
INFO: Step:25500, Valid_Dice:0.0
INFO: 25510 0.11360152810811996
INFO: 25520 0.0850197896361351
INFO: 25530 0.05733794718980789
INFO: 25540 0.05045511573553085
INFO: 25550 0.06482738256454468
INFO: 25560 0.06622447818517685
INFO: 25570 0.06250876188278198
INFO: 25580 0.05464620515704155
INFO: 25590 0.10388188809156418
INFO: 25600 0.04886019974946976
INFO: 25610 0.03893229365348816
INFO: 25620 0.06170745939016342
INFO: 25630 0.06101188808679581
INFO: 25640 0.07892104983329773
INFO: 25650 0.0557343028485775
INFO: 25660 0.041120290756225586
INFO: 25670 0.042297836393117905
INFO: 25680 0.06812743842601776
INFO: 25690 0.04826509580016136
INFO: 25700 0.06494530290365219
INFO: 25710 0.08482779562473297
INFO: 25720 0.06365439295768738
INFO: 25730 0.03799343854188919
INFO: 25740 0.04559507966041565
INFO: 25750 0.0794554203748703
INFO: 25760 0.0670660212635994
INFO: 25770 0.05644456297159195
INFO: 25780 0.05357746034860611
INFO: 25790 0.06547103077173233
INFO: 25800 0.04521781951189041
INFO: 25810 0.04741060361266136
INFO: 25820 0.04895348846912384
INFO: 25830 0.08384201675653458
INFO: 25840 0.09116797149181366
INFO: 25850 0.0479385107755661
INFO: 25860 0.06334124505519867
INFO: 25870 0.04202406108379364
INFO: 25880 0.06218772009015083
INFO: 25890 0.06881386041641235
INFO: 25900 0.050902292132377625
INFO: 25910 0.06514952331781387
INFO: 25920 0.06433998048305511
INFO: 25930 0.05141812562942505
INFO: 25940 0.0777919813990593
INFO: 25950 0.07136024534702301
INFO: 25960 0.07184862345457077
INFO: 25970 0.07584735751152039
INFO: 25980 0.08664393424987793
INFO: 25990 0.06472007930278778
INFO: 26000 0.046143755316734314
INFO: Checkpoint 26000 saved !
INFO: Step:26000, Valid_Dice:0.015359401400861079
INFO: 26010 0.047173306345939636
INFO: 26020 0.07709527015686035
INFO: 26030 0.06086329370737076
INFO: 26040 0.05343363806605339
INFO: 26050 0.05713364854454994
INFO: 26060 0.044565554708242416
INFO: 26070 0.05527845397591591
INFO: 26080 0.08330032229423523
INFO: 26090 0.04470603168010712
INFO: 26100 0.07140325754880905
INFO: 26110 0.06150239706039429
INFO: 26120 0.09864244610071182
INFO: 26130 0.07394175976514816
INFO: 26140 0.06020857021212578
INFO: 26150 0.09955814480781555
INFO: 26160 0.05999187007546425
INFO: 26170 0.06353507190942764
INFO: 26180 0.06863529235124588
INFO: 26190 0.051170188933610916
INFO: 26200 0.07928377389907837
INFO: 26210 0.08753427118062973
INFO: 26220 0.06088406220078468
INFO: 26230 0.0738571509718895
INFO: 26240 0.05730089545249939
INFO: 26250 0.06668105721473694
INFO: 26260 0.05518260598182678
INFO: 26270 0.06692098081111908
INFO: 26280 0.061797961592674255
INFO: 26290 0.058289527893066406
INFO: 26300 0.06775446981191635
INFO: 26310 0.06114700809121132
INFO: 26320 0.06761474907398224
INFO: 26330 0.06663017719984055
INFO: 26340 0.11295666545629501
INFO: 26350 0.07043476402759552
INFO: 26360 0.059620533138513565
INFO: 26370 0.06104305386543274
INFO: 26380 0.07532315701246262
INFO: 26390 0.053856950253248215
INFO: 26400 0.06784071028232574
INFO: 26410 0.07199068367481232
INFO: 26420 0.05575025454163551
INFO: 26430 0.07271625846624374
INFO: 26440 0.06190939247608185
INFO: 26450 0.04570069909095764
INFO: 26460 0.08485333621501923
INFO: 26470 0.053926415741443634
INFO: 26480 0.06011972576379776
INFO: 26490 0.07301785051822662
INFO: 26500 0.05458841472864151
INFO: Checkpoint 26500 saved !
INFO: Step:26500, Valid_Dice:0.0010026651996892576
INFO: 26510 0.07320250570774078
INFO: 26520 0.06217160075902939
INFO: 26530 0.07262331247329712
INFO: 26540 0.07901886850595474
INFO: 26550 0.04692942276597023
INFO: 26560 0.03895410895347595
INFO: 26570 0.05835523083806038
INFO: 26580 0.05094102770090103
INFO: 26590 0.0517733171582222
INFO: 26600 0.09263478219509125
INFO: 26610 0.059692639857530594
INFO: 26620 0.04558396339416504
INFO: 26630 0.07630253583192825
INFO: 26640 0.07803612947463989
INFO: 26650 0.06918667256832123
INFO: 26660 0.08416503667831421
INFO: 26670 0.07145237177610397
INFO: 26680 0.06437765806913376
INFO: 26690 0.06803998351097107
INFO: 26700 0.06475090235471725
INFO: 26710 0.07653453201055527
INFO: 26720 0.04698595777153969
INFO: 26730 0.05021326243877411
INFO: 26740 0.07443917542695999
INFO: 26750 0.04952609911561012
INFO: 26760 0.03999942168593407
INFO: 26770 0.061512816697359085
INFO: 26780 0.05807552486658096
INFO: 26790 0.06050071492791176
INFO: 26800 0.0774766132235527
INFO: 26810 0.058989543467760086
INFO: 26820 0.0692819207906723
INFO: 26830 0.06041502580046654
INFO: 26840 0.058567967265844345
INFO: 26850 0.041301947087049484
INFO: 26860 0.06906618922948837
INFO: 26870 0.07068270444869995
INFO: 26880 0.056738000363111496
INFO: 26890 0.06730355322360992
INFO: 26900 0.05922432988882065
INFO: 26910 0.07587040960788727
INFO: 26920 0.07583782076835632
INFO: 26930 0.07399417459964752
INFO: 26940 0.060050856322050095
INFO: 26950 0.05548225715756416
INFO: 26960 0.05177517235279083
INFO: 26970 0.07345052808523178
INFO: 26980 0.05854155868291855
INFO: 26990 0.07455645501613617
INFO: 27000 0.12116776406764984
INFO: Checkpoint 27000 saved !
INFO: Step:27000, Valid_Dice:0.0
INFO: 27010 0.07803758233785629
INFO: 27020 0.050464749336242676
INFO: 27030 0.051351264119148254
INFO: 27040 0.07567800581455231
INFO: 27050 0.10216866433620453
INFO: 27060 0.07921363413333893
INFO: 27070 0.06948357820510864
INFO: 27080 0.08765721321105957
INFO: 27090 0.06003287434577942
INFO: 27100 0.050757162272930145
INFO: 27110 0.07189159095287323
INFO: 27120 0.06244499608874321
INFO: 27130 0.04704150930047035
INFO: 27140 0.05662158876657486
INFO: 27150 0.03803550824522972
INFO: 27160 0.05316656455397606
INFO: 27170 0.046921949833631516
INFO: 27180 0.07921425998210907
INFO: 27190 0.05241788178682327
INFO: 27200 0.06538120657205582
INFO: 27210 0.06603191792964935
INFO: 27220 0.053722888231277466
INFO: 27230 0.05437026917934418
INFO: 27240 0.08020099997520447
INFO: 27250 0.06833353638648987
INFO: 27260 0.06603741645812988
INFO: 27270 0.07017979770898819
INFO: 27280 0.10830804705619812
INFO: 27290 0.06286123394966125
INFO: 27300 0.04844203591346741
INFO: 27310 0.07329148799180984
INFO: 27320 0.07652317732572556
INFO: 27330 0.06083422154188156
INFO: 27340 0.064045250415802
INFO: 27350 0.06779436022043228
INFO: 27360 0.061469946056604385
INFO: 27370 0.05148058384656906
INFO: 27380 0.06676539033651352
INFO: 27390 0.07214657962322235
INFO: 27400 0.08282175660133362
INFO: 27410 0.06307801604270935
INFO: 27420 0.07118427753448486
INFO: 27430 0.06786246597766876
INFO: 27440 0.06768638640642166
INFO: 27450 0.0424334853887558
INFO: 27460 0.06450645625591278
INFO: 27470 0.06871805340051651
INFO: 27480 0.06529935449361801
INFO: 27490 0.06113500893115997
INFO: 27500 0.06009960174560547
INFO: Checkpoint 27500 saved !
INFO: Step:27500, Valid_Dice:0.00023696527647893356
INFO: 27510 0.08092237263917923
INFO: 27520 0.044811494648456573
INFO: 27530 0.1380590945482254
INFO: 27540 0.1030137687921524
INFO: 27550 0.07388556003570557
INFO: 27560 0.054345037788152695
INFO: 27570 0.05201093107461929
INFO: 27580 0.10222559422254562
INFO: 27590 0.06125593185424805
INFO: 27600 0.0690208151936531
INFO: 27610 0.04276283457875252
INFO: 27620 0.044575948268175125
INFO: 27630 0.07486367970705032
INFO: 27640 0.12577413022518158
INFO: 27650 0.05348993092775345
INFO: 27660 0.1024729385972023
INFO: 27670 0.04841703921556473
INFO: 27680 0.12874647974967957
INFO: 27690 0.06999726593494415
INFO: 27700 0.05476415902376175
INFO: 27710 0.05418666824698448
INFO: 27720 0.1093786358833313
INFO: 27730 0.05801195651292801
INFO: 27740 0.04874655231833458
INFO: 27750 0.07247666269540787
INFO: 27760 0.06137695163488388
INFO: 27770 0.07725615054368973
INFO: 27780 0.04652620106935501
INFO: 27790 0.04032652825117111
INFO: 27800 0.07030097395181656
INFO: 27810 0.05088789016008377
INFO: 27820 0.04718999192118645
INFO: 27830 0.04177553206682205
INFO: 27840 0.06682337820529938
INFO: 27850 0.08281359821557999
INFO: 27860 0.05972817912697792
INFO: 27870 0.04969367757439613
INFO: 27880 0.06239033117890358
INFO: 27890 0.04157326743006706
INFO: 27900 0.08225248754024506
INFO: 27910 0.06728868931531906
INFO: 27920 0.05237885192036629
INFO: 27930 0.04277325049042702
INFO: 27940 0.04848845303058624
INFO: 27950 0.07928713411092758
INFO: 27960 0.06479837745428085
INFO: 27970 0.07324133068323135
INFO: 27980 0.04751244932413101
INFO: 27990 0.0610668808221817
INFO: 28000 0.05475978925824165
INFO: Checkpoint 28000 saved !
INFO: Step:28000, Valid_Dice:0.09030944549906443
INFO: 28010 0.0594993531703949
INFO: 28020 0.0689743161201477
INFO: 28030 0.07403140515089035
INFO: 28040 0.05631781741976738
INFO: 28050 0.049818314611911774
INFO: 28060 0.07416393607854843
INFO: 28070 0.07504628598690033
INFO: 28080 0.049005139619112015
INFO: 28090 0.06365195661783218
INFO: 28100 0.05084238573908806
INFO: 28110 0.05682730674743652
INFO: 28120 0.0779796838760376
INFO: 28130 0.03129654750227928
INFO: 28140 0.042415596544742584
INFO: 28150 0.1078653335571289
INFO: 28160 0.07201824337244034
INFO: 28170 0.07309585809707642
INFO: 28180 0.07634469866752625
INFO: 28190 0.05612824857234955
INFO: 28200 0.07599339634180069
INFO: 28210 0.060670580714941025
INFO: 28220 0.07146130502223969
INFO: 28230 0.045249298214912415
INFO: 28240 0.058514196425676346
INFO: 28250 0.06003798916935921
INFO: 28260 0.05756475776433945
INFO: 28270 0.058286335319280624
INFO: 28280 0.05955247953534126
INFO: 28290 0.053188953548669815
INFO: 28300 0.07301009446382523
INFO: 28310 0.07803952693939209
INFO: 28320 0.07279843837022781
INFO: 28330 0.04069123417139053
INFO: 28340 0.12136268615722656
INFO: 28350 0.07250407338142395
INFO: 28360 0.06320509314537048
INFO: 28370 0.25178417563438416
INFO: 28380 0.06783377379179001
INFO: 28390 0.07388778775930405
INFO: 28400 0.0632229894399643
INFO: 28410 0.051895417273044586
INFO: 28420 0.061010558158159256
INFO: 28430 0.051081281155347824
INFO: 28440 0.08321299403905869
INFO: 28450 0.04228855296969414
INFO: 28460 0.08602739870548248
INFO: 28470 0.07547616213560104
INFO: 28480 0.05554390698671341
INFO: 28490 0.053151685744524
INFO: 28500 0.045656464993953705
INFO: Checkpoint 28500 saved !
INFO: Step:28500, Valid_Dice:0.0053394983932633375
INFO: 28510 0.0676041767001152
INFO: 28520 0.07710137218236923
INFO: 28530 0.042947154492139816
INFO: 28540 0.06614666432142258
INFO: 28550 0.05108936131000519
INFO: 28560 0.06828941404819489
INFO: 28570 0.06399665772914886
INFO: 28580 0.059088826179504395
INFO: 28590 0.041510216891765594
INFO: 28600 0.0707588642835617
INFO: 28610 0.16239722073078156
INFO: 28620 0.09471219778060913
INFO: 28630 0.07398387789726257
INFO: 28640 0.053991418331861496
INFO: 28650 0.05680598318576813
INFO: 28660 0.06007105112075806
INFO: 28670 0.06240192428231239
INFO: 28680 0.061287712305784225
INFO: 28690 0.07106781005859375
INFO: 28700 0.06035347282886505
INFO: 28710 0.053066834807395935
INFO: 28720 0.0650203600525856
INFO: 28730 0.06188536435365677
INFO: 28740 0.053359612822532654
INFO: 28750 0.0757044106721878
INFO: 28760 0.038243383169174194
INFO: 28770 0.044202253222465515
INFO: 28780 0.11663984507322311
INFO: 28790 0.04725400358438492
INFO: 28800 0.08224030584096909
INFO: 28810 0.06504368036985397
INFO: 28820 0.06621040403842926
INFO: 28830 0.07516639679670334
INFO: 28840 0.0850147232413292
INFO: 28850 0.06318065524101257
INFO: 28860 0.0674002468585968
INFO: 28870 0.057822179049253464
INFO: 28880 0.05760524794459343
INFO: 28890 0.04514079540967941
INFO: 28900 0.05412698909640312
INFO: 28910 0.07740461081266403
INFO: 28920 0.0574788823723793
INFO: 28930 0.03288649767637253
INFO: 28940 0.06353028863668442
INFO: 28950 0.037142492830753326
INFO: 28960 0.07549533993005753
INFO: 28970 0.07457675039768219
INFO: 28980 0.07895658165216446
INFO: 28990 0.04005109518766403
INFO: 29000 0.11415839940309525
INFO: Checkpoint 29000 saved !
INFO: Step:29000, Valid_Dice:0.004425447589876547
INFO: 29010 0.04409661889076233
INFO: 29020 0.08048786967992783
INFO: 29030 0.06735699623823166
INFO: 29040 0.10730168223381042
INFO: 29050 0.07459331303834915
INFO: 29060 0.07089947909116745
INFO: 29070 0.04714649170637131
INFO: 29080 0.0631256252527237
INFO: 29090 0.06654540449380875
INFO: 29100 0.0688759908080101
INFO: 29110 0.06820926815271378
INFO: 29120 0.057949699461460114
INFO: 29130 0.05986970663070679
INFO: 29140 0.054790984839200974
INFO: 29150 0.08856681734323502
INFO: 29160 0.07893349975347519
INFO: 29170 0.08009250462055206
INFO: 29180 0.06035171449184418
INFO: 29190 0.06529230624437332
INFO: 29200 0.07069508731365204
INFO: 29210 0.06820157170295715
INFO: 29220 0.051579076796770096
INFO: 29230 0.09949462860822678
INFO: 29240 0.05207590386271477
INFO: 29250 0.043287742882966995
INFO: 29260 0.06836337596178055
INFO: 29270 0.05657510831952095
INFO: 29280 0.058897584676742554
INFO: 29290 0.05517902970314026
INFO: 29300 0.061642639338970184
INFO: 29310 0.0973702147603035
INFO: 29320 0.0896531343460083
INFO: 29330 0.07528772950172424
INFO: 29340 0.056501295417547226
INFO: 29350 0.09334947168827057
INFO: 29360 0.07126806676387787
INFO: 29370 0.05887845531105995
INFO: 29380 0.06982502341270447
INFO: 29390 0.06587978452444077
INFO: 29400 0.06582576036453247
INFO: 29410 0.05344289541244507
INFO: 29420 0.05719411000609398
INFO: 29430 0.06071823835372925
INFO: 29440 0.06723733246326447
INFO: 29450 0.11120842397212982
INFO: 29460 0.08818382769823074
INFO: 29470 0.051883306354284286
INFO: 29480 0.049025505781173706
INFO: 29490 0.07406047731637955
INFO: 29500 0.06513839960098267
INFO: Checkpoint 29500 saved !
INFO: Step:29500, Valid_Dice:0.0
INFO: 29510 0.05981669947504997
INFO: 29520 0.08682876825332642
INFO: 29530 0.08107352256774902
INFO: 29540 0.10007123649120331
INFO: 29550 0.04807804524898529
INFO: 29560 0.06629043072462082
INFO: 29570 0.05580909550189972
INFO: 29580 0.0752817913889885
INFO: 29590 0.08399122208356857
INFO: 29600 0.05968432500958443
INFO: 29610 0.03882516920566559
INFO: 29620 0.05083611235022545
INFO: 29630 0.05792340263724327
INFO: 29640 0.06738390028476715
INFO: 29650 0.06426750123500824
INFO: 29660 0.06384258717298508
INFO: 29670 0.04499867185950279
INFO: 29680 0.07215474545955658
INFO: 29690 0.054184045642614365
INFO: 29700 0.06536338478326797
INFO: 29710 0.061985887587070465
INFO: 29720 0.06628817319869995
INFO: 29730 0.0517454594373703
INFO: 29740 0.0683039203286171
INFO: 29750 0.06157418340444565
INFO: 29760 0.06635413318872452
INFO: 29770 0.0654817596077919
INFO: 29780 0.09279181808233261
INFO: 29790 0.059561822563409805
INFO: 29800 0.0472552664577961
INFO: 29810 0.09972652792930603
INFO: 29820 0.07112296670675278
INFO: 29830 0.055060118436813354
INFO: 29840 0.06593520194292068
INFO: 29850 0.050296809524297714
INFO: 29860 0.06914012134075165
INFO: 29870 0.05349723994731903
INFO: 29880 0.06564853340387344
INFO: 29890 0.08352158218622208
INFO: 29900 0.08737390488386154
INFO: 29910 0.0487484484910965
INFO: 29920 0.0643974170088768
INFO: 29930 0.06685274839401245
INFO: 29940 0.0477006696164608
INFO: 29950 0.07059396058320999
INFO: 29960 0.07445771247148514
INFO: 29970 0.08732575923204422
INFO: 29980 0.07066851109266281
INFO: 29990 0.06348545849323273
INFO: 30000 0.05018620565533638
INFO: Checkpoint 30000 saved !
INFO: Step:30000, Valid_Dice:0.0002930699416521849
INFO: 30010 0.07722394168376923
INFO: 30020 0.056844212114810944
INFO: 30030 0.06500206142663956
INFO: 30040 0.0636390969157219
INFO: 30050 0.05182608589529991
INFO: 30060 0.04130510985851288
INFO: 30070 0.0486663281917572
INFO: 30080 0.057588763535022736
INFO: 30090 0.04058883711695671
INFO: 30100 0.0720691829919815
INFO: 30110 0.0987156480550766
INFO: 30120 0.05793390050530434
INFO: 30130 0.05516834557056427
INFO: 30140 0.03582625836133957
INFO: 30150 0.05048749968409538
INFO: 30160 0.06472580879926682
INFO: 30170 0.05186046287417412
INFO: 30180 0.058001648634672165
INFO: 30190 0.05744866281747818
INFO: 30200 0.04706457629799843
INFO: 30210 0.08055457472801208
INFO: 30220 0.0765545442700386
INFO: 30230 0.11023104190826416
INFO: 30240 0.07519803196191788
INFO: 30250 0.05968658998608589
INFO: 30260 0.06390615552663803
INFO: 30270 0.0613291934132576
INFO: 30280 0.044655829668045044
INFO: 30290 0.07384049147367477
INFO: 30300 0.04939797520637512
INFO: 30310 0.06822435557842255
INFO: 30320 0.05258134752511978
INFO: 30330 0.0820176750421524
INFO: 30340 0.05598006770014763
INFO: 30350 0.056263599544763565
INFO: 30360 0.09231796860694885
INFO: 30370 0.05872863903641701
INFO: 30380 0.06373657286167145
INFO: 30390 0.050400953739881516
INFO: 30400 0.058505479246377945
INFO: 30410 0.058361828327178955
INFO: 30420 0.05514979362487793
INFO: 30430 0.05795269086956978
INFO: 30440 0.05575814098119736
INFO: 30450 0.04617353528738022
INFO: 30460 0.10598064213991165
INFO: 30470 0.05917712301015854
INFO: 30480 0.04273040592670441
INFO: 30490 0.053826574236154556
INFO: 30500 0.059102244675159454
INFO: Checkpoint 30500 saved !
INFO: Step:30500, Valid_Dice:9.633621108261696e-05
INFO: 30510 0.07193376123905182
INFO: 30520 0.055997200310230255
INFO: 30530 0.07378608733415604
INFO: 30540 0.062025267630815506
INFO: 30550 0.0770319476723671
INFO: 30560 0.053162578493356705
INFO: 30570 0.06666199117898941
INFO: 30580 0.07581967115402222
INFO: 30590 0.05543260648846626
INFO: 30600 0.08892776817083359
INFO: 30610 0.061282481998205185
INFO: 30620 0.04863209277391434
INFO: 30630 0.10569606721401215
INFO: 30640 0.054081548005342484
INFO: 30650 0.06870856136083603
INFO: 30660 0.053953807801008224
INFO: 30670 0.06939622759819031
INFO: 30680 0.05545385926961899
INFO: 30690 0.06781747192144394
INFO: 30700 0.08460242301225662
INFO: 30710 0.05073946341872215
INFO: 30720 0.05967296287417412
INFO: 30730 0.05477844178676605
INFO: 30740 0.04959426820278168
INFO: 30750 0.04601287096738815
INFO: 30760 0.07118838280439377
INFO: 30770 0.06907306611537933
INFO: 30780 0.06481821089982986
INFO: 30790 0.06488315761089325
INFO: 30800 0.058353956788778305
INFO: 30810 0.054980188608169556
INFO: 30820 0.044581055641174316
INFO: 30830 0.10340126603841782
INFO: 30840 0.05038619413971901
INFO: 30850 0.07101553678512573
INFO: 30860 0.06796446442604065
INFO: 30870 0.0491754449903965
INFO: 30880 0.09153802692890167
INFO: 30890 0.056500401347875595
INFO: 30900 0.04854811355471611
INFO: 30910 0.08214470744132996
INFO: 30920 0.054913781583309174
INFO: 30930 0.056370433419942856
INFO: 30940 0.0696123018860817
INFO: 30950 0.06030477210879326
INFO: 30960 0.04770621657371521
INFO: 30970 0.05457630753517151
INFO: 30980 0.05620301514863968
INFO: 30990 0.06589385122060776
INFO: 31000 0.06763729453086853
INFO: Checkpoint 31000 saved !
INFO: Step:31000, Valid_Dice:0.0
INFO: 31010 0.05984703451395035
INFO: 31020 0.09244729578495026
INFO: 31030 0.0561654306948185
INFO: 31040 0.05075351893901825
INFO: 31050 0.06577508896589279
INFO: 31060 0.06953074038028717
INFO: 31070 0.06454958766698837
INFO: 31080 0.07366867363452911
INFO: 31090 0.04664222523570061
INFO: 31100 0.06163598597049713
INFO: 31110 0.05880822241306305
INFO: 31120 0.05379023402929306
INFO: 31130 0.07793362438678741
INFO: 31140 0.08581434190273285
INFO: 31150 0.06451641023159027
INFO: 31160 0.05216478928923607
INFO: 31170 0.12371814996004105
INFO: 31180 0.05235366150736809
INFO: 31190 0.06279227882623672
INFO: 31200 0.06483522057533264
INFO: 31210 0.04861854389309883
INFO: 31220 0.05304597318172455
INFO: 31230 0.07322589308023453
INFO: 31240 0.04624941572546959
INFO: 31250 0.06740082055330276
INFO: 31260 0.06295064836740494
INFO: 31270 0.06412974745035172
INFO: 31280 0.07491370290517807
INFO: 31290 0.05547419562935829
INFO: 31300 0.05481341481208801
INFO: 31310 0.04728879779577255
INFO: 31320 0.058546751737594604
INFO: 31330 0.05598083510994911
INFO: 31340 0.07932505011558533
INFO: 31350 0.06588789820671082
INFO: 31360 0.05927478149533272
INFO: 31370 0.06927309930324554
INFO: 31380 0.09219305217266083
INFO: 31390 0.044428251683712006
INFO: 31400 0.06427207589149475
INFO: 31410 0.07060161978006363
INFO: 31420 0.05044858157634735
INFO: 31430 0.04566618800163269
INFO: 31440 0.053751152008771896
INFO: 31450 0.07224984467029572
INFO: 31460 0.048214204609394073
INFO: 31470 0.06304644048213959
INFO: 31480 0.051397278904914856
INFO: 31490 0.05382439121603966
INFO: 31500 0.06347286701202393
INFO: Checkpoint 31500 saved !
INFO: Step:31500, Valid_Dice:0.0
INFO: 31510 0.0745122954249382
INFO: 31520 0.09282297641038895
INFO: 31530 0.06409681588411331
INFO: 31540 0.09232933074235916
INFO: 31550 0.06827478110790253
INFO: 31560 0.042426105588674545
INFO: 31570 0.070530965924263
INFO: 31580 0.06647281348705292
INFO: 31590 0.079408198595047
INFO: 31600 0.061051469296216965
INFO: 31610 0.0642198845744133
INFO: 31620 0.0515999011695385
INFO: 31630 0.09017156064510345
INFO: 31640 0.03539084643125534
INFO: 31650 0.07816231995820999
INFO: 31660 0.06037108227610588
INFO: 31670 0.07029766589403152
INFO: 31680 0.05399344488978386
INFO: 31690 0.05422358214855194
INFO: 31700 0.04998329281806946
INFO: 31710 0.08041413873434067
INFO: 31720 0.07449111342430115
INFO: 31730 0.06321053951978683
INFO: 31740 0.0806715339422226
INFO: 31750 0.06972585618495941
INFO: 31760 0.05680517107248306
INFO: 31770 0.062037255614995956
INFO: 31780 0.06609378755092621
INFO: 31790 0.15526379644870758
INFO: 31800 0.06129564717411995
INFO: 31810 0.060956407338380814
INFO: 31820 0.055459409952163696
INFO: 31830 0.05442158877849579
INFO: 31840 0.060173388570547104
INFO: 31850 0.07080204039812088
INFO: 31860 0.04629817605018616
INFO: 31870 0.06372619420289993
INFO: 31880 0.03955337405204773
INFO: 31890 0.05125363916158676
INFO: 31900 0.07121889293193817
INFO: 31910 0.0680835023522377
INFO: 31920 0.06307322531938553
INFO: 31930 0.04175197705626488
INFO: 31940 0.06699011474847794
INFO: 31950 0.06788430362939835
INFO: 31960 0.054160792380571365
INFO: 31970 0.048324570059776306
INFO: 31980 0.039165228605270386
INFO: 31990 0.06945127993822098
INFO: 32000 0.06641240417957306
INFO: Checkpoint 32000 saved !
INFO: Step:32000, Valid_Dice:0.0
