INFO: Using device cuda
INFO: DataParallel(
  (module): IPN_V2(
    (input3d): InConv3d(
      (in_conv): Sequential(
        (0): Conv3d(1, 64, kernel_size=(3, 3, 3), stride=(1, 1, 1), padding=(1, 1, 1))
        (1): ReLU(inplace=True)
      )
    )
    (PLM1): PLM(
      (plm): Sequential(
        (0): MaxPool3d(kernel_size=[8, 1, 1], stride=[8, 1, 1], padding=0, dilation=1, ceil_mode=False)
        (1): Conv3d(64, 64, kernel_size=(3, 3, 3), stride=(1, 1, 1), padding=(1, 1, 1))
        (2): ReLU(inplace=True)
        (3): Conv3d(64, 64, kernel_size=(3, 3, 3), stride=(1, 1, 1), padding=(1, 1, 1))
        (4): ReLU(inplace=True)
      )
    )
    (PLM2): PLM(
      (plm): Sequential(
        (0): MaxPool3d(kernel_size=[5, 1, 1], stride=[5, 1, 1], padding=0, dilation=1, ceil_mode=False)
        (1): Conv3d(64, 64, kernel_size=(3, 3, 3), stride=(1, 1, 1), padding=(1, 1, 1))
        (2): ReLU(inplace=True)
        (3): Conv3d(64, 64, kernel_size=(3, 3, 3), stride=(1, 1, 1), padding=(1, 1, 1))
        (4): ReLU(inplace=True)
      )
    )
    (PLM3): PLM(
      (plm): Sequential(
        (0): MaxPool3d(kernel_size=[4, 1, 1], stride=[4, 1, 1], padding=0, dilation=1, ceil_mode=False)
        (1): Conv3d(64, 64, kernel_size=(3, 3, 3), stride=(1, 1, 1), padding=(1, 1, 1))
        (2): ReLU(inplace=True)
        (3): Conv3d(64, 64, kernel_size=(3, 3, 3), stride=(1, 1, 1), padding=(1, 1, 1))
        (4): ReLU(inplace=True)
      )
    )
    (input2d): skip(
      (double2dconv): DoubleConv(
        (double_conv): Sequential(
          (0): Conv2d(128, 64, kernel_size=(3, 3), stride=(1, 1), padding=(1, 1))
          (1): ReLU(inplace=True)
          (2): Conv2d(64, 64, kernel_size=(3, 3), stride=(1, 1), padding=(1, 1))
          (3): ReLU(inplace=True)
        )
      )
      (skip_conv): Conv3d(64, 64, kernel_size=(160, 1, 1), stride=(160, 1, 1))
    )
    (pp): UNet_3Plus(
      (conv1): DoubleConv(
        (double_conv): Sequential(
          (0): Conv2d(64, 64, kernel_size=(3, 3), stride=(1, 1), padding=(1, 1))
          (1): ReLU(inplace=True)
          (2): Conv2d(64, 64, kernel_size=(3, 3), stride=(1, 1), padding=(1, 1))
          (3): ReLU(inplace=True)
        )
      )
      (maxpool1): MaxPool2d(kernel_size=2, stride=2, padding=0, dilation=1, ceil_mode=False)
      (conv2): DoubleConv(
        (double_conv): Sequential(
          (0): Conv2d(64, 64, kernel_size=(3, 3), stride=(1, 1), padding=(1, 1))
          (1): ReLU(inplace=True)
          (2): Conv2d(64, 64, kernel_size=(3, 3), stride=(1, 1), padding=(1, 1))
          (3): ReLU(inplace=True)
        )
      )
      (maxpool2): MaxPool2d(kernel_size=2, stride=2, padding=0, dilation=1, ceil_mode=False)
      (conv3): DoubleConv(
        (double_conv): Sequential(
          (0): Conv2d(64, 64, kernel_size=(3, 3), stride=(1, 1), padding=(1, 1))
          (1): ReLU(inplace=True)
          (2): Conv2d(64, 64, kernel_size=(3, 3), stride=(1, 1), padding=(1, 1))
          (3): ReLU(inplace=True)
        )
      )
      (h1_PT_hd3): MaxPool2d(kernel_size=4, stride=4, padding=0, dilation=1, ceil_mode=True)
      (h1_PT_hd3_conv): Conv2d(64, 64, kernel_size=(3, 3), stride=(1, 1), padding=(1, 1))
      (h1_PT_hd3_relu): ReLU(inplace=True)
      (h2_PT_hd3): MaxPool2d(kernel_size=2, stride=2, padding=0, dilation=1, ceil_mode=True)
      (h2_PT_hd3_conv): Conv2d(64, 64, kernel_size=(3, 3), stride=(1, 1), padding=(1, 1))
      (h2_PT_hd3_relu): ReLU(inplace=True)
      (h3_Cat_hd3_conv): Conv2d(64, 64, kernel_size=(3, 3), stride=(1, 1), padding=(1, 1))
      (h3_Cat_hd3_relu): ReLU(inplace=True)
      (conv3d_1): Conv2d(192, 192, kernel_size=(3, 3), stride=(1, 1), padding=(1, 1))
      (relu3d_1): ReLU(inplace=True)
      (h1_PT_hd2): MaxPool2d(kernel_size=2, stride=2, padding=0, dilation=1, ceil_mode=True)
      (h1_PT_hd2_conv): Conv2d(64, 64, kernel_size=(3, 3), stride=(1, 1), padding=(1, 1))
      (h1_PT_hd2_relu): ReLU(inplace=True)
      (h2_Cat_hd2_conv): Conv2d(64, 64, kernel_size=(3, 3), stride=(1, 1), padding=(1, 1))
      (h2_Cat_hd2_relu): ReLU(inplace=True)
      (hd3_UT_hd2): Upsample(scale_factor=2.0, mode=bilinear)
      (hd3_UT_hd2_conv): Conv2d(192, 64, kernel_size=(3, 3), stride=(1, 1), padding=(1, 1))
      (hd3_UT_hd2_relu): ReLU(inplace=True)
      (conv2d_1): Conv2d(192, 192, kernel_size=(3, 3), stride=(1, 1), padding=(1, 1))
      (relu2d_1): ReLU(inplace=True)
      (h1_Cat_hd1_conv): Conv2d(64, 64, kernel_size=(3, 3), stride=(1, 1), padding=(1, 1))
      (h1_Cat_hd1_relu): ReLU(inplace=True)
      (hd2_UT_hd1): Upsample(scale_factor=2.0, mode=bilinear)
      (hd2_UT_hd1_conv): Conv2d(192, 64, kernel_size=(3, 3), stride=(1, 1), padding=(1, 1))
      (hd2_UT_hd1_relu): ReLU(inplace=True)
      (hd3_UT_hd1): Upsample(scale_factor=4.0, mode=bilinear)
      (hd3_UT_hd1_conv): Conv2d(192, 64, kernel_size=(3, 3), stride=(1, 1), padding=(1, 1))
      (hd3_UT_hd1_relu): ReLU(inplace=True)
      (conv1d_1): Conv2d(192, 64, kernel_size=(3, 3), stride=(1, 1), padding=(1, 1))
      (relu1d_1): ReLU(inplace=True)
      (outconv1): Conv2d(64, 2, kernel_size=(3, 3), stride=(1, 1), padding=(1, 1))
    )
  )
)
/home/yh3529/.conda/envs/torch-1.11/lib/python3.9/site-packages/torch/nn/functional.py:780: UserWarning: Note that order of the arguments: ceil_mode and return_indices will changeto match the args list in nn.MaxPool2d in a future release.
  warnings.warn("Note that order of the arguments: ceil_mode and return_indices will change"
INFO: 0 0.7171695828437805
INFO: Checkpoint 0 saved !
INFO: Step:0, Valid_Dice:0.1642911267958028
INFO: 10 0.6716226935386658
INFO: 20 0.34179604053497314
INFO: 30 0.40573936700820923
INFO: 40 0.36507654190063477
INFO: 50 0.2036897987127304
INFO: 60 0.308051735162735
INFO: 70 0.3204187750816345
INFO: 80 0.35171082615852356
INFO: 90 0.25199007987976074
INFO: 100 0.3259769678115845
INFO: 110 0.2733936905860901
INFO: 120 0.3878561854362488
INFO: 130 0.2741347551345825
INFO: 140 0.23913466930389404
INFO: 150 0.3726818859577179
INFO: 160 0.2743087410926819
INFO: 170 0.3103474974632263
INFO: 180 0.25265806913375854
INFO: 190 0.29187729954719543
INFO: 200 0.3412711024284363
INFO: 210 0.3405643105506897
INFO: 220 0.2243436723947525
INFO: 230 0.34480488300323486
INFO: 240 0.2805788516998291
INFO: 250 0.2422320544719696
INFO: 260 0.3264541029930115
INFO: 270 0.34570738673210144
INFO: 280 0.34000301361083984
INFO: 290 0.32445263862609863
INFO: 300 0.30780118703842163
INFO: 310 0.33976176381111145
INFO: 320 0.30598780512809753
INFO: 330 0.32058995962142944
INFO: 340 0.23918090760707855
INFO: 350 0.24111631512641907
INFO: 360 0.3038179278373718
INFO: 370 0.32269424200057983
INFO: 380 0.3171573877334595
INFO: 390 0.28153887391090393
INFO: 400 0.28965869545936584
INFO: 410 0.34798872470855713
INFO: 420 0.297695517539978
INFO: 430 0.3134319484233856
INFO: 440 0.25864872336387634
INFO: 450 0.32616254687309265
INFO: 460 0.329237163066864
INFO: 470 0.3488428294658661
INFO: 480 0.3696516454219818
INFO: 490 0.34599676728248596
INFO: 500 0.2627561390399933
INFO: Checkpoint 500 saved !
INFO: Step:500, Valid_Dice:0.0
INFO: 510 0.2558276951313019
INFO: 520 0.2843983769416809
INFO: 530 0.31946614384651184
INFO: 540 0.32048499584198
INFO: 550 0.25388726592063904
INFO: 560 0.2656807005405426
INFO: 570 0.2947661578655243
INFO: 580 0.285888135433197
INFO: 590 0.3025103807449341
INFO: 600 0.28771302103996277
INFO: 610 0.2480648010969162
INFO: 620 0.2369164079427719
INFO: 630 0.204408198595047
INFO: 640 0.2869572937488556
INFO: 650 0.265513151884079
INFO: 660 0.2197270691394806
INFO: 670 0.2566321790218353
INFO: 680 0.25131919980049133
INFO: 690 0.14844544231891632
INFO: 700 0.20287859439849854
INFO: 710 0.23622262477874756
INFO: 720 0.1626754254102707
INFO: 730 0.22237324714660645
INFO: 740 0.25785934925079346
INFO: 750 0.24132050573825836
INFO: 760 0.1847304254770279
INFO: 770 0.2671850919723511
INFO: 780 0.20099739730358124
INFO: 790 0.20160719752311707
INFO: 800 0.1929488480091095
INFO: 810 0.1989804208278656
INFO: 820 0.18102119863033295
INFO: 830 0.1836485117673874
INFO: 840 0.17419016361236572
INFO: 850 0.11795376241207123
INFO: 860 0.1699347347021103
INFO: 870 0.15228207409381866
INFO: 880 0.2395140379667282
INFO: 890 0.15182197093963623
INFO: 900 0.20382057130336761
INFO: 910 0.23335674405097961
INFO: 920 0.1529335230588913
INFO: 930 0.12816928327083588
INFO: 940 0.1925806850194931
INFO: 950 0.18585734069347382
INFO: 960 0.15453685820102692
INFO: 970 0.16366901993751526
INFO: 980 0.22150561213493347
INFO: 990 0.17653903365135193
INFO: 1000 0.1300525814294815
INFO: Checkpoint 1000 saved !
INFO: Step:1000, Valid_Dice:0.6334783099413003
INFO: 1010 0.15138490498065948
INFO: 1020 0.08818311244249344
INFO: 1030 0.11511337012052536
INFO: 1040 0.2376558631658554
INFO: 1050 0.1818787157535553
INFO: 1060 0.14373691380023956
INFO: 1070 0.1885940581560135
INFO: 1080 0.1223253682255745
INFO: 1090 0.1511305868625641
INFO: 1100 0.14847663044929504
INFO: 1110 0.17959697544574738
INFO: 1120 0.13076238334178925
INFO: 1130 0.16929370164871216
INFO: 1140 0.1364116072654724
INFO: 1150 0.09809465706348419
INFO: 1160 0.11259675025939941
INFO: 1170 0.1258135735988617
INFO: 1180 0.150465726852417
INFO: 1190 0.16276486217975616
INFO: 1200 0.18899406492710114
INFO: 1210 0.12222637981176376
INFO: 1220 0.14638110995292664
INFO: 1230 0.13445983827114105
INFO: 1240 0.12342658638954163
INFO: 1250 0.15733833611011505
INFO: 1260 0.12293771654367447
INFO: 1270 0.14792442321777344
INFO: 1280 0.11536743491888046
INFO: 1290 0.1311490535736084
INFO: 1300 0.1557023972272873
INFO: 1310 0.09632416069507599
INFO: 1320 0.17184387147426605
INFO: 1330 0.12023717910051346
INFO: 1340 0.14537794888019562
INFO: 1350 0.18473264575004578
INFO: 1360 0.10649111121892929
INFO: 1370 0.1623293161392212
INFO: 1380 0.24221906065940857
INFO: 1390 0.15147453546524048
INFO: 1400 0.20701098442077637
INFO: 1410 0.11753525584936142
INFO: 1420 0.11143027245998383
INFO: 1430 0.10330880433320999
INFO: 1440 0.12470368295907974
INFO: 1450 0.11701373010873795
INFO: 1460 0.11923523247241974
INFO: 1470 0.09114407002925873
INFO: 1480 0.11574108898639679
INFO: 1490 0.09623102098703384
INFO: 1500 0.13119596242904663
INFO: Checkpoint 1500 saved !
INFO: Step:1500, Valid_Dice:0.7375384675022397
INFO: 1510 0.1420821100473404
INFO: 1520 0.11760356277227402
INFO: 1530 0.1229197159409523
INFO: 1540 0.18073101341724396
INFO: 1550 0.15926910936832428
INFO: 1560 0.07488282024860382
INFO: 1570 0.12922604382038116
INFO: 1580 0.14820991456508636
INFO: 1590 0.1371646523475647
INFO: 1600 0.12538351118564606
INFO: 1610 0.09698685258626938
INFO: 1620 0.09906753897666931
INFO: 1630 0.10928869992494583
INFO: 1640 0.08314424753189087
INFO: 1650 0.09672190248966217
INFO: 1660 0.10313505679368973
INFO: 1670 0.0831599310040474
INFO: 1680 0.14680451154708862
INFO: 1690 0.3220197856426239
INFO: 1700 0.10303226113319397
INFO: 1710 0.13350100815296173
INFO: 1720 0.164247065782547
INFO: 1730 0.13766548037528992
INFO: 1740 0.13542599976062775
INFO: 1750 0.1121571809053421
INFO: 1760 0.09961486607789993
INFO: 1770 0.16385149955749512
INFO: 1780 0.10718591511249542
INFO: 1790 0.10620325058698654
INFO: 1800 0.17393042147159576
INFO: 1810 0.10758782923221588
INFO: 1820 0.10102834552526474
INFO: 1830 0.1406194269657135
INFO: 1840 0.08690577000379562
INFO: 1850 0.08058208972215652
INFO: 1860 0.08857331424951553
INFO: 1870 0.08946014940738678
INFO: 1880 0.10710406303405762
INFO: 1890 0.09675140678882599
INFO: 1900 0.13031995296478271
INFO: 1910 0.09567475318908691
INFO: 1920 0.17440265417099
INFO: 1930 0.09754735231399536
INFO: 1940 0.07298988103866577
INFO: 1950 0.10254941135644913
INFO: 1960 0.07858354598283768
INFO: 1970 0.1235944852232933
INFO: 1980 0.08311810344457626
INFO: 1990 0.10059688240289688
INFO: 2000 0.07445751130580902
INFO: Checkpoint 2000 saved !
INFO: Step:2000, Valid_Dice:0.7327579410303228
INFO: 2010 0.11358556896448135
INFO: 2020 0.12984606623649597
INFO: 2030 0.07539693266153336
INFO: 2040 0.12337134778499603
INFO: 2050 0.0850272923707962
INFO: 2060 0.11223967373371124
INFO: 2070 0.09193093329668045
INFO: 2080 0.05695700645446777
INFO: 2090 0.10471407324075699
INFO: 2100 0.06701105087995529
INFO: 2110 0.07052372395992279
INFO: 2120 0.10029140114784241
INFO: 2130 0.11245318502187729
INFO: 2140 0.08135730028152466
INFO: 2150 0.07523937523365021
INFO: 2160 0.09389173239469528
INFO: 2170 0.08314397186040878
INFO: 2180 0.13147397339344025
INFO: 2190 0.12945598363876343
INFO: 2200 0.09208877384662628
INFO: 2210 0.08450183272361755
INFO: 2220 0.11247427016496658
INFO: 2230 0.10862364619970322
INFO: 2240 0.061661455780267715
INFO: 2250 0.08931225538253784
INFO: 2260 0.11229172348976135
INFO: 2270 0.06360246986150742
INFO: 2280 0.09801731258630753
INFO: 2290 0.1027509793639183
INFO: 2300 0.0918324738740921
INFO: 2310 0.07574072480201721
INFO: 2320 0.2059296816587448
INFO: 2330 0.06801070272922516
INFO: 2340 0.060549743473529816
INFO: 2350 0.15369658172130585
INFO: 2360 0.09986122697591782
INFO: 2370 0.0874861478805542
INFO: 2380 0.08310622721910477
INFO: 2390 0.08271030336618423
INFO: 2400 0.15976077318191528
INFO: 2410 0.18692387640476227
INFO: 2420 0.09472046047449112
INFO: 2430 0.07891761511564255
INFO: 2440 0.13077394664287567
INFO: 2450 0.0878259688615799
INFO: 2460 0.08499471843242645
INFO: 2470 0.07037527114152908
INFO: 2480 0.12012448906898499
INFO: 2490 0.10011476278305054
INFO: 2500 0.09633395820856094
INFO: Checkpoint 2500 saved !
INFO: Step:2500, Valid_Dice:0.7894451141113064
INFO: 2510 0.050619542598724365
INFO: 2520 0.09939343482255936
INFO: 2530 0.0813814029097557
INFO: 2540 0.08209513127803802
INFO: 2550 0.0779498815536499
INFO: 2560 0.07427814602851868
INFO: 2570 0.12073461711406708
INFO: 2580 0.12881319224834442
INFO: 2590 0.0725746676325798
INFO: 2600 0.07395244389772415
INFO: 2610 0.08012337982654572
INFO: 2620 0.07364315539598465
INFO: 2630 0.06575269997119904
INFO: 2640 0.06834884732961655
INFO: 2650 0.12439294159412384
INFO: 2660 0.08411197364330292
INFO: 2670 0.08396665751934052
INFO: 2680 0.06222308799624443
INFO: 2690 0.08605450391769409
INFO: 2700 0.1391892284154892
INFO: 2710 0.11463000625371933
INFO: 2720 0.09142856299877167
INFO: 2730 0.0985335111618042
INFO: 2740 0.11150436848402023
INFO: 2750 0.09482017904520035
INFO: 2760 0.07070179283618927
INFO: 2770 0.09783831238746643
INFO: 2780 0.11718671023845673
INFO: 2790 0.12540237605571747
INFO: 2800 0.08048054575920105
INFO: 2810 0.11618349701166153
INFO: 2820 0.10485195368528366
INFO: 2830 0.05783494934439659
INFO: 2840 0.0791751816868782
INFO: 2850 0.12394078075885773
INFO: 2860 0.08681458979845047
INFO: 2870 0.07218470424413681
INFO: 2880 0.08014557510614395
INFO: 2890 0.09983833879232407
INFO: 2900 0.12383740395307541
INFO: 2910 0.06723169982433319
INFO: 2920 0.05754818022251129
INFO: 2930 0.0768958032131195
INFO: 2940 0.061927586793899536
INFO: 2950 0.057591602206230164
INFO: 2960 0.06220872327685356
INFO: 2970 0.06857230514287949
INFO: 2980 0.09573676437139511
INFO: 2990 0.09578417986631393
INFO: 3000 0.10462160408496857
INFO: Checkpoint 3000 saved !
INFO: Step:3000, Valid_Dice:0.7777552298866376
INFO: 3010 0.0650937408208847
INFO: 3020 0.06441318243741989
INFO: 3030 0.07801078259944916
INFO: 3040 0.08310479670763016
INFO: 3050 0.08604303747415543
INFO: 3060 0.07830542325973511
INFO: 3070 0.09307460486888885
INFO: 3080 0.1635647416114807
INFO: 3090 0.0818372294306755
INFO: 3100 0.14326591789722443
INFO: 3110 0.06904585659503937
INFO: 3120 0.06308721005916595
INFO: 3130 0.10614369809627533
INFO: 3140 0.06417739391326904
INFO: 3150 0.07576533406972885
INFO: 3160 0.0890154168009758
INFO: 3170 0.0692305713891983
INFO: 3180 0.11043459177017212
INFO: 3190 0.09164953976869583
INFO: 3200 0.15383818745613098
INFO: 3210 0.06637348979711533
INFO: 3220 0.08108055591583252
INFO: 3230 0.08237814903259277
INFO: 3240 0.07152652740478516
INFO: 3250 0.12881769239902496
INFO: 3260 0.081798255443573
INFO: 3270 0.09225471317768097
INFO: 3280 0.05267978459596634
INFO: 3290 0.07703867554664612
INFO: 3300 0.07584389299154282
INFO: 3310 0.06609876453876495
INFO: 3320 0.0760016143321991
INFO: 3330 0.08201905339956284
INFO: 3340 0.07154858112335205
INFO: 3350 0.17285312712192535
INFO: 3360 0.12533627450466156
INFO: 3370 0.04388105496764183
INFO: 3380 0.06394989043474197
INFO: 3390 0.057183776050806046
INFO: 3400 0.08660797774791718
INFO: 3410 0.07303392887115479
INFO: 3420 0.06644006818532944
INFO: 3430 0.09818669408559799
INFO: 3440 0.10037180036306381
INFO: 3450 0.13154418766498566
INFO: 3460 0.08826568722724915
INFO: 3470 0.11652955412864685
INFO: 3480 0.08177248388528824
INFO: 3490 0.07214414328336716
INFO: 3500 0.1107269749045372
INFO: Checkpoint 3500 saved !
INFO: Step:3500, Valid_Dice:0.8041211189105543
INFO: 3510 0.060071442276239395
INFO: 3520 0.07128013670444489
INFO: 3530 0.12265370786190033
INFO: 3540 0.07307875901460648
INFO: 3550 0.05356360971927643
INFO: 3560 0.06574611365795135
INFO: 3570 0.07089968770742416
INFO: 3580 0.09208419173955917
INFO: 3590 0.0929412990808487
INFO: 3600 0.07072169333696365
INFO: 3610 0.09201730042695999
INFO: 3620 0.08157040178775787
INFO: 3630 0.0856155976653099
INFO: 3640 0.09156777709722519
INFO: 3650 0.145143523812294
INFO: 3660 0.06277132779359818
INFO: 3670 0.06934157758951187
INFO: 3680 0.07888959348201752
INFO: 3690 0.08204862475395203
INFO: 3700 0.09933912009000778
INFO: 3710 0.07193609327077866
INFO: 3720 0.09940420091152191
INFO: 3730 0.0871429443359375
INFO: 3740 0.10612109303474426
INFO: 3750 0.0993940606713295
INFO: 3760 0.07257159054279327
INFO: 3770 0.1052207499742508
INFO: 3780 0.03831365332007408
INFO: 3790 0.061993297189474106
INFO: 3800 0.08593733608722687
INFO: 3810 0.12703123688697815
INFO: 3820 0.07926099002361298
INFO: 3830 0.06281755864620209
INFO: 3840 0.08272270858287811
INFO: 3850 0.06863324344158173
INFO: 3860 0.10370295494794846
INFO: 3870 0.10260409861803055
INFO: 3880 0.0707237645983696
INFO: 3890 0.060617413371801376
INFO: 3900 0.13449865579605103
INFO: 3910 0.07685837149620056
INFO: 3920 0.08761919289827347
INFO: 3930 0.12389084696769714
INFO: 3940 0.10445263981819153
INFO: 3950 0.0849425420165062
INFO: 3960 0.08762466162443161
INFO: 3970 0.07520020008087158
INFO: 3980 0.0857914388179779
INFO: 3990 0.07249996066093445
INFO: 4000 0.0761985257267952
INFO: Checkpoint 4000 saved !
INFO: Step:4000, Valid_Dice:0.8025599983679808
INFO: 4010 0.07678493857383728
INFO: 4020 0.07933437824249268
INFO: 4030 0.09979429841041565
INFO: 4040 0.07974405586719513
INFO: 4050 0.11639289557933807
INFO: 4060 0.0639786645770073
INFO: 4070 0.07732710242271423
INFO: 4080 0.07031898200511932
INFO: 4090 0.07686042785644531
INFO: 4100 0.09195183217525482
INFO: 4110 0.06945451349020004
INFO: 4120 0.059745483100414276
INFO: 4130 0.09206486493349075
INFO: 4140 0.138486847281456
INFO: 4150 0.05550277233123779
INFO: 4160 0.06349468231201172
INFO: 4170 0.08871421217918396
INFO: 4180 0.07639583945274353
INFO: 4190 0.07655251771211624
INFO: 4200 0.09132885932922363
INFO: 4210 0.08154143393039703
INFO: 4220 0.08634929358959198
INFO: 4230 0.08713701367378235
INFO: 4240 0.07285267114639282
INFO: 4250 0.09480831027030945
INFO: 4260 0.06361351162195206
INFO: 4270 0.11206188052892685
INFO: 4280 0.0682893842458725
INFO: 4290 0.06953361630439758
INFO: 4300 0.08017425239086151
INFO: 4310 0.10608483850955963
INFO: 4320 0.0973275750875473
INFO: 4330 0.08412941545248032
INFO: 4340 0.07482469826936722
INFO: 4350 0.06763385236263275
INFO: 4360 0.07895249128341675
INFO: 4370 0.06968869268894196
INFO: 4380 0.05806129053235054
INFO: 4390 0.0887053906917572
INFO: 4400 0.12576237320899963
INFO: 4410 0.10683077573776245
INFO: 4420 0.06663966923952103
INFO: 4430 0.05363235995173454
INFO: 4440 0.08778256177902222
INFO: 4450 0.07255738973617554
INFO: 4460 0.07439157366752625
INFO: 4470 0.07352133840322495
INFO: 4480 0.06259026378393173
INFO: 4490 0.103119857609272
INFO: 4500 0.11038020253181458
INFO: Checkpoint 4500 saved !
INFO: Step:4500, Valid_Dice:0.8161751192202003
INFO: 4510 0.10238756984472275
INFO: 4520 0.08155868202447891
INFO: 4530 0.08560088276863098
INFO: 4540 0.1446826159954071
INFO: 4550 0.08885347098112106
INFO: 4560 0.08991649001836777
INFO: 4570 0.04810788109898567
INFO: 4580 0.05735887587070465
INFO: 4590 0.06557176262140274
INFO: 4600 0.06841887533664703
INFO: 4610 0.07327383011579514
INFO: 4620 0.17467495799064636
INFO: 4630 0.07559862732887268
INFO: 4640 0.1836702525615692
INFO: 4650 0.08687874674797058
INFO: 4660 0.09109935909509659
INFO: 4670 0.07707223296165466
INFO: 4680 0.08570263534784317
INFO: 4690 0.052872058004140854
INFO: 4700 0.10117918252944946
INFO: 4710 0.13629816472530365
INFO: 4720 0.07715953141450882
INFO: 4730 0.10212390124797821
INFO: 4740 0.06111622229218483
INFO: 4750 0.06985734403133392
INFO: 4760 0.07283341139554977
INFO: 4770 0.07088813185691833
INFO: 4780 0.07124026119709015
INFO: 4790 0.10463549941778183
INFO: 4800 0.07926547527313232
INFO: 4810 0.06796570122241974
INFO: 4820 0.0875265896320343
INFO: 4830 0.11251961439847946
INFO: 4840 0.09163933992385864
INFO: 4850 0.06965924054384232
INFO: 4860 0.08991608768701553
INFO: 4870 0.09689220041036606
INFO: 4880 0.15889230370521545
INFO: 4890 0.062031090259552
INFO: 4900 0.04491304233670235
INFO: 4910 0.05885227769613266
INFO: 4920 0.11562353372573853
INFO: 4930 0.10631461441516876
INFO: 4940 0.06502040475606918
INFO: 4950 0.0742073580622673
INFO: 4960 0.0680573582649231
INFO: 4970 0.0848434567451477
INFO: 4980 0.06033037602901459
INFO: 4990 0.09292155504226685
INFO: 5000 0.06945566087961197
INFO: Checkpoint 5000 saved !
INFO: Step:5000, Valid_Dice:0.8091719022631623
INFO: 5010 0.07101374864578247
INFO: 5020 0.17395345866680145
INFO: 5030 0.08301309496164322
INFO: 5040 0.08525513857603073
INFO: 5050 0.06075967475771904
INFO: 5060 0.0913727730512619
INFO: 5070 0.06557637453079224
INFO: 5080 0.10773102939128876
INFO: 5090 0.06275646388530731
INFO: 5100 0.13072703778743744
INFO: 5110 0.08340127021074295
INFO: 5120 0.09984327107667923
INFO: 5130 0.07001500576734543
INFO: 5140 0.12641261518001556
INFO: 5150 0.08904295414686203
INFO: 5160 0.08854889869689941
INFO: 5170 0.06190551817417145
INFO: 5180 0.07703150063753128
INFO: 5190 0.06254571676254272
INFO: 5200 0.0706072598695755
INFO: 5210 0.07748769223690033
INFO: 5220 0.09574533998966217
INFO: 5230 0.08036232739686966
INFO: 5240 0.061442695558071136
INFO: 5250 0.06102636829018593
INFO: 5260 0.07105599343776703
INFO: 5270 0.07615277916193008
INFO: 5280 0.0700957253575325
INFO: 5290 0.05996552109718323
INFO: 5300 0.08003994077444077
INFO: 5310 0.11185887455940247
INFO: 5320 0.07002914696931839
INFO: 5330 0.11855608969926834
INFO: 5340 0.06682369112968445
INFO: 5350 0.06884787976741791
INFO: 5360 0.08674021810293198
INFO: 5370 0.07591534405946732
INFO: 5380 0.05104423686861992
INFO: 5390 0.071785569190979
INFO: 5400 0.07121144980192184
INFO: 5410 0.07119261473417282
INFO: 5420 0.06181896850466728
INFO: 5430 0.07162514328956604
INFO: 5440 0.13065239787101746
INFO: 5450 0.06781675666570663
INFO: 5460 0.0841769427061081
INFO: 5470 0.059978123754262924
INFO: 5480 0.0751999020576477
INFO: 5490 0.07166485488414764
INFO: 5500 0.0506376288831234
INFO: Checkpoint 5500 saved !
INFO: Step:5500, Valid_Dice:0.7963097125143199
INFO: 5510 0.060271669179201126
INFO: 5520 0.08973104506731033
INFO: 5530 0.1207980215549469
INFO: 5540 0.09600541740655899
INFO: 5550 0.037838373333215714
INFO: 5560 0.06483860313892365
INFO: 5570 0.07023297995328903
INFO: 5580 0.08005943894386292
INFO: 5590 0.10226596146821976
INFO: 5600 0.05907473713159561
INFO: 5610 0.07478506118059158
INFO: 5620 0.07122756540775299
INFO: 5630 0.075380340218544
INFO: 5640 0.07527247071266174
INFO: 5650 0.05934189632534981
INFO: 5660 0.0734969973564148
INFO: 5670 0.048003606498241425
INFO: 5680 0.10235579311847687
INFO: 5690 0.06776388734579086
INFO: 5700 0.11571219563484192
INFO: 5710 0.06006965413689613
INFO: 5720 0.0747615173459053
INFO: 5730 0.08190680295228958
INFO: 5740 0.08734054863452911
INFO: 5750 0.09814663231372833
INFO: 5760 0.06092795357108116
INFO: 5770 0.07360627502202988
INFO: 5780 0.14037691056728363
INFO: 5790 0.0744505524635315
INFO: 5800 0.07293421775102615
INFO: 5810 0.05717119202017784
INFO: 5820 0.0911751464009285
INFO: 5830 0.06858175247907639
INFO: 5840 0.07319281250238419
INFO: 5850 0.05399961397051811
INFO: 5860 0.08713051676750183
INFO: 5870 0.06435199826955795
INFO: 5880 0.07026907056570053
INFO: 5890 0.0758083388209343
INFO: 5900 0.061186596751213074
INFO: 5910 0.09101051092147827
INFO: 5920 0.05469866469502449
INFO: 5930 0.0640575960278511
INFO: 5940 0.050445806235075
INFO: 5950 0.0626254603266716
INFO: 5960 0.07105352729558945
INFO: 5970 0.10327102243900299
INFO: 5980 0.10357453674077988
INFO: 5990 0.08514995127916336
INFO: 6000 0.08096017688512802
INFO: Checkpoint 6000 saved !
INFO: Step:6000, Valid_Dice:0.8174540187311811
INFO: 6010 0.0952717736363411
INFO: 6020 0.05969151481986046
INFO: 6030 0.07017781585454941
INFO: 6040 0.06563637405633926
INFO: 6050 0.09607475996017456
INFO: 6060 0.0772867277264595
INFO: 6070 0.07681255042552948
INFO: 6080 0.0601213313639164
INFO: 6090 0.05495283380150795
INFO: 6100 0.11032846570014954
INFO: 6110 0.08161061257123947
INFO: 6120 0.12864045798778534
INFO: 6130 0.06829244643449783
INFO: 6140 0.06134416535496712
INFO: 6150 0.1893804371356964
INFO: 6160 0.046717192977666855
INFO: 6170 0.08061759918928146
INFO: 6180 0.06881501525640488
INFO: 6190 0.0734749510884285
INFO: 6200 0.12887036800384521
INFO: 6210 0.09644153714179993
INFO: 6220 0.07571594417095184
INFO: 6230 0.056534070521593094
INFO: 6240 0.0603339709341526
INFO: 6250 0.07932144403457642
INFO: 6260 0.07225364446640015
INFO: 6270 0.04350073263049126
INFO: 6280 0.08070775121450424
INFO: 6290 0.13665147125720978
INFO: 6300 0.06651260703802109
INFO: 6310 0.05336464196443558
INFO: 6320 0.12894359230995178
INFO: 6330 0.09263129532337189
INFO: 6340 0.04719684273004532
INFO: 6350 0.06537885963916779
INFO: 6360 0.0649193599820137
INFO: 6370 0.08084920048713684
INFO: 6380 0.11026878654956818
INFO: 6390 0.07845018059015274
INFO: 6400 0.06308174878358841
INFO: 6410 0.09646070003509521
INFO: 6420 0.07135556638240814
INFO: 6430 0.10531198978424072
INFO: 6440 0.08942108601331711
INFO: 6450 0.09605790674686432
INFO: 6460 0.09830799698829651
INFO: 6470 0.08420106023550034
INFO: 6480 0.07357386499643326
INFO: 6490 0.08426541090011597
INFO: 6500 0.0879954844713211
INFO: Checkpoint 6500 saved !
INFO: Step:6500, Valid_Dice:0.8175073732685931
INFO: 6510 0.05641690641641617
INFO: 6520 0.11806482821702957
INFO: 6530 0.06612768769264221
INFO: 6540 0.08159594982862473
INFO: 6550 0.0612972155213356
INFO: 6560 0.06446488946676254
INFO: 6570 0.11207413673400879
INFO: 6580 0.076907217502594
INFO: 6590 0.1005735695362091
INFO: 6600 0.09161142259836197
INFO: 6610 0.12897594273090363
INFO: 6620 0.1234821081161499
INFO: 6630 0.11416742950677872
INFO: 6640 0.05906669795513153
INFO: 6650 0.06282234936952591
INFO: 6660 0.06241714581847191
INFO: 6670 0.11542928218841553
INFO: 6680 0.08134329319000244
INFO: 6690 0.08125858008861542
INFO: 6700 0.0763222798705101
INFO: 6710 0.06477386504411697
INFO: 6720 0.05744926258921623
INFO: 6730 0.080581434071064
INFO: 6740 0.08554035425186157
INFO: 6750 0.07373840361833572
INFO: 6760 0.0789836198091507
INFO: 6770 0.1049247458577156
INFO: 6780 0.06500674784183502
INFO: 6790 0.05503934994339943
INFO: 6800 0.06731007248163223
INFO: 6810 0.08514773100614548
INFO: 6820 0.07969971001148224
INFO: 6830 0.07325512915849686
INFO: 6840 0.09768111258745193
INFO: 6850 0.07110767811536789
INFO: 6860 0.08520345389842987
INFO: 6870 0.07456012070178986
INFO: 6880 0.12425842136144638
INFO: 6890 0.07852410525083542
INFO: 6900 0.043803662061691284
INFO: 6910 0.05497795343399048
INFO: 6920 0.05871500074863434
INFO: 6930 0.0701405480504036
INFO: 6940 0.06713426858186722
INFO: 6950 0.0986131876707077
INFO: 6960 0.08037717640399933
INFO: 6970 0.10726018249988556
INFO: 6980 0.06182553246617317
INFO: 6990 0.07331037521362305
INFO: 7000 0.05497879534959793
INFO: Checkpoint 7000 saved !
INFO: Step:7000, Valid_Dice:0.8211885179393817
INFO: 7010 0.07397449016571045
INFO: 7020 0.08593474328517914
INFO: 7030 0.054334886372089386
INFO: 7040 0.0746985450387001
INFO: 7050 0.09224750846624374
INFO: 7060 0.07267246395349503
INFO: 7070 0.06472036987543106
INFO: 7080 0.07046500593423843
INFO: 7090 0.10761870443820953
INFO: 7100 0.10127323865890503
INFO: 7110 0.1451926976442337
INFO: 7120 0.08535156399011612
INFO: 7130 0.07688932120800018
INFO: 7140 0.1780194640159607
INFO: 7150 0.07075270265340805
INFO: 7160 0.08569692075252533
INFO: 7170 0.07910099625587463
INFO: 7180 0.04670816287398338
INFO: 7190 0.09554862976074219
INFO: 7200 0.1053272932767868
INFO: 7210 0.06283515691757202
INFO: 7220 0.07259438186883926
INFO: 7230 0.08191772550344467
INFO: 7240 0.04880625754594803
INFO: 7250 0.09178297221660614
INFO: 7260 0.07005435973405838
INFO: 7270 0.06185608357191086
INFO: 7280 0.06829100102186203
INFO: 7290 0.07285771518945694
INFO: 7300 0.07674693316221237
INFO: 7310 0.06270655244588852
INFO: 7320 0.11053398251533508
INFO: 7330 0.06427205353975296
INFO: 7340 0.06821426004171371
INFO: 7350 0.05133606120944023
INFO: 7360 0.03530354052782059
INFO: 7370 0.05719533562660217
INFO: 7380 0.10340854525566101
INFO: 7390 0.04848090559244156
INFO: 7400 0.10097277164459229
INFO: 7410 0.1263478696346283
INFO: 7420 0.06978073716163635
INFO: 7430 0.0799497440457344
INFO: 7440 0.05371084064245224
INFO: 7450 0.08041313290596008
INFO: 7460 0.05373026058077812
INFO: 7470 0.08862272650003433
INFO: 7480 0.07994477450847626
INFO: 7490 0.08866371214389801
INFO: 7500 0.07157731056213379
INFO: Checkpoint 7500 saved !
INFO: Step:7500, Valid_Dice:0.8250650123087686
INFO: 7510 0.05875949561595917
INFO: 7520 0.0909455418586731
INFO: 7530 0.055068809539079666
INFO: 7540 0.08372533321380615
INFO: 7550 0.08813468366861343
INFO: 7560 0.065067358314991
INFO: 7570 0.07132484018802643
INFO: 7580 0.06217540428042412
INFO: 7590 0.08158441632986069
INFO: 7600 0.05944570153951645
INFO: 7610 0.1169782504439354
INFO: 7620 0.07300472259521484
INFO: 7630 0.05245508998632431
INFO: 7640 0.10418638586997986
INFO: 7650 0.05658140406012535
INFO: 7660 0.056291162967681885
INFO: 7670 0.09184698015451431
INFO: 7680 0.0966859757900238
INFO: 7690 0.10236890614032745
INFO: 7700 0.05890870466828346
INFO: 7710 0.04855866730213165
INFO: 7720 0.07069142907857895
INFO: 7730 0.07077005505561829
INFO: 7740 0.08932935446500778
INFO: 7750 0.08048102259635925
INFO: 7760 0.06403087079524994
INFO: 7770 0.05561329424381256
INFO: 7780 0.07259687781333923
INFO: 7790 0.08882009238004684
INFO: 7800 0.08011696487665176
INFO: 7810 0.11685366183519363
INFO: 7820 0.0809025689959526
INFO: 7830 0.07453819364309311
INFO: 7840 0.09970066696405411
INFO: 7850 0.07322762161493301
INFO: 7860 0.07556629925966263
INFO: 7870 0.07720974087715149
INFO: 7880 0.06157751381397247
INFO: 7890 0.1049700677394867
INFO: 7900 0.06110449880361557
INFO: 7910 0.057421259582042694
INFO: 7920 0.07836877554655075
INFO: 7930 0.07221237570047379
INFO: 7940 0.06401218473911285
INFO: 7950 0.07057046890258789
INFO: 7960 0.07791650295257568
INFO: 7970 0.060029082000255585
INFO: 7980 0.07196389883756638
INFO: 7990 0.0717308446764946
INFO: 8000 0.10715500265359879
INFO: Checkpoint 8000 saved !
INFO: Step:8000, Valid_Dice:0.8225795549949986
INFO: 8010 0.05143985524773598
INFO: 8020 0.0598703995347023
INFO: 8030 0.05908627435564995
INFO: 8040 0.06812810152769089
INFO: 8050 0.06095128133893013
INFO: 8060 0.08182457089424133
INFO: 8070 0.06740470975637436
INFO: 8080 0.06701581180095673
INFO: 8090 0.052693091332912445
INFO: 8100 0.08610206097364426
INFO: 8110 0.12865735590457916
INFO: 8120 0.17158284783363342
INFO: 8130 0.09280434995889664
INFO: 8140 0.14059501886367798
INFO: 8150 0.06389564275741577
INFO: 8160 0.07969334721565247
INFO: 8170 0.0770358294248581
INFO: 8180 0.04992995783686638
INFO: 8190 0.0762137696146965
INFO: 8200 0.09134676307439804
INFO: 8210 0.08200044929981232
INFO: 8220 0.05754904821515083
INFO: 8230 0.05070093274116516
INFO: 8240 0.06659401953220367
INFO: 8250 0.060449279844760895
INFO: 8260 0.1468978375196457
INFO: 8270 0.06794074922800064
INFO: 8280 0.07733753323554993
INFO: 8290 0.0679699182510376
INFO: 8300 0.05356348305940628
INFO: 8310 0.08148661255836487
INFO: 8320 0.07136861234903336
INFO: 8330 0.07709120959043503
INFO: 8340 0.08335772901773453
INFO: 8350 0.056281670928001404
INFO: 8360 0.09385274350643158
INFO: 8370 0.07106731086969376
INFO: 8380 0.07771582901477814
INFO: 8390 0.09701060503721237
INFO: 8400 0.0688365250825882
INFO: 8410 0.09707433730363846
INFO: 8420 0.18299198150634766
INFO: 8430 0.07660943269729614
INFO: 8440 0.060722313821315765
INFO: 8450 0.060385216027498245
INFO: 8460 0.053447749465703964
INFO: 8470 0.06252144277095795
INFO: 8480 0.06173049286007881
INFO: 8490 0.06118981912732124
INFO: 8500 0.07282758504152298
INFO: Checkpoint 8500 saved !
INFO: Step:8500, Valid_Dice:0.8232397521663589
INFO: 8510 0.061167627573013306
INFO: 8520 0.06519307941198349
INFO: 8530 0.09255585074424744
INFO: 8540 0.11191657930612564
INFO: 8550 0.08795980364084244
INFO: 8560 0.06279457360506058
INFO: 8570 0.10206520557403564
INFO: 8580 0.051866237074136734
INFO: 8590 0.09159150719642639
INFO: 8600 0.07176216691732407
INFO: 8610 0.06992033123970032
INFO: 8620 0.056027766317129135
INFO: 8630 0.052673980593681335
INFO: 8640 0.06913648545742035
INFO: 8650 0.04451727867126465
INFO: 8660 0.07409244030714035
INFO: 8670 0.06891679763793945
INFO: 8680 0.06308478862047195
INFO: 8690 0.06600256264209747
INFO: 8700 0.06929600983858109
INFO: 8710 0.055841945111751556
INFO: 8720 0.057473596185445786
INFO: 8730 0.08565343916416168
INFO: 8740 0.08214038610458374
INFO: 8750 0.09005877375602722
INFO: 8760 0.08254526555538177
INFO: 8770 0.05941270291805267
INFO: 8780 0.07637133449316025
INFO: 8790 0.07758937031030655
INFO: 8800 0.04733793064951897
INFO: 8810 0.13598434627056122
INFO: 8820 0.06768147647380829
INFO: 8830 0.06410310417413712
INFO: 8840 0.04957424849271774
INFO: 8850 0.05113575607538223
INFO: 8860 0.05526462569832802
INFO: 8870 0.0654994323849678
INFO: 8880 0.06646683067083359
INFO: 8890 0.05601060017943382
INFO: 8900 0.13418158888816833
INFO: 8910 0.10811970382928848
INFO: 8920 0.056319575756788254
INFO: 8930 0.05738593637943268
INFO: 8940 0.07046086341142654
INFO: 8950 0.08394475281238556
INFO: 8960 0.08641073852777481
INFO: 8970 0.09769191592931747
INFO: 8980 0.07804534584283829
INFO: 8990 0.05678533762693405
INFO: 9000 0.0555281862616539
INFO: Checkpoint 9000 saved !
INFO: Step:9000, Valid_Dice:0.8307285911754828
INFO: 9010 0.08275788277387619
INFO: 9020 0.0973975732922554
INFO: 9030 0.06086476892232895
INFO: 9040 0.0778157189488411
INFO: 9050 0.06396019458770752
INFO: 9060 0.05672997981309891
INFO: 9070 0.11385586857795715
INFO: 9080 0.08023886382579803
INFO: 9090 0.071202352643013
INFO: 9100 0.08312506228685379
INFO: 9110 0.09567178040742874
INFO: 9120 0.08014367520809174
INFO: 9130 0.11622040718793869
INFO: 9140 0.05962257832288742
INFO: 9150 0.06406772136688232
INFO: 9160 0.07501057535409927
INFO: 9170 0.07633078843355179
INFO: 9180 0.06054678186774254
INFO: 9190 0.0804159864783287
INFO: 9200 0.05392363294959068
INFO: 9210 0.07340825349092484
INFO: 9220 0.09889104962348938
INFO: 9230 0.05735012888908386
INFO: 9240 0.06526929885149002
INFO: 9250 0.054105665534734726
INFO: 9260 0.10302092134952545
INFO: 9270 0.06518293172121048
INFO: 9280 0.07199125736951828
INFO: 9290 0.09192679077386856
INFO: 9300 0.08148662000894547
INFO: 9310 0.057843830436468124
INFO: 9320 0.08569678664207458
INFO: 9330 0.07219021022319794
INFO: 9340 0.07766785472631454
INFO: 9350 0.06387388706207275
INFO: 9360 0.05850775167346001
INFO: 9370 0.05606713891029358
INFO: 9380 0.06178313121199608
INFO: 9390 0.09377920627593994
INFO: 9400 0.13025961816310883
INFO: 9410 0.06188460811972618
INFO: 9420 0.06989023834466934
INFO: 9430 0.05887448042631149
INFO: 9440 0.07028084993362427
INFO: 9450 0.10755180567502975
INFO: 9460 0.0648920014500618
INFO: 9470 0.07908554375171661
INFO: 9480 0.06164804846048355
INFO: 9490 0.11480537056922913
INFO: 9500 0.08394947648048401
INFO: Checkpoint 9500 saved !
INFO: Step:9500, Valid_Dice:0.8152633749508066
INFO: 9510 0.06855840981006622
INFO: 9520 0.08869212865829468
INFO: 9530 0.1028183102607727
INFO: 9540 0.07728128880262375
INFO: 9550 0.07980130612850189
INFO: 9560 0.1255890130996704
INFO: 9570 0.11346933245658875
INFO: 9580 0.06158380210399628
INFO: 9590 0.08417593687772751
INFO: 9600 0.07986937463283539
INFO: 9610 0.09462321549654007
INFO: 9620 0.09726617485284805
INFO: 9630 0.06929842382669449
INFO: 9640 0.06944502890110016
INFO: 9650 0.05026063695549965
INFO: 9660 0.08629146963357925
INFO: 9670 0.055579811334609985
INFO: 9680 0.1438964158296585
INFO: 9690 0.04443257302045822
INFO: 9700 0.05284450203180313
INFO: 9710 0.0932983011007309
INFO: 9720 0.0728454440832138
INFO: 9730 0.06982605904340744
INFO: 9740 0.07983467727899551
INFO: 9750 0.06607801467180252
INFO: 9760 0.05312523618340492
INFO: 9770 0.07756828516721725
INFO: 9780 0.07552243769168854
INFO: 9790 0.06834990531206131
INFO: 9800 0.06216045096516609
INFO: 9810 0.07746801525354385
INFO: 9820 0.08307886868715286
INFO: 9830 0.1352081298828125
INFO: 9840 0.054265644401311874
INFO: 9850 0.0793052613735199
INFO: 9860 0.07651565223932266
INFO: 9870 0.06086166948080063
INFO: 9880 0.06711360812187195
INFO: 9890 0.0826825201511383
INFO: 9900 0.07847564667463303
INFO: 9910 0.0621977299451828
INFO: 9920 0.06442040950059891
INFO: 9930 0.06592430919408798
INFO: 9940 0.05068656802177429
INFO: 9950 0.0720343366265297
INFO: 9960 0.1325228065252304
INFO: 9970 0.05480143427848816
INFO: 9980 0.06783634424209595
INFO: 9990 0.07490088790655136
INFO: 10000 0.07788221538066864
INFO: Checkpoint 10000 saved !
INFO: Step:10000, Valid_Dice:0.830423768463765
INFO: 10010 0.08048789203166962
INFO: 10020 0.07742553949356079
INFO: 10030 0.09169545024633408
INFO: 10040 0.06024114415049553
INFO: 10050 0.06322945654392242
INFO: 10060 0.07803329825401306
INFO: 10070 0.062116313725709915
INFO: 10080 0.061423301696777344
INFO: 10090 0.08699805289506912
INFO: 10100 0.06750855594873428
INFO: 10110 0.08126553893089294
INFO: 10120 0.10433575510978699
INFO: 10130 0.08475671708583832
INFO: 10140 0.1001811996102333
INFO: 10150 0.07096441090106964
INFO: 10160 0.045734044164419174
INFO: 10170 0.058977119624614716
INFO: 10180 0.07252568006515503
INFO: 10190 0.11591364443302155
INFO: 10200 0.04157964512705803
INFO: 10210 0.11425391584634781
INFO: 10220 0.1369646042585373
INFO: 10230 0.09347249567508698
INFO: 10240 0.05332809314131737
INFO: 10250 0.08057853579521179
INFO: 10260 0.097468301653862
INFO: 10270 0.06418071687221527
INFO: 10280 0.07495477050542831
INFO: 10290 0.0831427127122879
INFO: 10300 0.05257762596011162
INFO: 10310 0.053947240114212036
INFO: 10320 0.08065691590309143
INFO: 10330 0.07671283185482025
INFO: 10340 0.08583403378725052
INFO: 10350 0.08531508594751358
INFO: 10360 0.0470309816300869
INFO: 10370 0.09372196346521378
INFO: 10380 0.08652802556753159
INFO: 10390 0.07259684801101685
INFO: 10400 0.06450803577899933
INFO: 10410 0.05807747691869736
INFO: 10420 0.051987696439027786
INFO: 10430 0.05415365472435951
INFO: 10440 0.07685188949108124
INFO: 10450 0.057524021714925766
INFO: 10460 0.0574980303645134
INFO: 10470 0.08808032423257828
INFO: 10480 0.05664433538913727
INFO: 10490 0.0495230108499527
INFO: 10500 0.09559257328510284
INFO: Checkpoint 10500 saved !
INFO: Step:10500, Valid_Dice:0.816617532337325
INFO: 10510 0.06475229561328888
INFO: 10520 0.04972471296787262
INFO: 10530 0.0736524686217308
INFO: 10540 0.05682038515806198
INFO: 10550 0.06616554409265518
INFO: 10560 0.18689244985580444
INFO: 10570 0.0722586065530777
INFO: 10580 0.11215903609991074
INFO: 10590 0.06876860558986664
INFO: 10600 0.0601981021463871
INFO: 10610 0.09396030008792877
INFO: 10620 0.0684654489159584
INFO: 10630 0.06769776344299316
INFO: 10640 0.06207124516367912
INFO: 10650 0.0837024673819542
INFO: 10660 0.05172884464263916
INFO: 10670 0.07818504422903061
INFO: 10680 0.06611133366823196
INFO: 10690 0.07667722553014755
INFO: 10700 0.06536883860826492
INFO: 10710 0.08128736168146133
INFO: 10720 0.07261324673891068
INFO: 10730 0.05403665825724602
INFO: 10740 0.07683836668729782
INFO: 10750 0.07348820567131042
INFO: 10760 0.063312828540802
INFO: 10770 0.029780041426420212
INFO: 10780 0.0836653783917427
INFO: 10790 0.13039645552635193
INFO: 10800 0.0976010337471962
INFO: 10810 0.05296241492033005
INFO: 10820 0.07226597517728806
INFO: 10830 0.05214928090572357
INFO: 10840 0.0649411529302597
INFO: 10850 0.06558646261692047
INFO: 10860 0.0758894756436348
INFO: 10870 0.045287810266017914
INFO: 10880 0.05523085966706276
INFO: 10890 0.08361177891492844
INFO: 10900 0.05707770958542824
INFO: 10910 0.09963977336883545
INFO: 10920 0.07929383218288422
INFO: 10930 0.08469732105731964
INFO: 10940 0.12028946727514267
INFO: 10950 0.09489092230796814
INFO: 10960 0.08802444487810135
INFO: 10970 0.06282663345336914
INFO: 10980 0.10459140688180923
INFO: 10990 0.06370797008275986
INFO: 11000 0.06370963156223297
INFO: Checkpoint 11000 saved !
INFO: Step:11000, Valid_Dice:0.8296595804402649
INFO: 11010 0.06452520191669464
INFO: 11020 0.09312719851732254
INFO: 11030 0.04765588790178299
INFO: 11040 0.05151871219277382
INFO: 11050 0.07103590667247772
INFO: 11060 0.08334224671125412
INFO: 11070 0.06359763443470001
INFO: 11080 0.11672529578208923
INFO: 11090 0.07483460754156113
INFO: 11100 0.07804171741008759
INFO: 11110 0.05022500455379486
INFO: 11120 0.05962064117193222
INFO: 11130 0.06676552444696426
INFO: 11140 0.07202834635972977
INFO: 11150 0.07280875742435455
INFO: 11160 0.05088029429316521
INFO: 11170 0.06744583696126938
INFO: 11180 0.050278715789318085
INFO: 11190 0.13182416558265686
INFO: 11200 0.04998435080051422
INFO: 11210 0.11803554743528366
INFO: 11220 0.050899967551231384
INFO: 11230 0.07830163836479187
INFO: 11240 0.09536756575107574
INFO: 11250 0.13924850523471832
INFO: 11260 0.05899607017636299
INFO: 11270 0.06078435853123665
INFO: 11280 0.0581999272108078
INFO: 11290 0.07307443767786026
INFO: 11300 0.09825406223535538
INFO: 11310 0.09205489605665207
INFO: 11320 0.06011033430695534
INFO: 11330 0.08946996927261353
INFO: 11340 0.0603095106780529
INFO: 11350 0.06442421674728394
INFO: 11360 0.0777222290635109
INFO: 11370 0.060542937368154526
INFO: 11380 0.0767400711774826
INFO: 11390 0.059647802263498306
INFO: 11400 0.06187763810157776
INFO: 11410 0.06744933873414993
INFO: 11420 0.07544272392988205
INFO: 11430 0.08068063110113144
INFO: 11440 0.06831944733858109
INFO: 11450 0.06054774671792984
INFO: 11460 0.05444798618555069
INFO: 11470 0.08530189841985703
INFO: 11480 0.0600329153239727
INFO: 11490 0.054306402802467346
INFO: 11500 0.06793006509542465
INFO: Checkpoint 11500 saved !
INFO: Step:11500, Valid_Dice:0.8303430407812927
INFO: 11510 0.0797676146030426
INFO: 11520 0.0834067165851593
INFO: 11530 0.12071424722671509
INFO: 11540 0.06468802690505981
INFO: 11550 0.0844646617770195
INFO: 11560 0.07179621607065201
INFO: 11570 0.04849780723452568
INFO: 11580 0.09349989891052246
INFO: 11590 0.05897405371069908
INFO: 11600 0.05264485999941826
INFO: 11610 0.069367416203022
INFO: 11620 0.05879654362797737
INFO: 11630 0.0815793126821518
INFO: 11640 0.08869445323944092
INFO: 11650 0.07637742906808853
INFO: 11660 0.052308812737464905
INFO: 11670 0.09615074098110199
INFO: 11680 0.055478014051914215
INFO: 11690 0.06701071560382843
INFO: 11700 0.101985402405262
INFO: 11710 0.07625346630811691
INFO: 11720 0.054148681461811066
INFO: 11730 0.05587280914187431
INFO: 11740 0.05387731269001961
INFO: 11750 0.04357224702835083
INFO: 11760 0.0892261490225792
INFO: 11770 0.05423394590616226
INFO: 11780 0.05162742733955383
INFO: 11790 0.054215747863054276
INFO: 11800 0.06143616884946823
INFO: 11810 0.05518217757344246
INFO: 11820 0.06356791406869888
INFO: 11830 0.0733383446931839
INFO: 11840 0.08209917694330215
INFO: 11850 0.054629791527986526
INFO: 11860 0.0617915540933609
INFO: 11870 0.058104466646909714
INFO: 11880 0.07587287575006485
INFO: 11890 0.0506725050508976
INFO: 11900 0.10428482294082642
INFO: 11910 0.05094972625374794
INFO: 11920 0.06040814146399498
INFO: 11930 0.060468632727861404
INFO: 11940 0.07277492433786392
INFO: 11950 0.07086615264415741
INFO: 11960 0.11436235159635544
INFO: 11970 0.09864987432956696
INFO: 11980 0.04932660982012749
INFO: 11990 0.03846599906682968
INFO: 12000 0.07235683500766754
INFO: Checkpoint 12000 saved !
INFO: Step:12000, Valid_Dice:0.8289520150172187
INFO: 12010 0.06029517948627472
INFO: 12020 0.05996009707450867
INFO: 12030 0.058801304548978806
INFO: 12040 0.0854029506444931
INFO: 12050 0.05278342217206955
INFO: 12060 0.032678667455911636
INFO: 12070 0.0708187147974968
INFO: 12080 0.09204312413930893
INFO: 12090 0.06858014315366745
INFO: 12100 0.07458249479532242
INFO: 12110 0.05791376903653145
INFO: 12120 0.10228539258241653
INFO: 12130 0.06297482550144196
INFO: 12140 0.046939216554164886
INFO: 12150 0.07149732857942581
INFO: 12160 0.08279472589492798
INFO: 12170 0.07380115985870361
INFO: 12180 0.07273717224597931
INFO: 12190 0.05377529188990593
INFO: 12200 0.06847889721393585
INFO: 12210 0.09621056914329529
INFO: 12220 0.16635318100452423
INFO: 12230 0.08893991261720657
INFO: 12240 0.08712361007928848
INFO: 12250 0.0647936537861824
INFO: 12260 0.0803755521774292
INFO: 12270 0.04743926227092743
INFO: 12280 0.060999467968940735
INFO: 12290 0.06818526983261108
INFO: 12300 0.08048383891582489
INFO: 12310 0.06502119451761246
INFO: 12320 0.08215179294347763
INFO: 12330 0.06176528334617615
INFO: 12340 0.0716637521982193
INFO: 12350 0.035586871206760406
INFO: 12360 0.08797101676464081
INFO: 12370 0.07756047695875168
INFO: 12380 0.07610036432743073
INFO: 12390 0.0582992322742939
INFO: 12400 0.059296540915966034
INFO: 12410 0.07495660334825516
INFO: 12420 0.06284157931804657
INFO: 12430 0.06104631349444389
INFO: 12440 0.09863674640655518
INFO: 12450 0.07423775643110275
INFO: 12460 0.08783741295337677
INFO: 12470 0.08494596928358078
INFO: 12480 0.05317583680152893
INFO: 12490 0.0633145421743393
INFO: 12500 0.07971528172492981
INFO: Checkpoint 12500 saved !
INFO: Step:12500, Valid_Dice:0.821370952524451
INFO: 12510 0.0760563462972641
INFO: 12520 0.058814436197280884
INFO: 12530 0.0676673874258995
INFO: 12540 0.10938134789466858
INFO: 12550 0.07771211117506027
INFO: 12560 0.04620280861854553
INFO: 12570 0.04850608482956886
INFO: 12580 0.054044678807258606
INFO: 12590 0.05282607302069664
INFO: 12600 0.11281147599220276
INFO: 12610 0.06943771988153458
INFO: 12620 0.06402679532766342
INFO: 12630 0.0714891329407692
INFO: 12640 0.05906013026833534
INFO: 12650 0.06245946139097214
INFO: 12660 0.05764614790678024
INFO: 12670 0.07479917258024216
INFO: 12680 0.06621695309877396
INFO: 12690 0.058801110833883286
INFO: 12700 0.06451328098773956
INFO: 12710 0.08758892118930817
INFO: 12720 0.09451252222061157
INFO: 12730 0.035307373851537704
INFO: 12740 0.10398916155099869
INFO: 12750 0.09204735606908798
INFO: 12760 0.05626871436834335
INFO: 12770 0.0950419157743454
INFO: 12780 0.08242834359407425
INFO: 12790 0.054432813078165054
INFO: 12800 0.0708346888422966
INFO: 12810 0.08282802253961563
INFO: 12820 0.061442602425813675
INFO: 12830 0.0560632199048996
INFO: 12840 0.0778292715549469
INFO: 12850 0.07297578454017639
INFO: 12860 0.06286190450191498
INFO: 12870 0.12197286635637283
INFO: 12880 0.09157033264636993
INFO: 12890 0.06147177144885063
INFO: 12900 0.05086662620306015
INFO: 12910 0.18634599447250366
INFO: 12920 0.0735335573554039
INFO: 12930 0.07361489534378052
INFO: 12940 0.06049122288823128
INFO: 12950 0.05345582216978073
INFO: 12960 0.08976617455482483
INFO: 12970 0.05108906701207161
INFO: 12980 0.05882205069065094
INFO: 12990 0.0650126039981842
INFO: 13000 0.07386979460716248
INFO: Checkpoint 13000 saved !
INFO: Step:13000, Valid_Dice:0.8352772445298597
INFO: 13010 0.0836210623383522
INFO: 13020 0.07456938177347183
INFO: 13030 0.07929251343011856
INFO: 13040 0.06092236191034317
INFO: 13050 0.06369870901107788
INFO: 13060 0.06586960703134537
INFO: 13070 0.09698176383972168
INFO: 13080 0.051242895424366
INFO: 13090 0.04361320286989212
INFO: 13100 0.1174091100692749
INFO: 13110 0.08911538124084473
INFO: 13120 0.0500791035592556
INFO: 13130 0.08364403992891312
INFO: 13140 0.08888538926839828
INFO: 13150 0.04896332696080208
INFO: 13160 0.06123519316315651
INFO: 13170 0.06788720935583115
INFO: 13180 0.1184624508023262
INFO: 13190 0.08254951983690262
INFO: 13200 0.06187647581100464
INFO: 13210 0.059306323528289795
INFO: 13220 0.08156010508537292
INFO: 13230 0.0664094090461731
INFO: 13240 0.055534668266773224
INFO: 13250 0.06441499292850494
INFO: 13260 0.09937861561775208
INFO: 13270 0.05947576463222504
INFO: 13280 0.07481996715068817
INFO: 13290 0.07681865990161896
INFO: 13300 0.05748920887708664
INFO: 13310 0.051527392119169235
INFO: 13320 0.1783309280872345
INFO: 13330 0.06223098188638687
INFO: 13340 0.05513336881995201
INFO: 13350 0.1469094455242157
INFO: 13360 0.05158184841275215
INFO: 13370 0.05935272201895714
INFO: 13380 0.05903734266757965
INFO: 13390 0.07139173895120621
INFO: 13400 0.08810413628816605
INFO: 13410 0.07881765812635422
INFO: 13420 0.08251102268695831
INFO: 13430 0.07295190542936325
INFO: 13440 0.07889816910028458
INFO: 13450 0.06362422555685043
INFO: 13460 0.06573805958032608
INFO: 13470 0.05114518105983734
INFO: 13480 0.08077555894851685
INFO: 13490 0.05134586617350578
INFO: 13500 0.05280865356326103
INFO: Checkpoint 13500 saved !
INFO: Step:13500, Valid_Dice:0.8381673835652812
INFO: 13510 0.0519801527261734
INFO: 13520 0.05066801980137825
INFO: 13530 0.11884438246488571
INFO: 13540 0.07422538846731186
INFO: 13550 0.043142955750226974
INFO: 13560 0.06993945688009262
INFO: 13570 0.12564052641391754
INFO: 13580 0.05733839049935341
INFO: 13590 0.0789702907204628
INFO: 13600 0.07254917919635773
INFO: 13610 0.15814612805843353
INFO: 13620 0.06174840033054352
INFO: 13630 0.05907062813639641
INFO: 13640 0.05346597731113434
INFO: 13650 0.06119885295629501
INFO: 13660 0.040119871497154236
INFO: 13670 0.10538115352392197
INFO: 13680 0.07496196031570435
INFO: 13690 0.046856898814439774
INFO: 13700 0.07506409287452698
INFO: 13710 0.06472405791282654
INFO: 13720 0.08731774240732193
INFO: 13730 0.0675777792930603
INFO: 13740 0.07130135595798492
INFO: 13750 0.07805532962083817
INFO: 13760 0.05062497407197952
INFO: 13770 0.05482285097241402
INFO: 13780 0.09019772708415985
INFO: 13790 0.056588832288980484
INFO: 13800 0.07295240461826324
INFO: 13810 0.08948906511068344
INFO: 13820 0.05369701609015465
INFO: 13830 0.06868133693933487
INFO: 13840 0.06502027809619904
INFO: 13850 0.062121253460645676
INFO: 13860 0.059052612632513046
INFO: 13870 0.05908272787928581
INFO: 13880 0.051895178854465485
INFO: 13890 0.0750369131565094
INFO: 13900 0.05430963635444641
INFO: 13910 0.07484501600265503
INFO: 13920 0.06624963134527206
INFO: 13930 0.06642336398363113
INFO: 13940 0.08236365020275116
INFO: 13950 0.05906617268919945
INFO: 13960 0.06373093277215958
INFO: 13970 0.063921719789505
INFO: 13980 0.07040601968765259
INFO: 13990 0.07505104690790176
INFO: 14000 0.05940139666199684
INFO: Checkpoint 14000 saved !
INFO: Step:14000, Valid_Dice:0.8317309807159269
INFO: 14010 0.07957286387681961
INFO: 14020 0.05153126269578934
INFO: 14030 0.054194360971450806
INFO: 14040 0.05553595721721649
INFO: 14050 0.06568150967359543
INFO: 14060 0.06146126613020897
INFO: 14070 0.06227001175284386
INFO: 14080 0.04659769684076309
INFO: 14090 0.05323408916592598
INFO: 14100 0.05604512244462967
INFO: 14110 0.058421336114406586
INFO: 14120 0.06406515091657639
INFO: 14130 0.0650746077299118
INFO: 14140 0.05756043270230293
INFO: 14150 0.06125405430793762
INFO: 14160 0.08063818514347076
INFO: 14170 0.0835086926817894
INFO: 14180 0.07088545709848404
INFO: 14190 0.07668755203485489
INFO: 14200 0.07679671794176102
INFO: 14210 0.09495532512664795
INFO: 14220 0.06664358824491501
INFO: 14230 0.060959797352552414
INFO: 14240 0.07167206704616547
INFO: 14250 0.049316417425870895
INFO: 14260 0.05667818710207939
INFO: 14270 0.08832737803459167
INFO: 14280 0.06586834788322449
INFO: 14290 0.06455127894878387
INFO: 14300 0.05300672724843025
INFO: 14310 0.08254963159561157
INFO: 14320 0.10663220286369324
INFO: 14330 0.06027581915259361
INFO: 14340 0.05275892838835716
INFO: 14350 0.07825785130262375
INFO: 14360 0.09235026687383652
INFO: 14370 0.0613144226372242
INFO: 14380 0.11712739616632462
INFO: 14390 0.06478554010391235
INFO: 14400 0.039602939039468765
INFO: 14410 0.04821239784359932
INFO: 14420 0.06896869838237762
INFO: 14430 0.05775044113397598
INFO: 14440 0.05705389380455017
INFO: 14450 0.07241883873939514
INFO: 14460 0.0520937442779541
INFO: 14470 0.06374269723892212
INFO: 14480 0.08542770892381668
INFO: 14490 0.08189577609300613
INFO: 14500 0.224509596824646
INFO: Checkpoint 14500 saved !
INFO: Step:14500, Valid_Dice:0.8314714983092477
INFO: 14510 0.0878428965806961
INFO: 14520 0.05333491042256355
INFO: 14530 0.062017492949962616
INFO: 14540 0.0540289431810379
INFO: 14550 0.06772122532129288
INFO: 14560 0.05236024037003517
INFO: 14570 0.0849447250366211
INFO: 14580 0.05917009711265564
INFO: 14590 0.06066286563873291
INFO: 14600 0.07528834044933319
INFO: 14610 0.056660864502191544
INFO: 14620 0.050652097910642624
INFO: 14630 0.04547588527202606
INFO: 14640 0.056878674775362015
INFO: 14650 0.04880577698349953
INFO: 14660 0.0593867190182209
INFO: 14670 0.06675335764884949
INFO: 14680 0.08780482411384583
INFO: 14690 0.039234768599271774
INFO: 14700 0.06383909285068512
INFO: 14710 0.10993362963199615
INFO: 14720 0.06959688663482666
INFO: 14730 0.11184249073266983
INFO: 14740 0.08769255131483078
INFO: 14750 0.0887017548084259
INFO: 14760 0.09254767745733261
INFO: 14770 0.051824238151311874
INFO: 14780 0.06447549164295197
INFO: 14790 0.05540059879422188
INFO: 14800 0.09356965869665146
INFO: 14810 0.06141182780265808
INFO: 14820 0.06563910841941833
INFO: 14830 0.060241132974624634
INFO: 14840 0.08347563445568085
INFO: 14850 0.06561201065778732
INFO: 14860 0.05886661261320114
INFO: 14870 0.06954102218151093
INFO: 14880 0.06901893019676208
INFO: 14890 0.0560905896127224
INFO: 14900 0.05711284652352333
INFO: 14910 0.043311432003974915
INFO: 14920 0.06287378072738647
INFO: 14930 0.06059820577502251
INFO: 14940 0.1097385510802269
INFO: 14950 0.04531511664390564
INFO: 14960 0.0753219947218895
INFO: 14970 0.08067823201417923
INFO: 14980 0.09420592337846756
INFO: 14990 0.08339571952819824
INFO: 15000 0.09515979140996933
INFO: Checkpoint 15000 saved !
INFO: Step:15000, Valid_Dice:0.8338359340240842
INFO: 15010 0.06056295335292816
INFO: 15020 0.07111023366451263
INFO: 15030 0.06273315101861954
INFO: 15040 0.09122307598590851
INFO: 15050 0.12418761104345322
INFO: 15060 0.06560416519641876
INFO: 15070 0.06359237432479858
INFO: 15080 0.20170345902442932
INFO: 15090 0.06017770990729332
INFO: 15100 0.06745491921901703
INFO: 15110 0.08774369210004807
INFO: 15120 0.08587883412837982
INFO: 15130 0.07763572037220001
INFO: 15140 0.06168779730796814
INFO: 15150 0.07593291997909546
INFO: 15160 0.04539291933178902
INFO: 15170 0.05992763116955757
INFO: 15180 0.07026137411594391
INFO: 15190 0.07999992370605469
INFO: 15200 0.05751434341073036
INFO: 15210 0.05981860309839249
INFO: 15220 0.04877316206693649
INFO: 15230 0.06899680197238922
INFO: 15240 0.07400660961866379
INFO: 15250 0.0603700615465641
INFO: 15260 0.07263268530368805
INFO: 15270 0.10062835365533829
INFO: 15280 0.08084649592638016
INFO: 15290 0.06257055699825287
INFO: 15300 0.0702209547162056
INFO: 15310 0.05317719280719757
INFO: 15320 0.09026310592889786
INFO: 15330 0.0573585070669651
INFO: 15340 0.05349038168787956
INFO: 15350 0.04976232722401619
INFO: 15360 0.08979200571775436
INFO: 15370 0.06339126080274582
INFO: 15380 0.06746385246515274
INFO: 15390 0.047302015125751495
INFO: 15400 0.06754229962825775
INFO: 15410 0.07050230354070663
INFO: 15420 0.05419394373893738
INFO: 15430 0.05936659500002861
INFO: 15440 0.08627550303936005
INFO: 15450 0.0648011788725853
INFO: 15460 0.07649052143096924
INFO: 15470 0.058480601757764816
INFO: 15480 0.03900264948606491
INFO: 15490 0.06540559232234955
INFO: 15500 0.13888013362884521
INFO: Checkpoint 15500 saved !
INFO: Step:15500, Valid_Dice:0.8376708026594338
INFO: 15510 0.062469542026519775
INFO: 15520 0.07394803315401077
INFO: 15530 0.07755172997713089
INFO: 15540 0.05956229194998741
INFO: 15550 0.06257475167512894
INFO: 15560 0.06375335901975632
INFO: 15570 0.057647913694381714
INFO: 15580 0.048752568662166595
INFO: 15590 0.0686187595129013
INFO: 15600 0.068169504404068
INFO: 15610 0.10378911346197128
INFO: 15620 0.11147032678127289
INFO: 15630 0.05710333213210106
INFO: 15640 0.05225373059511185
INFO: 15650 0.06351479142904282
INFO: 15660 0.062186967581510544
INFO: 15670 0.07940381020307541
INFO: 15680 0.05883791670203209
INFO: 15690 0.041455917060375214
INFO: 15700 0.05726013705134392
INFO: 15710 0.06231234222650528
INFO: 15720 0.0557439811527729
INFO: 15730 0.0775073915719986
INFO: 15740 0.0947866141796112
INFO: 15750 0.06582734733819962
INFO: 15760 0.05017050728201866
INFO: 15770 0.05312049388885498
INFO: 15780 0.06662262976169586
INFO: 15790 0.06671562790870667
INFO: 15800 0.09348271787166595
INFO: 15810 0.04478266090154648
INFO: 15820 0.06194806471467018
INFO: 15830 0.06978949904441833
INFO: 15840 0.06222262606024742
INFO: 15850 0.07288873195648193
INFO: 15860 0.110942043364048
INFO: 15870 0.05601002275943756
INFO: 15880 0.07127432525157928
INFO: 15890 0.05964232236146927
INFO: 15900 0.06409559398889542
INFO: 15910 0.055695030838251114
INFO: 15920 0.08867482841014862
INFO: 15930 0.08706403523683548
INFO: 15940 0.06449554115533829
INFO: 15950 0.07293624430894852
INFO: 15960 0.04965239763259888
INFO: 15970 0.0727924183011055
INFO: 15980 0.06003568693995476
INFO: 15990 0.07060392200946808
INFO: 16000 0.08392319828271866
INFO: Checkpoint 16000 saved !
INFO: Step:16000, Valid_Dice:0.8237927450333237
INFO: 16010 0.0595482662320137
INFO: 16020 0.06868386268615723
INFO: 16030 0.04997570812702179
INFO: 16040 0.04282769188284874
INFO: 16050 0.07618680596351624
INFO: 16060 0.05254574120044708
INFO: 16070 0.05888277664780617
INFO: 16080 0.05460567772388458
INFO: 16090 0.053779393434524536
INFO: 16100 0.05174947530031204
INFO: 16110 0.06973190605640411
INFO: 16120 0.04735567048192024
INFO: 16130 0.06056613847613335
INFO: 16140 0.054380036890506744
INFO: 16150 0.06345423310995102
INFO: 16160 0.10409897565841675
INFO: 16170 0.10327322781085968
INFO: 16180 0.057915039360523224
INFO: 16190 0.05104607716202736
INFO: 16200 0.09937600791454315
INFO: 16210 0.06726593524217606
INFO: 16220 0.08383779227733612
INFO: 16230 0.061967529356479645
INFO: 16240 0.0429748073220253
INFO: 16250 0.08291664719581604
INFO: 16260 0.05559229105710983
INFO: 16270 0.07631918787956238
INFO: 16280 0.04104301705956459
INFO: 16290 0.07474824041128159
INFO: 16300 0.04627103731036186
INFO: 16310 0.06661864370107651
INFO: 16320 0.06158868223428726
INFO: 16330 0.07977551221847534
INFO: 16340 0.06473161280155182
INFO: 16350 0.0690324679017067
INFO: 16360 0.07884731143712997
INFO: 16370 0.053101275116205215
INFO: 16380 0.08273566514253616
INFO: 16390 0.07297629117965698
INFO: 16400 0.0696973130106926
INFO: 16410 0.0672796294093132
INFO: 16420 0.09162171930074692
INFO: 16430 0.0685691311955452
INFO: 16440 0.06172600015997887
INFO: 16450 0.05404249206185341
INFO: 16460 0.1042104959487915
INFO: 16470 0.0824141874909401
INFO: 16480 0.11068811267614365
INFO: 16490 0.09356968104839325
INFO: 16500 0.05753406882286072
INFO: Checkpoint 16500 saved !
INFO: Step:16500, Valid_Dice:0.8374525712272964
INFO: 16510 0.06961845606565475
INFO: 16520 0.07084716111421585
INFO: 16530 0.07133229076862335
INFO: 16540 0.04360105097293854
INFO: 16550 0.049741026014089584
INFO: 16560 0.08833007514476776
INFO: 16570 0.06335869431495667
INFO: 16580 0.06537824869155884
INFO: 16590 0.1268552988767624
INFO: 16600 0.06304901838302612
INFO: 16610 0.10730527341365814
INFO: 16620 0.06054353713989258
INFO: 16630 0.06648250669240952
INFO: 16640 0.0657438337802887
INFO: 16650 0.0727941244840622
INFO: 16660 0.06712660193443298
INFO: 16670 0.04965218901634216
INFO: 16680 0.06475771218538284
INFO: 16690 0.06115375831723213
INFO: 16700 0.04429161921143532
INFO: 16710 0.08587711304426193
INFO: 16720 0.04813867807388306
INFO: 16730 0.06433738023042679
INFO: 16740 0.05368952453136444
INFO: 16750 0.05209076404571533
INFO: 16760 0.08778878301382065
INFO: 16770 0.05804416537284851
INFO: 16780 0.0658353865146637
INFO: 16790 0.07250203937292099
INFO: 16800 0.06065858155488968
INFO: 16810 0.089906245470047
INFO: 16820 0.13149745762348175
INFO: 16830 0.0455864854156971
INFO: 16840 0.05292370542883873
INFO: 16850 0.09555413573980331
INFO: 16860 0.06515590846538544
INFO: 16870 0.04770299792289734
INFO: 16880 0.05964355543255806
INFO: 16890 0.05536206066608429
INFO: 16900 0.07667744159698486
INFO: 16910 0.07410497218370438
INFO: 16920 0.042034704238176346
INFO: 16930 0.07283537834882736
INFO: 16940 0.053068336099386215
INFO: 16950 0.051878150552511215
INFO: 16960 0.10237966477870941
INFO: 16970 0.07408609986305237
INFO: 16980 0.05713563412427902
INFO: 16990 0.11447839438915253
INFO: 17000 0.059845294803380966
INFO: Checkpoint 17000 saved !
INFO: Step:17000, Valid_Dice:0.8370492222968092
INFO: 17010 0.055294886231422424
INFO: 17020 0.044021885842084885
INFO: 17030 0.0654449462890625
INFO: 17040 0.051904406398534775
INFO: 17050 0.07517729699611664
INFO: 17060 0.0925295501947403
INFO: 17070 0.05142998695373535
INFO: 17080 0.06737957894802094
INFO: 17090 0.10597904026508331
INFO: 17100 0.05626450106501579
INFO: 17110 0.042964689433574677
INFO: 17120 0.06631296873092651
INFO: 17130 0.03611769899725914
INFO: 17140 0.12972399592399597
INFO: 17150 0.03966290131211281
INFO: 17160 0.06706894189119339
INFO: 17170 0.06352519243955612
INFO: 17180 0.05943422392010689
INFO: 17190 0.05167363956570625
INFO: 17200 0.05349140614271164
INFO: 17210 0.0890938937664032
INFO: 17220 0.06622111797332764
INFO: 17230 0.09234535694122314
INFO: 17240 0.06159054487943649
INFO: 17250 0.06107093021273613
INFO: 17260 0.1126161515712738
INFO: 17270 0.06846199929714203
INFO: 17280 0.05525670945644379
INFO: 17290 0.047817908227443695
INFO: 17300 0.037079017609357834
INFO: 17310 0.06343765556812286
INFO: 17320 0.07780472934246063
INFO: 17330 0.07511899620294571
INFO: 17340 0.05105440691113472
INFO: 17350 0.04457457736134529
INFO: 17360 0.0976264551281929
INFO: 17370 0.06342071294784546
INFO: 17380 0.09172890335321426
INFO: 17390 0.05292481556534767
INFO: 17400 0.05089274421334267
INFO: 17410 0.08379358053207397
INFO: 17420 0.07396198809146881
INFO: 17430 0.054164912551641464
INFO: 17440 0.09227535873651505
INFO: 17450 0.07260198891162872
INFO: 17460 0.08282573521137238
INFO: 17470 0.14695903658866882
INFO: 17480 0.08441383391618729
INFO: 17490 0.056819889694452286
INFO: 17500 0.10198166221380234
INFO: Checkpoint 17500 saved !
INFO: Step:17500, Valid_Dice:0.8384261110003435
INFO: 17510 0.055221959948539734
INFO: 17520 0.05424878001213074
INFO: 17530 0.05837605148553848
INFO: 17540 0.11963905394077301
INFO: 17550 0.05902202054858208
INFO: 17560 0.06488805264234543
INFO: 17570 0.09501238912343979
INFO: 17580 0.07681652903556824
INFO: 17590 0.07777337729930878
INFO: 17600 0.07280535250902176
INFO: 17610 0.07050667703151703
INFO: 17620 0.04747672751545906
INFO: 17630 0.07663053274154663
INFO: 17640 0.05232762545347214
INFO: 17650 0.08356546610593796
INFO: 17660 0.07128673046827316
INFO: 17670 0.0654677078127861
INFO: 17680 0.047159161418676376
INFO: 17690 0.05056167021393776
INFO: 17700 0.057899389415979385
INFO: 17710 0.06657044589519501
INFO: 17720 0.07121163606643677
INFO: 17730 0.05635213479399681
INFO: 17740 0.04132989048957825
INFO: 17750 0.05982734262943268
INFO: 17760 0.073207788169384
INFO: 17770 0.06891055405139923
INFO: 17780 0.07969673722982407
INFO: 17790 0.07592469453811646
INFO: 17800 0.049948059022426605
INFO: 17810 0.07415246218442917
INFO: 17820 0.08134625852108002
INFO: 17830 0.11183757334947586
INFO: 17840 0.06637357175350189
INFO: 17850 0.07214213162660599
INFO: 17860 0.0473722442984581
INFO: 17870 0.06694009155035019
INFO: 17880 0.08610009402036667
INFO: 17890 0.06378579884767532
INFO: 17900 0.07464028149843216
INFO: 17910 0.07239267975091934
INFO: 17920 0.05446092411875725
INFO: 17930 0.05790132284164429
INFO: 17940 0.15617381036281586
INFO: 17950 0.08080215007066727
INFO: 17960 0.07132911682128906
INFO: 17970 0.08501376956701279
INFO: 17980 0.06042060628533363
INFO: 17990 0.06359678506851196
INFO: 18000 0.06161799281835556
INFO: Checkpoint 18000 saved !
INFO: Step:18000, Valid_Dice:0.8340442089506773
INFO: 18010 0.06036902591586113
INFO: 18020 0.05990152433514595
INFO: 18030 0.08435346931219101
INFO: 18040 0.059342723339796066
INFO: 18050 0.06667042523622513
INFO: 18060 0.0993548110127449
INFO: 18070 0.07837732136249542
INFO: 18080 0.06149858981370926
INFO: 18090 0.0538138784468174
INFO: 18100 0.060007911175489426
INFO: 18110 0.06441380828619003
INFO: 18120 0.07829026132822037
INFO: 18130 0.06600220501422882
INFO: 18140 0.06644145399332047
INFO: 18150 0.0694461390376091
INFO: 18160 0.05950847268104553
INFO: 18170 0.08044029027223587
INFO: 18180 0.06780295073986053
INFO: 18190 0.06456462293863297
INFO: 18200 0.062467578798532486
INFO: 18210 0.07916709035634995
INFO: 18220 0.05403098836541176
INFO: 18230 0.16192413866519928
INFO: 18240 0.06075223535299301
INFO: 18250 0.05878983065485954
INFO: 18260 0.08355307579040527
INFO: 18270 0.0720977932214737
INFO: 18280 0.05902666598558426
INFO: 18290 0.056824877858161926
INFO: 18300 0.10768131166696548
INFO: 18310 0.04038380831480026
INFO: 18320 0.07667694985866547
INFO: 18330 0.07374801486730576
INFO: 18340 0.06731357425451279
INFO: 18350 0.05983941629528999
INFO: 18360 0.06338273733854294
INFO: 18370 0.06209583580493927
INFO: 18380 0.07486915588378906
INFO: 18390 0.08314897119998932
INFO: 18400 0.049888525158166885
INFO: 18410 0.08067025244235992
INFO: 18420 0.06372441351413727
INFO: 18430 0.07172707468271255
INFO: 18440 0.0873955711722374
INFO: 18450 0.06104139983654022
INFO: 18460 0.09122578054666519
INFO: 18470 0.06274878978729248
INFO: 18480 0.06697263568639755
INFO: 18490 0.0770668312907219
INFO: 18500 0.06969007849693298
INFO: Checkpoint 18500 saved !
INFO: Step:18500, Valid_Dice:0.8375940807438804
INFO: 18510 0.08011895418167114
INFO: 18520 0.08038725703954697
INFO: 18530 0.05634600669145584
INFO: 18540 0.05215676873922348
INFO: 18550 0.06802953779697418
INFO: 18560 0.04092560335993767
INFO: 18570 0.037459053099155426
INFO: 18580 0.05199691280722618
INFO: 18590 0.052123475819826126
INFO: 18600 0.06877849996089935
INFO: 18610 0.06225433200597763
INFO: 18620 0.05958199501037598
INFO: 18630 0.042501844465732574
INFO: 18640 0.06862496584653854
INFO: 18650 0.07235688716173172
INFO: 18660 0.08470641076564789
INFO: 18670 0.08457547426223755
INFO: 18680 0.055732592940330505
INFO: 18690 0.04587932303547859
INFO: 18700 0.06405594199895859
INFO: 18710 0.10418940335512161
INFO: 18720 0.05411346256732941
INFO: 18730 0.07360304147005081
INFO: 18740 0.08494525402784348
INFO: 18750 0.05491273105144501
INFO: 18760 0.0671888217329979
INFO: 18770 0.0705084502696991
INFO: 18780 0.06936302781105042
INFO: 18790 0.03704339638352394
INFO: 18800 0.0650622770190239
INFO: 18810 0.04980933666229248
INFO: 18820 0.049897000193595886
INFO: 18830 0.09116613864898682
INFO: 18840 0.0944850817322731
INFO: 18850 0.0719606950879097
INFO: 18860 0.06361893564462662
INFO: 18870 0.04626578465104103
INFO: 18880 0.05935589596629143
INFO: 18890 0.060562629252672195
INFO: 18900 0.057213783264160156
INFO: 18910 0.054134923964738846
INFO: 18920 0.05567868798971176
INFO: 18930 0.07771988213062286
INFO: 18940 0.07198703289031982
INFO: 18950 0.06060248985886574
INFO: 18960 0.08452893048524857
INFO: 18970 0.06227890029549599
INFO: 18980 0.05555279552936554
INFO: 18990 0.08795712888240814
INFO: 19000 0.06961287558078766
INFO: Checkpoint 19000 saved !
INFO: Step:19000, Valid_Dice:0.8374823509854558
INFO: 19010 0.048080407083034515
INFO: 19020 0.04532274603843689
INFO: 19030 0.06045928969979286
INFO: 19040 0.05782393738627434
INFO: 19050 0.06190446764230728
INFO: 19060 0.06884157657623291
INFO: 19070 0.08754126727581024
INFO: 19080 0.07241988182067871
INFO: 19090 0.06055106222629547
INFO: 19100 0.062085118144750595
INFO: 19110 0.05239293351769447
INFO: 19120 0.04181237891316414
INFO: 19130 0.09350323677062988
INFO: 19140 0.061815351247787476
INFO: 19150 0.09936710447072983
INFO: 19160 0.07736507803201675
INFO: 19170 0.06440476328134537
INFO: 19180 0.06074754521250725
INFO: 19190 0.056668370962142944
INFO: 19200 0.0918620377779007
INFO: 19210 0.07038827240467072
INFO: 19220 0.06141003593802452
INFO: 19230 0.07425865530967712
INFO: 19240 0.05656962841749191
INFO: 19250 0.07347247004508972
INFO: 19260 0.0808500275015831
INFO: 19270 0.06830273568630219
INFO: 19280 0.053703248500823975
INFO: 19290 0.0666707381606102
INFO: 19300 0.07886236906051636
INFO: 19310 0.06532535701990128
INFO: 19320 0.10280773788690567
INFO: 19330 0.049113593995571136
INFO: 19340 0.04607298970222473
INFO: 19350 0.08447905629873276
INFO: 19360 0.06109515205025673
INFO: 19370 0.07025045156478882
INFO: 19380 0.05806267634034157
INFO: 19390 0.07436206191778183
INFO: 19400 0.050974179059267044
INFO: 19410 0.08846868574619293
INFO: 19420 0.07183989137411118
INFO: 19430 0.09320004284381866
INFO: 19440 0.07245343178510666
INFO: 19450 0.08405721187591553
INFO: 19460 0.07402438670396805
INFO: 19470 0.07716547697782516
INFO: 19480 0.06088980659842491
INFO: 19490 0.048711713403463364
INFO: 19500 0.060361072421073914
INFO: Checkpoint 19500 saved !
INFO: Step:19500, Valid_Dice:0.8411692428376787
INFO: 19510 0.050525691360235214
INFO: 19520 0.06509623676538467
INFO: 19530 0.05741892755031586
INFO: 19540 0.08139465004205704
INFO: 19550 0.051396965980529785
INFO: 19560 0.06281960755586624
INFO: 19570 0.0792941227555275
INFO: 19580 0.08710820227861404
INFO: 19590 0.042969267815351486
INFO: 19600 0.06571465730667114
INFO: 19610 0.0412529781460762
INFO: 19620 0.05736824870109558
INFO: 19630 0.08985476940870285
INFO: 19640 0.07485298812389374
INFO: 19650 0.05522965267300606
INFO: 19660 0.05167602375149727
INFO: 19670 0.06443765759468079
INFO: 19680 0.06125381961464882
INFO: 19690 0.058975327759981155
INFO: 19700 0.07234905660152435
INFO: 19710 0.04685407504439354
INFO: 19720 0.055567994713783264
INFO: 19730 0.06361798942089081
INFO: 19740 0.05847148969769478
INFO: 19750 0.08789698779582977
INFO: 19760 0.06101922690868378
INFO: 19770 0.059085674583911896
INFO: 19780 0.0625469833612442
INFO: 19790 0.0611480176448822
INFO: 19800 0.19758345186710358
INFO: 19810 0.05689086392521858
INFO: 19820 0.048034556210041046
INFO: 19830 0.0658370703458786
INFO: 19840 0.07137146592140198
INFO: 19850 0.07412497699260712
INFO: 19860 0.06225402653217316
INFO: 19870 0.08182971179485321
INFO: 19880 0.05083901807665825
INFO: 19890 0.05673655867576599
INFO: 19900 0.08483841270208359
INFO: 19910 0.0660567432641983
INFO: 19920 0.04207679256796837
INFO: 19930 0.068686343729496
INFO: 19940 0.0554860457777977
INFO: 19950 0.05902840569615364
INFO: 19960 0.09912769496440887
INFO: 19970 0.06539521366357803
INFO: 19980 0.05009203031659126
INFO: 19990 0.055485956370830536
INFO: 20000 0.058748241513967514
INFO: Checkpoint 20000 saved !
INFO: Step:20000, Valid_Dice:0.8312128495018772
INFO: 20010 0.072958804666996
INFO: 20020 0.06730573624372482
INFO: 20030 0.054064732044935226
INFO: 20040 0.08159375935792923
INFO: 20050 0.05606219545006752
INFO: 20060 0.08768005669116974
INFO: 20070 0.05823406204581261
INFO: 20080 0.043836355209350586
INFO: 20090 0.09014809876680374
INFO: 20100 0.0707218125462532
INFO: 20110 0.05596092343330383
INFO: 20120 0.05638614669442177
INFO: 20130 0.06826142221689224
INFO: 20140 0.04971985146403313
INFO: 20150 0.07169340550899506
INFO: 20160 0.06731230020523071
INFO: 20170 0.07160592824220657
INFO: 20180 0.06666802614927292
INFO: 20190 0.05256317928433418
INFO: 20200 0.049364879727363586
INFO: 20210 0.042890049517154694
INFO: 20220 0.08146827667951584
INFO: 20230 0.05042022839188576
INFO: 20240 0.0617978498339653
INFO: 20250 0.06787088513374329
INFO: 20260 0.07178174704313278
INFO: 20270 0.05784395709633827
INFO: 20280 0.0663129985332489
INFO: 20290 0.06150157004594803
INFO: 20300 0.08860962837934494
INFO: 20310 0.06747999042272568
INFO: 20320 0.0496266633272171
INFO: 20330 0.049470070749521255
INFO: 20340 0.07868038862943649
INFO: 20350 0.09994455426931381
INFO: 20360 0.06922268122434616
INFO: 20370 0.08755187690258026
INFO: 20380 0.06179947033524513
INFO: 20390 0.06333671510219574
INFO: 20400 0.0616484209895134
INFO: 20410 0.05876517295837402
INFO: 20420 0.07245714217424393
INFO: 20430 0.05114750191569328
INFO: 20440 0.0758863240480423
INFO: 20450 0.08540961146354675
INFO: 20460 0.12306909263134003
INFO: 20470 0.03874035179615021
INFO: 20480 0.048974357545375824
INFO: 20490 0.08426697552204132
INFO: 20500 0.05299614369869232
INFO: Checkpoint 20500 saved !
INFO: Step:20500, Valid_Dice:0.8360115972590807
INFO: 20510 0.06273402273654938
INFO: 20520 0.06248636543750763
INFO: 20530 0.0522044375538826
INFO: 20540 0.06224801018834114
INFO: 20550 0.06891509145498276
INFO: 20560 0.059456873685121536
INFO: 20570 0.1133306622505188
INFO: 20580 0.0672399252653122
INFO: 20590 0.06455545127391815
INFO: 20600 0.06794765591621399
INFO: 20610 0.07991817593574524
INFO: 20620 0.05187394842505455
INFO: 20630 0.08418769389390945
INFO: 20640 0.0856635719537735
INFO: 20650 0.04872170835733414
INFO: 20660 0.08111201226711273
INFO: 20670 0.08945702016353607
INFO: 20680 0.0731557160615921
INFO: 20690 0.05638057738542557
INFO: 20700 0.06536372750997543
INFO: 20710 0.05508606135845184
INFO: 20720 0.13729125261306763
INFO: 20730 0.04902288317680359
INFO: 20740 0.06567654013633728
INFO: 20750 0.05812453106045723
INFO: 20760 0.07390238344669342
INFO: 20770 0.06356989592313766
INFO: 20780 0.07304371148347855
INFO: 20790 0.07335752993822098
INFO: 20800 0.07960114628076553
INFO: 20810 0.10914648324251175
INFO: 20820 0.08392677456140518
INFO: 20830 0.060418836772441864
INFO: 20840 0.06526047736406326
INFO: 20850 0.07176132500171661
INFO: 20860 0.056433629244565964
INFO: 20870 0.07096655666828156
INFO: 20880 0.08357180655002594
INFO: 20890 0.07723161578178406
INFO: 20900 0.05711345374584198
INFO: 20910 0.05189213901758194
INFO: 20920 0.08585440367460251
INFO: 20930 0.05152027681469917
INFO: 20940 0.09050904214382172
INFO: 20950 0.09309494495391846
INFO: 20960 0.05923980101943016
INFO: 20970 0.06342598795890808
INFO: 20980 0.0559878908097744
INFO: 20990 0.05409558117389679
INFO: 21000 0.06055700033903122
INFO: Checkpoint 21000 saved !
INFO: Step:21000, Valid_Dice:0.8406640471357865
INFO: 21010 0.05816806107759476
INFO: 21020 0.07533539831638336
INFO: 21030 0.06911257654428482
INFO: 21040 0.051700495183467865
INFO: 21050 0.06416353583335876
INFO: 21060 0.06458815932273865
INFO: 21070 0.05515327304601669
INFO: 21080 0.0788387730717659
INFO: 21090 0.04902273416519165
INFO: 21100 0.0607207752764225
INFO: 21110 0.05651843920350075
INFO: 21120 0.08460770547389984
INFO: 21130 0.09325255453586578
INFO: 21140 0.06415528804063797
INFO: 21150 0.08205719292163849
INFO: 21160 0.05610552802681923
INFO: 21170 0.05425309017300606
INFO: 21180 0.0629601702094078
INFO: 21190 0.050316862761974335
INFO: 21200 0.07491808384656906
INFO: 21210 0.06506818532943726
INFO: 21220 0.054998766630887985
INFO: 21230 0.05650725215673447
INFO: 21240 0.07559438049793243
INFO: 21250 0.05350295454263687
INFO: 21260 0.08516064286231995
INFO: 21270 0.057130541652441025
INFO: 21280 0.07419741898775101
INFO: 21290 0.051359351724386215
INFO: 21300 0.042955223470926285
INFO: 21310 0.05853227525949478
INFO: 21320 0.044591475278139114
INFO: 21330 0.04779091104865074
INFO: 21340 0.0649251639842987
INFO: 21350 0.1214011088013649
INFO: 21360 0.06946991384029388
INFO: 21370 0.04587005078792572
INFO: 21380 0.061525408178567886
INFO: 21390 0.13325674831867218
INFO: 21400 0.06297627091407776
INFO: 21410 0.07845192402601242
INFO: 21420 0.07963398098945618
INFO: 21430 0.0664268285036087
INFO: 21440 0.06548874825239182
INFO: 21450 0.0770043432712555
INFO: 21460 0.06162136793136597
INFO: 21470 0.060671284794807434
INFO: 21480 0.04139665141701698
INFO: 21490 0.044845663011074066
INFO: 21500 0.06128043308854103
INFO: Checkpoint 21500 saved !
INFO: Step:21500, Valid_Dice:0.8313664347925689
INFO: 21510 0.07284156233072281
INFO: 21520 0.06691862642765045
INFO: 21530 0.05745092034339905
INFO: 21540 0.07341740280389786
INFO: 21550 0.07534061372280121
INFO: 21560 0.06408180296421051
INFO: 21570 0.10598403215408325
INFO: 21580 0.04317605495452881
INFO: 21590 0.059979911893606186
INFO: 21600 0.06026392802596092
INFO: 21610 0.02422000654041767
INFO: 21620 0.061350028961896896
INFO: 21630 0.07339993864297867
INFO: 21640 0.09450989961624146
INFO: 21650 0.0822906345129013
INFO: 21660 0.051002319902181625
INFO: 21670 0.06675953418016434
INFO: 21680 0.05074940249323845
INFO: 21690 0.06349457800388336
INFO: 21700 0.053209997713565826
INFO: 21710 0.06070222333073616
INFO: 21720 0.06343235820531845
INFO: 21730 0.07160565257072449
INFO: 21740 0.09314354509115219
INFO: 21750 0.13184143602848053
INFO: 21760 0.04751802608370781
INFO: 21770 0.04554712772369385
INFO: 21780 0.12966027855873108
INFO: 21790 0.08339900523424149
INFO: 21800 0.05483577400445938
INFO: 21810 0.05008769780397415
INFO: 21820 0.04914046823978424
INFO: 21830 0.06196706369519234
INFO: 21840 0.22176513075828552
INFO: 21850 0.07194758206605911
INFO: 21860 0.05140324681997299
INFO: 21870 0.08494294434785843
INFO: 21880 0.06142130121588707
INFO: 21890 0.0582205131649971
INFO: 21900 0.05992228910326958
INFO: 21910 0.049128398299217224
INFO: 21920 0.05851592868566513
INFO: 21930 0.0510994978249073
INFO: 21940 0.10536784678697586
INFO: 21950 0.08359675109386444
INFO: 21960 0.08247677981853485
INFO: 21970 0.06820110976696014
INFO: 21980 0.07919955253601074
INFO: 21990 0.07311355322599411
INFO: 22000 0.051473069936037064
INFO: Checkpoint 22000 saved !
INFO: Step:22000, Valid_Dice:0.8409340693375833
INFO: 22010 0.07444950938224792
INFO: 22020 0.03827044740319252
INFO: 22030 0.13412438333034515
INFO: 22040 0.08095946162939072
INFO: 22050 0.06075122579932213
INFO: 22060 0.05681103467941284
INFO: 22070 0.06937994062900543
INFO: 22080 0.10940580070018768
INFO: 22090 0.06617195159196854
INFO: 22100 0.05226465314626694
INFO: 22110 0.06581569463014603
INFO: 22120 0.07580631971359253
INFO: 22130 0.07592670619487762
INFO: 22140 0.05326307192444801
INFO: 22150 0.06045844778418541
INFO: 22160 0.06632561981678009
INFO: 22170 0.09799231588840485
INFO: 22180 0.07124167680740356
INFO: 22190 0.05931948870420456
INFO: 22200 0.06731607764959335
INFO: 22210 0.07031825929880142
INFO: 22220 0.05589654669165611
INFO: 22230 0.056804150342941284
INFO: 22240 0.0587928332388401
INFO: 22250 0.05352981016039848
INFO: 22260 0.06699582934379578
INFO: 22270 0.056139569729566574
INFO: 22280 0.05706317722797394
INFO: 22290 0.10302986204624176
INFO: 22300 0.06439631432294846
INFO: 22310 0.051583923399448395
INFO: 22320 0.06730542331933975
INFO: 22330 0.06679932773113251
INFO: 22340 0.06301918625831604
INFO: 22350 0.09438245743513107
INFO: 22360 0.05537958815693855
INFO: 22370 0.0681377649307251
INFO: 22380 0.07328342646360397
INFO: 22390 0.07302094995975494
INFO: 22400 0.07528144866228104
INFO: 22410 0.06512201577425003
INFO: 22420 0.05227290093898773
INFO: 22430 0.04518715292215347
INFO: 22440 0.03974597528576851
INFO: 22450 0.08431414514780045
INFO: 22460 0.07019926607608795
INFO: 22470 0.05759614706039429
INFO: 22480 0.07446715235710144
INFO: 22490 0.06422223895788193
INFO: 22500 0.049873143434524536
INFO: Checkpoint 22500 saved !
INFO: Step:22500, Valid_Dice:0.8380413461826743
INFO: 22510 0.04170580580830574
INFO: 22520 0.08179131150245667
INFO: 22530 0.06952319294214249
INFO: 22540 0.07745812088251114
INFO: 22550 0.050037235021591187
INFO: 22560 0.06467083841562271
INFO: 22570 0.07260795682668686
INFO: 22580 0.09687808901071548
INFO: 22590 0.06112970411777496
INFO: 22600 0.05558272823691368
INFO: 22610 0.0654083639383316
INFO: 22620 0.09801371395587921
INFO: 22630 0.09685362875461578
INFO: 22640 0.09011124819517136
INFO: 22650 0.05689254775643349
INFO: 22660 0.06334657222032547
INFO: 22670 0.056722838431596756
INFO: 22680 0.04516194760799408
INFO: 22690 0.05883089452981949
INFO: 22700 0.09203920513391495
INFO: 22710 0.058335304260253906
INFO: 22720 0.05989891290664673
INFO: 22730 0.09042457491159439
INFO: 22740 0.06925506889820099
INFO: 22750 0.06619051843881607
INFO: 22760 0.051776446402072906
INFO: 22770 0.07601135224103928
INFO: 22780 0.05437583476305008
INFO: 22790 0.08355265855789185
INFO: 22800 0.0982719361782074
INFO: 22810 0.06765126436948776
INFO: 22820 0.04925145208835602
INFO: 22830 0.07512535154819489
INFO: 22840 0.0741243064403534
INFO: 22850 0.04222330451011658
INFO: 22860 0.12867622077465057
INFO: 22870 0.055478535592556
INFO: 22880 0.06042797863483429
INFO: 22890 0.05496292561292648
INFO: 22900 0.060795702040195465
INFO: 22910 0.05851416662335396
INFO: 22920 0.06316066533327103
INFO: 22930 0.10187508910894394
INFO: 22940 0.07442552596330643
INFO: 22950 0.06580435484647751
INFO: 22960 0.0490136481821537
INFO: 22970 0.07295839488506317
INFO: 22980 0.08469833433628082
INFO: 22990 0.08012903481721878
INFO: 23000 0.05305858328938484
INFO: Checkpoint 23000 saved !
INFO: Step:23000, Valid_Dice:0.8388424254116404
INFO: 23010 0.056177373975515366
INFO: 23020 0.05801556259393692
INFO: 23030 0.05680623650550842
INFO: 23040 0.05262285843491554
INFO: 23050 0.10240068286657333
INFO: 23060 0.04437186196446419
INFO: 23070 0.06954459846019745
INFO: 23080 0.052180659025907516
INFO: 23090 0.04189784452319145
INFO: 23100 0.05683485046029091
INFO: 23110 0.10152795165777206
INFO: 23120 0.07575983554124832
INFO: 23130 0.0638233870267868
INFO: 23140 0.05704653263092041
INFO: 23150 0.17154480516910553
INFO: 23160 0.09330090880393982
INFO: 23170 0.07995355874300003
INFO: 23180 0.05250905826687813
INFO: 23190 0.05380391329526901
INFO: 23200 0.04338466003537178
INFO: 23210 0.06776561588048935
INFO: 23220 0.06377846747636795
INFO: 23230 0.09965051710605621
INFO: 23240 0.03641292825341225
INFO: 23250 0.07494543492794037
INFO: 23260 0.04487152025103569
INFO: 23270 0.08135327696800232
INFO: 23280 0.049196965992450714
INFO: 23290 0.031101595610380173
INFO: 23300 0.07346170395612717
INFO: 23310 0.05249205231666565
INFO: 23320 0.06904622912406921
INFO: 23330 0.11534442007541656
INFO: 23340 0.06403318792581558
INFO: 23350 0.06335341930389404
INFO: 23360 0.04365985840559006
INFO: 23370 0.05366344749927521
INFO: 23380 0.06305012851953506
INFO: 23390 0.06088912487030029
INFO: 23400 0.04729320853948593
INFO: 23410 0.10283295810222626
INFO: 23420 0.06972164660692215
INFO: 23430 0.03632861375808716
INFO: 23440 0.05606561154127121
INFO: 23450 0.059421356767416
INFO: 23460 0.0825592428445816
INFO: 23470 0.05246215686202049
INFO: 23480 0.05347226560115814
INFO: 23490 0.08969080448150635
INFO: 23500 0.06702345609664917
INFO: Checkpoint 23500 saved !
INFO: Step:23500, Valid_Dice:0.8409168854401081
INFO: 23510 0.07548047602176666
INFO: 23520 0.1266414076089859
INFO: 23530 0.06454726308584213
INFO: 23540 0.07137995958328247
INFO: 23550 0.07325059920549393
INFO: 23560 0.06769944727420807
INFO: 23570 0.06651075184345245
INFO: 23580 0.1194876953959465
INFO: 23590 0.04901948571205139
INFO: 23600 0.05630099028348923
INFO: 23610 0.047640107572078705
INFO: 23620 0.04755778983235359
INFO: 23630 0.07789731025695801
INFO: 23640 0.05971326306462288
INFO: 23650 0.04065735638141632
INFO: 23660 0.12435109913349152
INFO: 23670 0.07215629518032074
INFO: 23680 0.07067286223173141
INFO: 23690 0.04654495790600777
INFO: 23700 0.09335485845804214
INFO: 23710 0.06964096426963806
INFO: 23720 0.062556192278862
INFO: 23730 0.07701587677001953
INFO: 23740 0.07076987624168396
INFO: 23750 0.04280715808272362
INFO: 23760 0.06863613426685333
INFO: 23770 0.08171907067298889
INFO: 23780 0.06869742274284363
INFO: 23790 0.06326275318861008
INFO: 23800 0.058076996356248856
INFO: 23810 0.046633969992399216
INFO: 23820 0.05248972773551941
INFO: 23830 0.05985370650887489
INFO: 23840 0.058359865099191666
INFO: 23850 0.12739191949367523
INFO: 23860 0.0648382306098938
INFO: 23870 0.05224741995334625
INFO: 23880 0.0707661360502243
INFO: 23890 0.070961132645607
INFO: 23900 0.06325611472129822
INFO: 23910 0.04529022052884102
INFO: 23920 0.0544714480638504
INFO: 23930 0.10757578164339066
INFO: 23940 0.043200768530368805
INFO: 23950 0.06447593122720718
INFO: 23960 0.08215529471635818
INFO: 23970 0.05983799323439598
INFO: 23980 0.061693090945482254
INFO: 23990 0.05755168944597244
INFO: 24000 0.05450053885579109
INFO: Checkpoint 24000 saved !
INFO: Step:24000, Valid_Dice:0.8406482660205423
INFO: 24010 0.04496656358242035
INFO: 24020 0.05153590068221092
INFO: 24030 0.045762065798044205
INFO: 24040 0.05091502517461777
INFO: 24050 0.04283440485596657
INFO: 24060 0.08737778663635254
INFO: 24070 0.09266618639230728
INFO: 24080 0.12197908014059067
INFO: 24090 0.11408048123121262
INFO: 24100 0.07406266033649445
INFO: 24110 0.06264812499284744
INFO: 24120 0.055843956768512726
INFO: 24130 0.05365554243326187
INFO: 24140 0.08482099324464798
INFO: 24150 0.07678993791341782
INFO: 24160 0.04918259382247925
INFO: 24170 0.2015703171491623
INFO: 24180 0.07570351660251617
INFO: 24190 0.06175747141242027
INFO: 24200 0.08675196766853333
INFO: 24210 0.057257670909166336
INFO: 24220 0.05753256753087044
INFO: 24230 0.07371381670236588
INFO: 24240 0.07343921810388565
INFO: 24250 0.06290397047996521
INFO: 24260 0.10023653507232666
INFO: 24270 0.054475415498018265
INFO: 24280 0.09221334010362625
INFO: 24290 0.06780233234167099
INFO: 24300 0.0785832554101944
INFO: 24310 0.07539151608943939
INFO: 24320 0.050022024661302567
INFO: 24330 0.054674182087183
INFO: 24340 0.056326087564229965
INFO: 24350 0.059175483882427216
INFO: 24360 0.04609813913702965
INFO: 24370 0.05067014321684837
INFO: 24380 0.07013136893510818
INFO: 24390 0.042340755462646484
INFO: 24400 0.05853042006492615
INFO: 24410 0.04332632198929787
INFO: 24420 0.060095738619565964
INFO: 24430 0.0455033965408802
INFO: 24440 0.06056702882051468
INFO: 24450 0.07351510971784592
INFO: 24460 0.07247928529977798
INFO: 24470 0.07906050980091095
INFO: 24480 0.07927726954221725
INFO: 24490 0.07406044751405716
INFO: 24500 0.06685635447502136
INFO: Checkpoint 24500 saved !
INFO: Step:24500, Valid_Dice:0.8326251773710549
INFO: 24510 0.07285920530557632
INFO: 24520 0.08835607022047043
INFO: 24530 0.08495642244815826
INFO: 24540 0.06439466774463654
INFO: 24550 0.05070353299379349
INFO: 24560 0.124726302921772
INFO: 24570 0.07265788316726685
INFO: 24580 0.06001292169094086
INFO: 24590 0.06604348868131638
INFO: 24600 0.06817485392093658
INFO: 24610 0.0675276517868042
INFO: 24620 0.08642371743917465
INFO: 24630 0.08330788463354111
INFO: 24640 0.058496568351984024
INFO: 24650 0.04775967448949814
INFO: 24660 0.045596931129693985
INFO: 24670 0.05721142515540123
INFO: 24680 0.06621938198804855
INFO: 24690 0.06773766875267029
INFO: 24700 0.04335140809416771
INFO: 24710 0.0626724362373352
INFO: 24720 0.10691862553358078
INFO: 24730 0.06951946765184402
INFO: 24740 0.06827127188444138
INFO: 24750 0.04597912356257439
INFO: 24760 0.053024858236312866
INFO: 24770 0.06498241424560547
INFO: 24780 0.05646723508834839
INFO: 24790 0.07555205374956131
INFO: 24800 0.061385612934827805
INFO: 24810 0.056714702397584915
INFO: 24820 0.08873095363378525
INFO: 24830 0.0798281878232956
INFO: 24840 0.08765251189470291
INFO: 24850 0.05711665004491806
INFO: 24860 0.07478243112564087
INFO: 24870 0.056044068187475204
INFO: 24880 0.06601257622241974
INFO: 24890 0.07118821144104004
INFO: 24900 0.059862781316041946
INFO: 24910 0.06450876593589783
INFO: 24920 0.046521879732608795
INFO: 24930 0.04595986753702164
INFO: 24940 0.055550720542669296
INFO: 24950 0.060299839824438095
INFO: 24960 0.05135117098689079
INFO: 24970 0.06297982484102249
INFO: 24980 0.05253934487700462
INFO: 24990 0.05584881454706192
INFO: 25000 0.062197502702474594
INFO: Checkpoint 25000 saved !
INFO: Step:25000, Valid_Dice:0.8381301746472858
INFO: 25010 0.07517770677804947
INFO: 25020 0.05515382066369057
INFO: 25030 0.053004246205091476
INFO: 25040 0.06434232741594315
INFO: 25050 0.05764012411236763
INFO: 25060 0.06716196984052658
INFO: 25070 0.056715838611125946
INFO: 25080 0.05535588413476944
INFO: 25090 0.05953912436962128
INFO: 25100 0.06340985000133514
INFO: 25110 0.10086369514465332
INFO: 25120 0.05171918496489525
INFO: 25130 0.07295538485050201
INFO: 25140 0.04928845912218094
INFO: 25150 0.043611351400613785
INFO: 25160 0.07661673426628113
INFO: 25170 0.05231258645653725
INFO: 25180 0.08653625845909119
INFO: 25190 0.06508786976337433
INFO: 25200 0.06860728561878204
INFO: 25210 0.04539360851049423
INFO: 25220 0.04942712560296059
INFO: 25230 0.08027525991201401
INFO: 25240 0.0723852664232254
INFO: 25250 0.05083093419671059
INFO: 25260 0.06351341307163239
INFO: 25270 0.11428350955247879
INFO: 25280 0.05807111784815788
INFO: 25290 0.04901812970638275
INFO: 25300 0.08515331149101257
INFO: 25310 0.06327565014362335
INFO: 25320 0.039302755147218704
INFO: 25330 0.05548927187919617
INFO: 25340 0.0457223579287529
INFO: 25350 0.09005072712898254
INFO: 25360 0.05561545491218567
INFO: 25370 0.05386912822723389
INFO: 25380 0.07106872648000717
INFO: 25390 0.07875369489192963
INFO: 25400 0.09416920691728592
INFO: 25410 0.07149939239025116
INFO: 25420 0.05449952930212021
INFO: 25430 0.12697862088680267
INFO: 25440 0.059979718178510666
INFO: 25450 0.06204904615879059
INFO: 25460 0.057595692574977875
INFO: 25470 0.08238575607538223
INFO: 25480 0.0494389533996582
INFO: 25490 0.058263786137104034
INFO: 25500 0.06244218721985817
INFO: Checkpoint 25500 saved !
INFO: Step:25500, Valid_Dice:0.8372628019698025
INFO: 25510 0.07996460795402527
INFO: 25520 0.04277410730719566
INFO: 25530 0.06950615346431732
INFO: 25540 0.06278520822525024
INFO: 25550 0.05676348879933357
INFO: 25560 0.04956137761473656
INFO: 25570 0.07215378433465958
INFO: 25580 0.05146415904164314
INFO: 25590 0.08069776743650436
INFO: 25600 0.04477708786725998
INFO: 25610 0.06442509591579437
INFO: 25620 0.062375523149967194
INFO: 25630 0.07879316061735153
INFO: 25640 0.09252958744764328
INFO: 25650 0.06430308520793915
INFO: 25660 0.06774836778640747
INFO: 25670 0.08571413904428482
INFO: 25680 0.05826049670577049
INFO: 25690 0.03576399013400078
INFO: 25700 0.09738638997077942
INFO: 25710 0.03670955076813698
INFO: 25720 0.07266435772180557
INFO: 25730 0.06469665467739105
INFO: 25740 0.06280983984470367
INFO: 25750 0.060490015894174576
INFO: 25760 0.06724800169467926
INFO: 25770 0.06876423954963684
INFO: 25780 0.06306052207946777
INFO: 25790 0.09720063209533691
INFO: 25800 0.04573746770620346
INFO: 25810 0.05102108046412468
INFO: 25820 0.07457294315099716
INFO: 25830 0.05947846546769142
INFO: 25840 0.11522217839956284
INFO: 25850 0.04729806259274483
INFO: 25860 0.0737759992480278
INFO: 25870 0.08681654930114746
INFO: 25880 0.07360683381557465
INFO: 25890 0.06616692990064621
INFO: 25900 0.05052261799573898
INFO: 25910 0.05998220294713974
INFO: 25920 0.04813559353351593
INFO: 25930 0.050336871296167374
INFO: 25940 0.0659141018986702
INFO: 25950 0.09935041517019272
INFO: 25960 0.07864335924386978
INFO: 25970 0.05503006651997566
INFO: 25980 0.08351441472768784
INFO: 25990 0.0567927248775959
INFO: 26000 0.06364425271749496
INFO: Checkpoint 26000 saved !
INFO: Step:26000, Valid_Dice:0.8378398120944383
INFO: 26010 0.07190735638141632
INFO: 26020 0.06573465466499329
INFO: 26030 0.06699801981449127
INFO: 26040 0.06666939705610275
INFO: 26050 0.08406795561313629
INFO: 26060 0.08713281899690628
INFO: 26070 0.07002029567956924
INFO: 26080 0.05769788846373558
INFO: 26090 0.06071290373802185
INFO: 26100 0.07343431562185287
INFO: 26110 0.05740997940301895
INFO: 26120 0.059280876070261
INFO: 26130 0.06351837515830994
INFO: 26140 0.048432838171720505
INFO: 26150 0.0596143938601017
INFO: 26160 0.07092665880918503
INFO: 26170 0.08729287981987
INFO: 26180 0.07322635501623154
INFO: 26190 0.06272588670253754
INFO: 26200 0.05237763747572899
INFO: 26210 0.06741296499967575
INFO: 26220 0.047415513545274734
INFO: 26230 0.06067429855465889
INFO: 26240 0.07002166658639908
INFO: 26250 0.06973247975111008
INFO: 26260 0.06541957706212997
INFO: 26270 0.0677170380949974
INFO: 26280 0.05826021730899811
INFO: 26290 0.0695594921708107
INFO: 26300 0.05804937705397606
INFO: 26310 0.0699295848608017
INFO: 26320 0.0791875496506691
INFO: 26330 0.084771066904068
INFO: 26340 0.06640229374170303
INFO: 26350 0.0674724206328392
INFO: 26360 0.04235554113984108
INFO: 26370 0.05713775008916855
INFO: 26380 0.058348510414361954
INFO: 26390 0.0528198778629303
INFO: 26400 0.06831791996955872
INFO: 26410 0.11244819313287735
INFO: 26420 0.06619855016469955
INFO: 26430 0.09131621569395065
INFO: 26440 0.04877207428216934
INFO: 26450 0.09258194267749786
INFO: 26460 0.06639717519283295
INFO: 26470 0.05463125556707382
INFO: 26480 0.04666116461157799
INFO: 26490 0.06005847081542015
INFO: 26500 0.07215490937232971
INFO: Checkpoint 26500 saved !
INFO: Step:26500, Valid_Dice:0.839014881069599
INFO: 26510 0.06559549272060394
INFO: 26520 0.046098493039608
INFO: 26530 0.06031125411391258
INFO: 26540 0.07303263247013092
INFO: 26550 0.06878746300935745
INFO: 26560 0.07291899621486664
INFO: 26570 0.06600997596979141
INFO: 26580 0.039404530078172684
INFO: 26590 0.06517211347818375
INFO: 26600 0.06057025119662285
INFO: 26610 0.07035726308822632
INFO: 26620 0.08170867711305618
INFO: 26630 0.0631089061498642
INFO: 26640 0.06419600546360016
INFO: 26650 0.06977687776088715
INFO: 26660 0.05340185388922691
INFO: 26670 0.0705622062087059
INFO: 26680 0.05188799276947975
INFO: 26690 0.05463222786784172
INFO: 26700 0.10185115039348602
INFO: 26710 0.07169079780578613
INFO: 26720 0.06458206474781036
INFO: 26730 0.035266730934381485
INFO: 26740 0.08490663766860962
INFO: 26750 0.03122938796877861
INFO: 26760 0.058403052389621735
INFO: 26770 0.05196656659245491
INFO: 26780 0.0505836121737957
INFO: 26790 0.050607215613126755
INFO: 26800 0.10884581506252289
INFO: 26810 0.06342857331037521
INFO: 26820 0.04999988526105881
INFO: 26830 0.039166856557130814
INFO: 26840 0.10813064128160477
INFO: 26850 0.07162024825811386
INFO: 26860 0.09075867384672165
INFO: 26870 0.07328610867261887
INFO: 26880 0.05354601889848709
INFO: 26890 0.04365137964487076
INFO: 26900 0.06571196764707565
INFO: 26910 0.08202087879180908
INFO: 26920 0.05152818560600281
INFO: 26930 0.06825605779886246
INFO: 26940 0.08367934823036194
INFO: 26950 0.061753980815410614
INFO: 26960 0.05916503816843033
INFO: 26970 0.06183203309774399
INFO: 26980 0.0687948539853096
INFO: 26990 0.07192938029766083
INFO: 27000 0.07897008210420609
INFO: Checkpoint 27000 saved !
INFO: Step:27000, Valid_Dice:0.8381336871921873
INFO: 27010 0.05865072086453438
INFO: 27020 0.05137031152844429
INFO: 27030 0.06035856902599335
INFO: 27040 0.06453905999660492
INFO: 27050 0.048676855862140656
INFO: 27060 0.055395666509866714
INFO: 27070 0.053086791187524796
INFO: 27080 0.05078039690852165
INFO: 27090 0.060351233929395676
INFO: 27100 0.07438909262418747
INFO: 27110 0.07269548624753952
INFO: 27120 0.0781935304403305
INFO: 27130 0.11807122826576233
INFO: 27140 0.06562831252813339
INFO: 27150 0.05984970182180405
INFO: 27160 0.07672805339097977
INFO: 27170 0.06353466957807541
INFO: 27180 0.04143945500254631
INFO: 27190 0.06254702806472778
INFO: 27200 0.06601473689079285
INFO: 27210 0.06688982248306274
INFO: 27220 0.08216041326522827
INFO: 27230 0.06780440360307693
INFO: 27240 0.05063363164663315
INFO: 27250 0.03717794641852379
INFO: 27260 0.06679987162351608
INFO: 27270 0.07219667732715607
INFO: 27280 0.0716046541929245
INFO: 27290 0.058195021003484726
INFO: 27300 0.0601901113986969
INFO: 27310 0.059411585330963135
INFO: 27320 0.050242483615875244
INFO: 27330 0.06676392257213593
INFO: 27340 0.06679384410381317
INFO: 27350 0.04959360137581825
INFO: 27360 0.0751395896077156
INFO: 27370 0.08626016974449158
INFO: 27380 0.058025721460580826
INFO: 27390 0.07688429951667786
INFO: 27400 0.058451537042856216
INFO: 27410 0.0932944118976593
INFO: 27420 0.061477180570364
INFO: 27430 0.047028496861457825
INFO: 27440 0.06279434263706207
INFO: 27450 0.060531970113515854
INFO: 27460 0.05185588449239731
INFO: 27470 0.053321752697229385
INFO: 27480 0.07902389764785767
INFO: 27490 0.056656189262866974
INFO: 27500 0.07946854084730148
INFO: Checkpoint 27500 saved !
INFO: Step:27500, Valid_Dice:0.839112433761078
INFO: 27510 0.054796233773231506
INFO: 27520 0.06387943029403687
INFO: 27530 0.056703440845012665
INFO: 27540 0.05571465939283371
INFO: 27550 0.11758183687925339
INFO: 27560 0.06313057243824005
INFO: 27570 0.058141522109508514
INFO: 27580 0.06421849131584167
INFO: 27590 0.07078108191490173
INFO: 27600 0.07071397453546524
INFO: 27610 0.07028068602085114
INFO: 27620 0.037245362997055054
INFO: 27630 0.07202865928411484
INFO: 27640 0.12629128992557526
INFO: 27650 0.06059987097978592
INFO: 27660 0.06088818982243538
INFO: 27670 0.04878447949886322
INFO: 27680 0.06939773261547089
INFO: 27690 0.06041610240936279
INFO: 27700 0.07385455071926117
INFO: 27710 0.046614523977041245
INFO: 27720 0.07265689969062805
INFO: 27730 0.07239691913127899
INFO: 27740 0.0717901736497879
INFO: 27750 0.06620597839355469
INFO: 27760 0.060717273503541946
INFO: 27770 0.05524161458015442
INFO: 27780 0.0600944459438324
INFO: 27790 0.05932110548019409
INFO: 27800 0.06990819424390793
INFO: 27810 0.07367687672376633
INFO: 27820 0.057119689881801605
INFO: 27830 0.04555947706103325
INFO: 27840 0.060513269156217575
INFO: 27850 0.07582627236843109
INFO: 27860 0.04876895621418953
INFO: 27870 0.059617821127176285
INFO: 27880 0.07563980668783188
INFO: 27890 0.0845855250954628
INFO: 27900 0.04595242440700531
INFO: 27910 0.05739666894078255
INFO: 27920 0.06276711076498032
INFO: 27930 0.04438770189881325
INFO: 27940 0.04089357703924179
INFO: 27950 0.07415039092302322
INFO: 27960 0.0852300301194191
INFO: 27970 0.05768454447388649
INFO: 27980 0.10184445977210999
INFO: 27990 0.08534416556358337
INFO: 28000 0.06568954139947891
INFO: Checkpoint 28000 saved !
INFO: Step:28000, Valid_Dice:0.8297075218605909
INFO: 28010 0.06304991990327835
INFO: 28020 0.061201855540275574
INFO: 28030 0.05512312054634094
INFO: 28040 0.0494597963988781
INFO: 28050 0.05552523955702782
INFO: 28060 0.06776510924100876
INFO: 28070 0.09745477139949799
INFO: 28080 0.08025074005126953
INFO: 28090 0.05278348550200462
INFO: 28100 0.06953147798776627
INFO: 28110 0.06653514504432678
INFO: 28120 0.053459204733371735
INFO: 28130 0.08129280060529709
INFO: 28140 0.05092715471982956
INFO: 28150 0.03809509798884392
INFO: 28160 0.06231201812624931
INFO: 28170 0.03981561213731766
INFO: 28180 0.0769684836268425
INFO: 28190 0.07884760946035385
INFO: 28200 0.07400845736265182
INFO: 28210 0.0562480166554451
INFO: 28220 0.11488351970911026
INFO: 28230 0.07288984954357147
INFO: 28240 0.05666051805019379
INFO: 28250 0.06855497509241104
INFO: 28260 0.07716407626867294
INFO: 28270 0.06624110788106918
INFO: 28280 0.07841742038726807
INFO: 28290 0.06508547067642212
INFO: 28300 0.06802766770124435
INFO: 28310 0.07091810554265976
INFO: 28320 0.05974218621850014
INFO: 28330 0.0446823351085186
INFO: 28340 0.06855770200490952
INFO: 28350 0.10026847571134567
INFO: 28360 0.07362855225801468
INFO: 28370 0.08565852046012878
INFO: 28380 0.0590830035507679
INFO: 28390 0.0737779289484024
INFO: 28400 0.05756793171167374
INFO: 28410 0.04812673479318619
INFO: 28420 0.06121523305773735
INFO: 28430 0.058052368462085724
INFO: 28440 0.06287139654159546
INFO: 28450 0.051811035722494125
INFO: 28460 0.06712355464696884
INFO: 28470 0.04070010408759117
INFO: 28480 0.09125787019729614
INFO: 28490 0.06401681900024414
INFO: 28500 0.06035241857171059
INFO: Checkpoint 28500 saved !
INFO: Step:28500, Valid_Dice:0.8389700160851572
INFO: 28510 0.05447009205818176
INFO: 28520 0.10631750524044037
INFO: 28530 0.06533867120742798
INFO: 28540 0.05264683812856674
INFO: 28550 0.05933232977986336
INFO: 28560 0.05268330127000809
INFO: 28570 0.05493272840976715
INFO: 28580 0.07789736241102219
INFO: 28590 0.06231550872325897
INFO: 28600 0.058105725795030594
INFO: 28610 0.04576365649700165
INFO: 28620 0.05660601705312729
INFO: 28630 0.07016671448945999
INFO: 28640 0.05328875035047531
INFO: 28650 0.07375244051218033
INFO: 28660 0.06115908920764923
INFO: 28670 0.05502161756157875
INFO: 28680 0.05945870280265808
INFO: 28690 0.0741463303565979
INFO: 28700 0.050118591636419296
INFO: 28710 0.04604603350162506
INFO: 28720 0.061124615371227264
INFO: 28730 0.058723460882902145
INFO: 28740 0.06229386106133461
INFO: 28750 0.10629431158304214
INFO: 28760 0.05864967033267021
INFO: 28770 0.058798205107450485
INFO: 28780 0.06857053935527802
INFO: 28790 0.06378811597824097
INFO: 28800 0.10505593568086624
INFO: 28810 0.04836471006274223
INFO: 28820 0.0768001601099968
INFO: 28830 0.10672201961278915
INFO: 28840 0.05706029757857323
INFO: 28850 0.053652629256248474
INFO: 28860 0.04346753656864166
INFO: 28870 0.04828276485204697
INFO: 28880 0.07283203303813934
INFO: 28890 0.07901284098625183
INFO: 28900 0.04880647733807564
INFO: 28910 0.054299261420965195
INFO: 28920 0.05188930779695511
INFO: 28930 0.08792433887720108
INFO: 28940 0.0510941818356514
INFO: 28950 0.06850994378328323
INFO: 28960 0.06047239899635315
INFO: 28970 0.07100216299295425
INFO: 28980 0.04775124043226242
INFO: 28990 0.05194404721260071
INFO: 29000 0.07029858231544495
INFO: Checkpoint 29000 saved !
INFO: Step:29000, Valid_Dice:0.8410295724320538
INFO: 29010 0.0880911648273468
INFO: 29020 0.04727020114660263
INFO: 29030 0.06798186898231506
INFO: 29040 0.06543942540884018
INFO: 29050 0.07519185543060303
INFO: 29060 0.0547371581196785
INFO: 29070 0.04765312001109123
INFO: 29080 0.07730930298566818
INFO: 29090 0.06482087820768356
INFO: 29100 0.042913395911455154
INFO: 29110 0.03700004890561104
INFO: 29120 0.05323713272809982
INFO: 29130 0.07656765729188919
INFO: 29140 0.0515538714826107
INFO: 29150 0.13941702246665955
INFO: 29160 0.05998610705137253
INFO: 29170 0.0513414666056633
INFO: 29180 0.055032506585121155
INFO: 29190 0.06820281594991684
INFO: 29200 0.0567605085670948
INFO: 29210 0.060752857476472855
INFO: 29220 0.07189787924289703
INFO: 29230 0.06013870984315872
INFO: 29240 0.0493115596473217
INFO: 29250 0.06873412430286407
INFO: 29260 0.05880778655409813
INFO: 29270 0.09643986821174622
INFO: 29280 0.053899046033620834
INFO: 29290 0.06499918550252914
INFO: 29300 0.0770203024148941
INFO: 29310 0.07373256981372833
INFO: 29320 0.05822087451815605
INFO: 29330 0.048754796385765076
INFO: 29340 0.042055778205394745
INFO: 29350 0.06470143795013428
INFO: 29360 0.059136901050806046
INFO: 29370 0.05021175369620323
INFO: 29380 0.05620511621236801
INFO: 29390 0.065533347427845
INFO: 29400 0.08822686970233917
INFO: 29410 0.07624770700931549
INFO: 29420 0.07111454755067825
INFO: 29430 0.04065103456377983
INFO: 29440 0.048141028732061386
INFO: 29450 0.06735432893037796
INFO: 29460 0.0807449221611023
INFO: 29470 0.07000232487916946
INFO: 29480 0.09461268037557602
INFO: 29490 0.08687029778957367
INFO: 29500 0.04631785303354263
INFO: Checkpoint 29500 saved !
INFO: Step:29500, Valid_Dice:0.8424239273269875
INFO: 29510 0.03712643310427666
INFO: 29520 0.05352415144443512
INFO: 29530 0.05983522906899452
INFO: 29540 0.1336820125579834
INFO: 29550 0.07331427931785583
INFO: 29560 0.07100966572761536
INFO: 29570 0.0709713026881218
INFO: 29580 0.05412319302558899
INFO: 29590 0.07929955422878265
INFO: 29600 0.04704416170716286
INFO: 29610 0.09046120941638947
INFO: 29620 0.07355348765850067
INFO: 29630 0.12435244023799896
INFO: 29640 0.056357838213443756
INFO: 29650 0.06794194877147675
INFO: 29660 0.06333506852388382
INFO: 29670 0.0609234981238842
INFO: 29680 0.055148378014564514
INFO: 29690 0.07722563296556473
INFO: 29700 0.0496763177216053
INFO: 29710 0.04662201553583145
INFO: 29720 0.05138522386550903
INFO: 29730 0.11272263526916504
INFO: 29740 0.05226685851812363
INFO: 29750 0.10868151485919952
INFO: 29760 0.062096551060676575
INFO: 29770 0.07623189687728882
INFO: 29780 0.062353700399398804
INFO: 29790 0.0917111486196518
INFO: 29800 0.06191694363951683
INFO: 29810 0.07132172584533691
INFO: 29820 0.0909065455198288
INFO: 29830 0.04949680715799332
INFO: 29840 0.0573919303715229
INFO: 29850 0.06858375668525696
INFO: 29860 0.07075012475252151
INFO: 29870 0.07932677865028381
INFO: 29880 0.051009368151426315
INFO: 29890 0.05448316037654877
INFO: 29900 0.040993671864271164
INFO: 29910 0.07950590550899506
INFO: 29920 0.06371420621871948
INFO: 29930 0.07435353100299835
INFO: 29940 0.06398796290159225
INFO: 29950 0.05573692545294762
INFO: 29960 0.06552647799253464
INFO: 29970 0.044345442205667496
INFO: 29980 0.06543666124343872
INFO: 29990 0.0453387051820755
INFO: 30000 0.04130832478404045
INFO: Checkpoint 30000 saved !
INFO: Step:30000, Valid_Dice:0.8391716355606805
INFO: 30010 0.0848434790968895
INFO: 30020 0.06293502449989319
INFO: 30030 0.06230838596820831
INFO: 30040 0.061565447598695755
INFO: 30050 0.06437083333730698
INFO: 30060 0.06466923654079437
INFO: 30070 0.06067565456032753
INFO: 30080 0.08427174389362335
INFO: 30090 0.07220681011676788
INFO: 30100 0.03496521711349487
INFO: 30110 0.042800016701221466
INFO: 30120 0.06543387472629547
INFO: 30130 0.054863978177309036
INFO: 30140 0.05545950308442116
INFO: 30150 0.04046827554702759
INFO: 30160 0.061196692287921906
INFO: 30170 0.06223216652870178
INFO: 30180 0.05075259134173393
INFO: 30190 0.0631808340549469
INFO: 30200 0.061900120228528976
INFO: 30210 0.06080746278166771
INFO: 30220 0.047209229320287704
INFO: 30230 0.06777722388505936
INFO: 30240 0.05971922725439072
INFO: 30250 0.07433747500181198
INFO: 30260 0.06552611291408539
INFO: 30270 0.0563647598028183
INFO: 30280 0.06338027119636536
INFO: 30290 0.061816681176424026
INFO: 30300 0.07343564927577972
INFO: 30310 0.05676945671439171
INFO: 30320 0.0926566869020462
INFO: 30330 0.053576476871967316
INFO: 30340 0.048037927597761154
INFO: 30350 0.06727288663387299
INFO: 30360 0.06261690706014633
INFO: 30370 0.06045576184988022
INFO: 30380 0.10991723835468292
INFO: 30390 0.054414112120866776
INFO: 30400 0.06499534845352173
INFO: 30410 0.05688861757516861
INFO: 30420 0.05995572358369827
INFO: 30430 0.0956353098154068
INFO: 30440 0.0615365244448185
INFO: 30450 0.06471487134695053
INFO: 30460 0.061433546245098114
INFO: 30470 0.07654829323291779
INFO: 30480 0.04674394056200981
INFO: 30490 0.07818977534770966
INFO: 30500 0.05620817095041275
INFO: Checkpoint 30500 saved !
INFO: Step:30500, Valid_Dice:0.8424981013246102
INFO: 30510 0.06140473484992981
INFO: 30520 0.05874040350317955
INFO: 30530 0.0452117957174778
INFO: 30540 0.04857850819826126
INFO: 30550 0.11609672755002975
INFO: 30560 0.04692693427205086
INFO: 30570 0.06404448300600052
INFO: 30580 0.05973730981349945
INFO: 30590 0.08108565956354141
INFO: 30600 0.09991676360368729
INFO: 30610 0.08438733220100403
INFO: 30620 0.06404952704906464
INFO: 30630 0.057294391095638275
INFO: 30640 0.07548127323389053
INFO: 30650 0.05879107490181923
INFO: 30660 0.053754761815071106
INFO: 30670 0.09726285189390182
INFO: 30680 0.06733166426420212
INFO: 30690 0.05458572879433632
INFO: 30700 0.03655245900154114
INFO: 30710 0.04885390028357506
INFO: 30720 0.054350126534700394
INFO: 30730 0.06130678579211235
INFO: 30740 0.058541785925626755
INFO: 30750 0.06008473411202431
INFO: 30760 0.09668346494436264
INFO: 30770 0.06153843551874161
INFO: 30780 0.060822974890470505
INFO: 30790 0.05076952278614044
INFO: 30800 0.06130656599998474
INFO: 30810 0.05762966349720955
INFO: 30820 0.05791180580854416
INFO: 30830 0.08901843428611755
INFO: 30840 0.06915663927793503
INFO: 30850 0.07160419970750809
INFO: 30860 0.05148942768573761
INFO: 30870 0.044996246695518494
INFO: 30880 0.05743905529379845
INFO: 30890 0.06460674107074738
INFO: 30900 0.04738881066441536
INFO: 30910 0.06503192335367203
INFO: 30920 0.05219956114888191
INFO: 30930 0.04709431156516075
INFO: 30940 0.05675527825951576
INFO: 30950 0.09532827138900757
INFO: 30960 0.0520450733602047
INFO: 30970 0.07991849631071091
INFO: 30980 0.06269910931587219
INFO: 30990 0.05303172767162323
INFO: 31000 0.06312619894742966
INFO: Checkpoint 31000 saved !
INFO: Step:31000, Valid_Dice:0.8411018181865387
INFO: 31010 0.05677320435643196
INFO: 31020 0.06663408875465393
INFO: 31030 0.07320750504732132
INFO: 31040 0.05479728430509567
INFO: 31050 0.0992119312286377
INFO: 31060 0.05825246497988701
INFO: 31070 0.06366613507270813
INFO: 31080 0.06333798170089722
INFO: 31090 0.046494677662849426
INFO: 31100 0.043181758373975754
INFO: 31110 0.06264597922563553
INFO: 31120 0.08969397097826004
INFO: 31130 0.05529618635773659
INFO: 31140 0.054996587336063385
INFO: 31150 0.05919636785984039
INFO: 31160 0.05207030102610588
INFO: 31170 0.0463336817920208
INFO: 31180 0.057862162590026855
INFO: 31190 0.0577816478908062
INFO: 31200 0.05588962510228157
INFO: 31210 0.07200152426958084
INFO: 31220 0.03628893941640854
INFO: 31230 0.05269208922982216
INFO: 31240 0.05609940364956856
INFO: 31250 0.0679590255022049
INFO: 31260 0.05059150606393814
INFO: 31270 0.05572672560811043
INFO: 31280 0.0880986750125885
INFO: 31290 0.05280119553208351
INFO: 31300 0.06098528951406479
INFO: 31310 0.06561683863401413
INFO: 31320 0.04618309810757637
INFO: 31330 0.06675398349761963
INFO: 31340 0.06628473103046417
INFO: 31350 0.05497398599982262
INFO: 31360 0.059060584753751755
INFO: 31370 0.0532471127808094
INFO: 31380 0.09343370050191879
INFO: 31390 0.060769401490688324
INFO: 31400 0.05138378217816353
INFO: 31410 0.0704672634601593
INFO: 31420 0.05838671699166298
INFO: 31430 0.06065216660499573
INFO: 31440 0.07297336310148239
INFO: 31450 0.06255747377872467
INFO: 31460 0.03847122937440872
INFO: 31470 0.0504588820040226
INFO: 31480 0.09196951985359192
INFO: 31490 0.05109722167253494
INFO: 31500 0.06264426559209824
INFO: Checkpoint 31500 saved !
INFO: Step:31500, Valid_Dice:0.8409914983020176
INFO: 31510 0.051589783281087875
INFO: 31520 0.05785607174038887
INFO: 31530 0.05198118835687637
INFO: 31540 0.08685369789600372
INFO: 31550 0.050863660871982574
INFO: 31560 0.08570297807455063
INFO: 31570 0.06234637275338173
INFO: 31580 0.060699157416820526
INFO: 31590 0.07365742325782776
INFO: 31600 0.048435986042022705
INFO: 31610 0.09482020139694214
INFO: 31620 0.046554625034332275
INFO: 31630 0.040382567793130875
INFO: 31640 0.04760172218084335
INFO: 31650 0.06675893813371658
INFO: 31660 0.058766357600688934
INFO: 31670 0.07434060424566269
INFO: 31680 0.0570865124464035
INFO: 31690 0.07548318058252335
INFO: 31700 0.046692200005054474
INFO: 31710 0.07588209211826324
INFO: 31720 0.04949479177594185
INFO: 31730 0.06583380699157715
INFO: 31740 0.07520006597042084
INFO: 31750 0.04638891667127609
INFO: 31760 0.038608118891716
INFO: 31770 0.05007145181298256
INFO: 31780 0.04713723808526993
INFO: 31790 0.06266363710165024
INFO: 31800 0.05778095871210098
INFO: 31810 0.05654045566916466
INFO: 31820 0.056910883635282516
INFO: 31830 0.0640859603881836
INFO: 31840 0.08014541864395142
INFO: 31850 0.057821568101644516
INFO: 31860 0.08272439241409302
INFO: 31870 0.06208816543221474
INFO: 31880 0.041647057980298996
INFO: 31890 0.058944135904312134
INFO: 31900 0.059334948658943176
INFO: 31910 0.050889965146780014
INFO: 31920 0.04781043156981468
INFO: 31930 0.04553966596722603
INFO: 31940 0.052097149193286896
INFO: 31950 0.05696840211749077
INFO: 31960 0.048868708312511444
INFO: 31970 0.056421998888254166
INFO: 31980 0.09819179773330688
INFO: 31990 0.07294915616512299
INFO: 32000 0.05558675527572632
INFO: Checkpoint 32000 saved !
INFO: Step:32000, Valid_Dice:0.8352747269280254
